# AssetId: 3DBread005
# Name: 3D Bread 005
# Author: ambientCG
# Tags: 3d,5,bagel,bread
mtllib 3DBread005_SQ-1K-PNG.mtl
usemtl 3DBread005_SQ-1K-PNG
o 3DBread005_SQ-1K-PNG
v -0.045206 0.010256 -0.046373
v -0.046812 0.006719 -0.042561
v -0.048072 0.009313 -0.042452
v -0.048692 0.005235 -0.038288
v -0.043625 0.003298 -0.042609
v -0.046106 0.002437 -0.037046
v -0.043121 0.002501 -0.041302
v -0.051195 0.008516 -0.039249
v -0.048437 0.012197 -0.043528
v -0.046122 0.013902 -0.044982
v -0.050256 0.014937 -0.041054
v -0.052098 0.010822 -0.038014
v -0.053515 0.015094 -0.037594
v -0.054042 0.012438 -0.035810
v -0.047779 0.018453 -0.043085
v -0.050303 0.017991 -0.040860
v -0.045239 0.019106 -0.045914
v -0.043563 0.014811 -0.047830
v -0.048241 0.020532 -0.041770
v -0.052165 0.005336 -0.032275
v -0.049160 0.002199 -0.031172
v -0.052740 0.003747 -0.029971
v -0.052319 0.007334 -0.035439
v -0.055265 0.006695 -0.030304
v -0.045552 0.001634 -0.032742
v -0.040473 0.001345 -0.029335
v -0.048312 0.001453 -0.026168
v -0.054858 0.010500 -0.034885
v -0.056228 0.014050 -0.033322
v -0.055087 0.018548 -0.035304
v -0.057847 0.018012 -0.030733
v -0.058430 0.011807 -0.029841
v -0.057407 0.022405 -0.029634
v -0.053660 0.024403 -0.034761
v -0.033240 0.001936 -0.042368
v -0.035646 0.001463 -0.040362
v -0.041464 0.001769 -0.038639
v -0.037385 0.002506 -0.045107
v -0.034413 0.003686 -0.048073
v -0.031327 0.001884 -0.045212
v -0.030513 0.001451 -0.038741
v -0.036158 0.001580 -0.036414
v -0.042731 0.007146 -0.046164
v -0.038611 0.004672 -0.046604
v -0.028370 0.002724 -0.049178
v -0.038770 0.002383 -0.037000
v -0.042015 0.001662 -0.033454
v -0.037842 0.001440 -0.033319
v -0.034813 0.001646 -0.031384
v -0.033445 0.001369 -0.033855
v -0.031634 0.001755 -0.030593
v -0.029915 0.002206 -0.035643
v -0.033465 0.001983 -0.027357
v -0.029627 0.001744 -0.027702
v -0.039630 0.008588 -0.049459
v -0.037656 0.006889 -0.049559
v -0.031684 0.006848 -0.052848
v -0.035690 0.011886 -0.052878
v -0.038273 0.013747 -0.051996
v -0.032749 0.011750 -0.054618
v -0.029795 0.009382 -0.055217
v -0.038124 0.017744 -0.052474
v -0.040787 0.013426 -0.050599
v -0.043026 0.017238 -0.048809
v -0.032364 0.017945 -0.056216
v -0.034913 0.015649 -0.054706
v -0.029204 0.014495 -0.057539
v -0.026528 0.011518 -0.057094
v -0.025717 0.007491 -0.054763
v -0.026057 0.004524 -0.051505
v -0.020698 0.003772 -0.052644
v -0.021048 0.002007 -0.048812
v -0.023928 0.003140 -0.050385
v -0.021742 0.005404 -0.053667
v -0.016448 0.002607 -0.052197
v -0.017490 0.002073 -0.046258
v -0.018292 0.007296 -0.056232
v -0.014229 0.006221 -0.057027
v -0.011556 0.003887 -0.055120
v -0.024564 0.001817 -0.045874
v -0.026600 0.016087 -0.058084
v -0.023110 0.013690 -0.058797
v -0.019416 0.011923 -0.059377
v -0.020197 0.015989 -0.060172
v -0.015304 0.012613 -0.061030
v -0.016284 0.008543 -0.058301
v -0.022770 0.018311 -0.059212
v -0.006677 0.009630 -0.061093
v -0.008773 0.005115 -0.057161
v -0.011607 0.008696 -0.059527
v -0.011441 0.006325 -0.059272
v -0.003749 0.007405 -0.059805
v -0.004609 0.004474 -0.056888
v -0.010846 0.017055 -0.062036
v -0.008856 0.012397 -0.062006
v -0.014959 0.014841 -0.061234
v -0.013258 0.011331 -0.060249
v -0.000355 0.005165 -0.057925
v -0.004082 0.013944 -0.062643
v 0.000304 0.011799 -0.062075
v -0.012249 0.002321 -0.052388
v -0.007576 0.002155 -0.052609
v -0.003934 0.002226 -0.053174
v -0.013006 0.001927 -0.049273
v -0.008148 0.002207 -0.049194
v -0.001235 0.003216 -0.056013
v -0.001187 0.002284 -0.049146
v -0.026076 0.001779 -0.041220
v -0.028785 0.001596 -0.043589
v -0.025441 0.002090 -0.038585
v -0.016881 0.001877 -0.043686
v -0.016162 0.002203 -0.041791
v -0.021469 0.002150 -0.042494
v -0.020778 0.002239 -0.038860
v -0.022071 0.002069 -0.036508
v -0.017301 0.002325 -0.036466
v -0.015040 0.002167 -0.038862
v -0.027255 0.002566 -0.034562
v -0.025590 0.002066 -0.030636
v -0.028957 0.001933 -0.032011
v -0.023994 0.002067 -0.034502
v -0.026101 0.001685 -0.028994
v -0.021102 0.002445 -0.033911
v -0.020360 0.001791 -0.031528
v -0.017653 0.001763 -0.033675
v -0.015572 0.002387 -0.032662
v -0.021481 0.001858 -0.028737
v -0.018337 0.001519 -0.028207
v -0.014149 0.001618 -0.029317
v -0.023262 0.001304 -0.026617
v -0.010061 0.002143 -0.045516
v -0.004883 0.002491 -0.046676
v -0.010974 0.002580 -0.043512
v -0.008408 0.002611 -0.041027
v -0.011802 0.002475 -0.038980
v -0.005071 0.002546 -0.043598
v -0.005763 0.002694 -0.039055
v -0.008648 0.003491 -0.039202
v -0.009280 0.002430 -0.036332
v -0.001243 0.002751 -0.040685
v -0.012303 0.002016 -0.032888
v -0.007897 0.002126 -0.034150
v -0.009268 0.001700 -0.030952
v -0.005294 0.001607 -0.030484
v -0.005965 0.000941 -0.026312
v -0.010471 0.000964 -0.027475
v -0.002422 0.002212 -0.034166
v -0.000594 0.001690 -0.028170
v -0.049203 0.024188 -0.040648
v -0.047401 0.021804 -0.043094
v -0.051214 0.021910 -0.038976
v -0.049551 0.028380 -0.034533
v -0.047721 0.026542 -0.040409
v -0.050890 0.025920 -0.036374
v -0.055272 0.024919 -0.030875
v -0.053359 0.026478 -0.031914
v -0.048792 0.024387 -0.042651
v -0.046228 0.024002 -0.043754
v -0.043691 0.027350 -0.043408
v -0.041221 0.025991 -0.046896
v -0.037948 0.022636 -0.050739
v -0.037461 0.025484 -0.049664
v -0.046253 0.031480 -0.034070
v -0.046484 0.029436 -0.036477
v -0.049917 0.030078 -0.035384
v -0.050990 0.030616 -0.033630
v -0.051517 0.029227 -0.031507
v -0.046102 0.033218 -0.032336
v -0.043651 0.030985 -0.038134
v -0.045055 0.030635 -0.037025
v -0.045102 0.031520 -0.032769
v -0.041363 0.031478 -0.035478
v -0.044808 0.032531 -0.035075
v -0.046200 0.030969 -0.037108
v -0.040452 0.031397 -0.040850
v -0.037853 0.030032 -0.044670
v -0.042593 0.030898 -0.040618
v -0.038132 0.032984 -0.037053
v -0.042129 0.032084 -0.038312
v -0.040974 0.032903 -0.036628
v -0.039174 0.032869 -0.034533
v -0.040418 0.032712 -0.032459
v -0.042503 0.032140 -0.033364
v -0.033311 0.024087 -0.053230
v -0.034136 0.027205 -0.050800
v -0.035166 0.020108 -0.054055
v -0.030196 0.023439 -0.055208
v -0.026591 0.029152 -0.051437
v -0.028658 0.029996 -0.049991
v -0.032211 0.030913 -0.047688
v -0.024148 0.022248 -0.058582
v -0.027546 0.019847 -0.057759
v -0.025117 0.023770 -0.057487
v -0.018865 0.024478 -0.058245
v -0.020539 0.022875 -0.059006
v -0.024133 0.025700 -0.055811
v -0.026404 0.025392 -0.054647
v -0.024025 0.027966 -0.053541
v -0.024334 0.024990 -0.054519
v -0.021290 0.026378 -0.055974
v -0.021142 0.027760 -0.054963
v -0.022063 0.030096 -0.052772
v -0.023000 0.032998 -0.048737
v -0.021445 0.032406 -0.050660
v -0.033306 0.033212 -0.042261
v -0.028524 0.033931 -0.041959
v -0.028204 0.032589 -0.045821
v -0.025812 0.034263 -0.042685
v -0.026122 0.033274 -0.046507
v -0.026256 0.034845 -0.044515
v -0.023578 0.033825 -0.045052
v -0.017077 0.020282 -0.060125
v -0.018104 0.021838 -0.058839
v -0.012926 0.024832 -0.059703
v -0.016314 0.027359 -0.057755
v -0.018927 0.030073 -0.054193
v -0.016751 0.032655 -0.052067
v -0.013338 0.029515 -0.056865
v -0.012631 0.032142 -0.053828
v -0.013118 0.034631 -0.048403
v -0.010809 0.033023 -0.051169
v -0.006631 0.026314 -0.060175
v -0.008410 0.021423 -0.061901
v -0.008400 0.030218 -0.056730
v -0.002153 0.021579 -0.061767
v -0.001117 0.016642 -0.062940
v -0.004808 0.018586 -0.062522
v -0.004780 0.024550 -0.060707
v -0.004665 0.030850 -0.057110
v -0.004077 0.027862 -0.059566
v -0.005338 0.031841 -0.055229
v -0.006857 0.031733 -0.056311
v -0.007899 0.032806 -0.054109
v -0.002860 0.033238 -0.052867
v -0.010360 0.031336 -0.055142
v -0.008363 0.034211 -0.049993
v -0.004496 0.034889 -0.047820
v -0.000169 0.030649 -0.056720
v -0.001054 0.031074 -0.057835
v -0.003175 0.029482 -0.058310
v 0.000241 0.032625 -0.054174
v -0.000932 0.033972 -0.050810
v -0.008901 0.035212 -0.046694
v -0.008101 0.035834 -0.042333
v -0.008075 0.036491 -0.044102
v -0.010718 0.036407 -0.041336
v -0.004396 0.035593 -0.045331
v -0.006843 0.035707 -0.045009
v -0.004980 0.035594 -0.042176
v -0.005631 0.037195 -0.043563
v -0.000967 0.035157 -0.045261
v -0.002161 0.035282 -0.046599
v -0.002106 0.036083 -0.043623
v -0.001593 0.035609 -0.042074
v -0.002317 0.034912 -0.039689
v -0.000715 0.036571 -0.040155
v -0.006031 0.035287 -0.038885
v -0.005167 0.036176 -0.037574
v -0.005166 0.034152 -0.036479
v -0.001194 0.033560 -0.038004
v -0.001338 0.033664 -0.036111
v -0.001306 0.032785 -0.032705
v -0.003918 0.033050 -0.033978
v -0.003330 0.034254 -0.034089
v -0.002484 0.032685 -0.031692
v -0.061462 0.010426 -0.021255
v -0.060099 0.010633 -0.025772
v -0.058049 0.007684 -0.026111
v -0.060459 0.012634 -0.026299
v -0.062099 0.015546 -0.021143
v -0.056501 0.004237 -0.024234
v -0.058060 0.003294 -0.019623
v -0.052879 0.001581 -0.022574
v -0.054187 0.001573 -0.017015
v -0.057555 0.002171 -0.012901
v -0.060250 0.004653 -0.014078
v -0.054829 0.001405 -0.013329
v -0.060900 0.007000 -0.019436
v -0.057619 0.002081 -0.008329
v -0.049887 0.001031 -0.020420
v -0.046386 0.001228 -0.021822
v -0.047519 0.001238 -0.015038
v -0.051157 0.001003 -0.015103
v -0.052829 0.001502 -0.014896
v -0.046092 0.000935 -0.018210
v -0.041932 0.001090 -0.024566
v -0.043272 0.001660 -0.026793
v -0.040581 0.001177 -0.018084
v -0.038896 0.001592 -0.023860
v -0.039430 0.001211 -0.021337
v -0.037292 0.001410 -0.026294
v -0.042789 0.001240 -0.016702
v -0.037253 0.001465 -0.018474
v -0.048343 0.001048 -0.011579
v -0.051914 0.000801 -0.010853
v -0.050186 0.000630 -0.007601
v -0.044402 0.001210 -0.010430
v -0.046877 0.001682 -0.009472
v -0.040940 0.001263 -0.013136
v -0.039486 0.000949 -0.009360
v -0.060271 0.020856 -0.025155
v -0.059304 0.020181 -0.026362
v -0.060066 0.016452 -0.027280
v -0.060277 0.021101 -0.022915
v -0.062411 0.020112 -0.018459
v -0.061341 0.022667 -0.018830
v -0.057454 0.024494 -0.025907
v -0.054663 0.028740 -0.025519
v -0.055663 0.029922 -0.018328
v -0.058813 0.025274 -0.021404
v -0.059714 0.026380 -0.016255
v -0.051263 0.031472 -0.023793
v -0.052861 0.029290 -0.028700
v -0.057119 0.030293 -0.013067
v -0.050614 0.031757 -0.028705
v -0.049866 0.030471 -0.029961
v -0.052847 0.030294 -0.026748
v -0.048777 0.031650 -0.027438
v -0.051850 0.032228 -0.020431
v -0.051657 0.032919 -0.023387
v -0.049099 0.033691 -0.021724
v -0.046825 0.031961 -0.029088
v -0.047024 0.032909 -0.025042
v -0.046485 0.032762 -0.027556
v -0.047147 0.033223 -0.022180
v -0.042905 0.033451 -0.027142
v -0.042779 0.032861 -0.029971
v -0.045587 0.034524 -0.024103
v -0.042626 0.034070 -0.024776
v -0.039856 0.033203 -0.029699
v -0.039605 0.033761 -0.026216
v -0.043547 0.033699 -0.021243
v -0.035288 0.001823 -0.024170
v -0.032238 0.001217 -0.023507
v -0.032821 0.001324 -0.020020
v -0.030020 0.001121 -0.021534
v -0.034981 0.001737 -0.021458
v -0.032816 0.001309 -0.016891
v -0.029208 0.001033 -0.019292
v -0.028095 0.001347 -0.025050
v -0.025024 0.000890 -0.021871
v -0.025368 0.000504 -0.018862
v -0.028633 0.000881 -0.016618
v -0.014844 0.000896 -0.026812
v -0.015067 0.000990 -0.024248
v -0.009782 0.000575 -0.023640
v -0.021079 0.000788 -0.021737
v -0.022591 0.000900 -0.016516
v -0.018504 0.000963 -0.025617
v -0.017632 0.001080 -0.020584
v -0.019318 0.002551 -0.015837
v -0.017383 0.002465 -0.017199
v -0.014975 0.002197 -0.020019
v -0.011386 0.003125 -0.020531
v -0.031409 0.000980 -0.013751
v -0.035285 0.000943 -0.013042
v -0.033619 0.000598 -0.009829
v -0.036300 0.000931 -0.006811
v -0.031521 0.000363 -0.009000
v -0.025352 0.000482 -0.014853
v -0.027574 0.000488 -0.012232
v -0.022733 0.000923 -0.012986
v -0.024058 0.000538 -0.010347
v -0.027288 0.000611 -0.008747
v -0.022096 0.003482 -0.007967
v -0.019783 0.005152 -0.012327
v -0.016169 0.006315 -0.014530
v -0.016804 0.008997 -0.013260
v -0.018848 0.008484 -0.009750
v -0.016581 0.013441 -0.014998
v -0.017809 0.013095 -0.012611
v -0.018112 0.017026 -0.015388
v -0.019219 0.016727 -0.012451
v -0.019388 0.013895 -0.010492
v -0.015246 0.016892 -0.014984
v -0.014831 0.010577 -0.014804
v -0.009550 0.007973 -0.016741
v -0.014805 0.004818 -0.017201
v -0.007196 0.001936 -0.022791
v -0.005495 0.003513 -0.020916
v -0.008623 0.003977 -0.021622
v -0.007991 0.005482 -0.019222
v -0.003745 0.006942 -0.017976
v -0.006676 0.008741 -0.018565
v -0.006395 0.011641 -0.016536
v -0.003852 0.000958 -0.022673
v -0.000464 0.000758 -0.025305
v -0.001598 0.009649 -0.017068
v -0.011486 0.011241 -0.014564
v -0.012488 0.007753 -0.015461
v -0.009849 0.014764 -0.015190
v -0.007801 0.016803 -0.015609
v -0.010431 0.017167 -0.015359
v -0.005028 0.014540 -0.015871
v -0.035403 0.035124 -0.025258
v -0.030317 0.032838 -0.025657
v -0.035838 0.033516 -0.024992
v -0.030431 0.034612 -0.025557
v -0.030904 0.032363 -0.022627
v -0.031530 0.034776 -0.023084
v -0.023742 0.032004 -0.028895
v -0.025477 0.032499 -0.031220
v -0.026618 0.033033 -0.029808
v -0.023357 0.030686 -0.025323
v -0.029244 0.034612 -0.026968
v -0.026667 0.032301 -0.026173
v -0.028671 0.033443 -0.027906
v -0.026253 0.030008 -0.020583
v -0.023635 0.029686 -0.023000
v -0.027473 0.031864 -0.023745
v -0.023458 0.027872 -0.021065
v -0.030140 0.033818 -0.029345
v -0.030354 0.031681 -0.020798
v -0.028297 0.031081 -0.018558
v -0.026446 0.028757 -0.018459
v -0.032311 0.030635 -0.014887
v -0.032697 0.032475 -0.014945
v -0.034620 0.030645 -0.013014
v -0.027528 0.027657 -0.013602
v -0.029518 0.030159 -0.017504
v -0.032099 0.030946 -0.016957
v -0.031636 0.033293 -0.017005
v -0.031542 0.032510 -0.018906
v -0.035193 0.033989 -0.019654
v -0.025602 0.025384 -0.012316
v -0.023842 0.026349 -0.015265
v -0.028413 0.027252 -0.010908
v -0.028618 0.028564 -0.010814
v -0.022861 0.026479 -0.018121
v -0.020242 0.025694 -0.019264
v -0.017868 0.025053 -0.019756
v -0.018874 0.027240 -0.022716
v -0.015810 0.025403 -0.022055
v -0.016645 0.027964 -0.024021
v -0.020791 0.029864 -0.025214
v -0.015831 0.028928 -0.023709
v -0.014834 0.028668 -0.025681
v -0.016087 0.029592 -0.025623
v -0.017307 0.030774 -0.028015
v -0.017776 0.021443 -0.016915
v -0.018860 0.019342 -0.015293
v -0.020386 0.021684 -0.014087
v -0.020604 0.019870 -0.011961
v -0.020372 0.022751 -0.012428
v -0.020996 0.024269 -0.015241
v -0.022540 0.024390 -0.013783
v -0.020456 0.026181 -0.016002
v -0.022388 0.022354 -0.011092
v -0.022763 0.026593 -0.014829
v -0.013286 0.025979 -0.024388
v -0.009710 0.025206 -0.024034
v -0.011423 0.027336 -0.023677
v -0.008644 0.028963 -0.025104
v -0.012659 0.029275 -0.026555
v -0.006872 0.028356 -0.025261
v -0.007658 0.026894 -0.023817
v -0.001094 0.029952 -0.025925
v -0.003233 0.030176 -0.027584
v -0.012110 0.021363 -0.017615
v -0.015058 0.022136 -0.017960
v -0.010103 0.020383 -0.015976
v -0.012833 0.018705 -0.016066
v -0.005725 0.020262 -0.017933
v -0.008848 0.022828 -0.021093
v -0.013034 0.023029 -0.020124
v -0.011089 0.023139 -0.021810
v -0.004997 0.023270 -0.019623
v -0.005635 0.024688 -0.020725
v -0.004405 0.017301 -0.016985
v -0.000114 0.019117 -0.016812
v 0.000506 0.020831 -0.017407
v -0.003265 0.025958 -0.021205
v 0.004493 0.004738 -0.057650
v 0.005355 0.003734 -0.054923
v 0.001677 0.002018 -0.053443
v 0.000943 0.006888 -0.060171
v 0.009883 0.003924 -0.055448
v 0.007866 0.006654 -0.058589
v 0.007419 0.002754 -0.052250
v 0.002782 0.002327 -0.051152
v 0.011410 0.002758 -0.050023
v 0.008775 0.002418 -0.047573
v 0.006326 0.002377 -0.049345
v 0.012503 0.002836 -0.051922
v 0.006072 0.007384 -0.060392
v 0.009663 0.011371 -0.061153
v 0.003225 0.016344 -0.062315
v 0.005042 0.012661 -0.061791
v 0.004069 0.010221 -0.062140
v 0.007610 0.015922 -0.062197
v 0.004840 0.017661 -0.062811
v 0.013128 0.007837 -0.058983
v 0.011663 0.015544 -0.061706
v 0.012852 0.010681 -0.060584
v 0.015634 0.003126 -0.048811
v 0.016476 0.003264 -0.052418
v 0.019987 0.002190 -0.047603
v 0.014316 0.004554 -0.055016
v 0.018676 0.004441 -0.053845
v 0.020943 0.003501 -0.050658
v 0.017861 0.006895 -0.056669
v 0.021694 0.007718 -0.055969
v 0.024218 0.004142 -0.051867
v 0.028505 0.007828 -0.052599
v 0.028044 0.004533 -0.051155
v 0.024679 0.009829 -0.055711
v 0.025005 0.002170 -0.048986
v 0.020760 0.010922 -0.058747
v 0.016775 0.009711 -0.058830
v 0.016216 0.012469 -0.060555
v 0.020888 0.016589 -0.059830
v 0.017436 0.016237 -0.060677
v 0.015097 0.018561 -0.061188
v 0.022556 0.013558 -0.058979
v 0.005347 0.002882 -0.044540
v 0.001228 0.002742 -0.043299
v 0.001335 0.002601 -0.046140
v 0.007541 0.002912 -0.041621
v 0.009129 0.002719 -0.044474
v 0.003197 0.002642 -0.040760
v 0.004262 0.002104 -0.038281
v 0.000612 0.002666 -0.038126
v 0.006879 0.003548 -0.038491
v 0.006551 0.003485 -0.040808
v 0.013139 0.002615 -0.043462
v 0.012486 0.002497 -0.039426
v 0.010550 0.003033 -0.037363
v 0.002664 0.002436 -0.035280
v 0.001290 0.002093 -0.032392
v 0.008231 0.002806 -0.034562
v 0.004773 0.001995 -0.029724
v 0.006899 0.002207 -0.032073
v 0.008479 0.001994 -0.028569
v 0.004790 0.001540 -0.026054
v 0.011515 0.002418 -0.030892
v 0.009783 0.001773 -0.026104
v 0.006054 0.000719 -0.023775
v 0.001317 0.001337 -0.023105
v 0.010479 0.001449 -0.022891
v 0.018636 0.002632 -0.045079
v 0.014500 0.003110 -0.046571
v 0.025908 0.001965 -0.046071
v 0.024212 0.002488 -0.043752
v 0.017343 0.002870 -0.041406
v 0.021049 0.002879 -0.039466
v 0.030131 0.002440 -0.041745
v 0.027820 0.002180 -0.039528
v 0.027961 0.002612 -0.036359
v 0.022527 0.002921 -0.037143
v 0.024118 0.002794 -0.034477
v 0.015254 0.002968 -0.036884
v 0.019596 0.002881 -0.036127
v 0.029153 0.002999 -0.032595
v 0.015989 0.002912 -0.033541
v 0.015632 0.002569 -0.030469
v 0.013585 0.001852 -0.026025
v 0.019316 0.002678 -0.030676
v 0.020412 0.002623 -0.027596
v 0.020759 0.002660 -0.033059
v 0.019526 0.001644 -0.022048
v 0.017689 0.002087 -0.024686
v 0.022843 0.002268 -0.022989
v 0.025111 0.002832 -0.029902
v 0.024526 0.002723 -0.026439
v 0.028466 0.002456 -0.029815
v -0.001410 0.003111 -0.019631
v 0.002080 0.002026 -0.020661
v 0.001887 0.003496 -0.017584
v 0.006188 0.000808 -0.019266
v 0.008449 0.002826 -0.015881
v 0.001113 0.005531 -0.016490
v 0.004025 0.004700 -0.016144
v 0.006053 0.008640 -0.015152
v 0.004340 0.007688 -0.016998
v 0.013015 0.000906 -0.020223
v 0.010840 0.000766 -0.018052
v 0.012200 0.001896 -0.015680
v 0.011521 0.002876 -0.014193
v 0.010431 0.004992 -0.013941
v 0.014569 0.000919 -0.017990
v 0.008343 0.007550 -0.013888
v 0.013229 0.006746 -0.010992
v 0.011608 0.008826 -0.011725
v 0.017176 0.000863 -0.014846
v 0.019413 0.001381 -0.018419
v 0.015287 0.005234 -0.010480
v 0.013500 0.003564 -0.013098
v 0.022601 0.001690 -0.019709
v 0.023505 0.001322 -0.015480
v 0.029112 0.002168 -0.021253
v 0.026968 0.001711 -0.018645
v 0.022630 0.002018 -0.011506
v 0.020231 0.000787 -0.014618
v 0.019392 0.003621 -0.010781
v 0.027197 0.001188 -0.014261
v 0.026122 0.000851 -0.010544
v 0.021249 0.005354 -0.008757
v 0.019241 0.006927 -0.007752
v 0.023339 0.003734 -0.007384
v 0.026220 0.001761 -0.006162
v 0.016992 0.010099 -0.007619
v 0.002272 0.013188 -0.018224
v -0.001358 0.015161 -0.016834
v -0.000526 0.012164 -0.016605
v 0.001938 0.016267 -0.017742
v 0.005855 0.010956 -0.016298
v 0.004156 0.012875 -0.018154
v 0.002060 0.008788 -0.016925
v 0.005911 0.013472 -0.016995
v 0.003517 0.014405 -0.017213
v 0.007777 0.013134 -0.015705
v 0.004403 0.019668 -0.017936
v 0.005884 0.016539 -0.017218
v 0.008468 0.015704 -0.014996
v 0.007427 0.020472 -0.017227
v 0.007856 0.024097 -0.018589
v 0.011615 0.023137 -0.016619
v 0.006531 0.023002 -0.017088
v 0.005192 0.020848 -0.016795
v 0.003922 0.022725 -0.018490
v 0.011298 0.018574 -0.014132
v 0.014291 0.021797 -0.015056
v 0.016451 0.021297 -0.014097
v 0.018190 0.024492 -0.014457
v 0.010263 0.010849 -0.013338
v 0.012135 0.011647 -0.009355
v 0.013939 0.013676 -0.010633
v 0.010854 0.013773 -0.013328
v 0.013926 0.010144 -0.009255
v 0.017490 0.013963 -0.007902
v 0.015197 0.018063 -0.012661
v 0.017951 0.021123 -0.012779
v 0.019241 0.021273 -0.010428
v 0.019103 0.018435 -0.008982
v 0.017160 0.019952 -0.010947
v 0.015967 0.015921 -0.010354
v 0.030694 0.002281 -0.047156
v 0.035142 0.005212 -0.047967
v 0.033767 0.002143 -0.043604
v 0.031640 0.008275 -0.051900
v 0.040092 0.004728 -0.044390
v 0.034386 0.001963 -0.040432
v 0.031305 0.011726 -0.053570
v 0.027427 0.013831 -0.055548
v 0.029119 0.017145 -0.056107
v 0.035044 0.019514 -0.052481
v 0.038253 0.015548 -0.051211
v 0.033930 0.014736 -0.053118
v 0.043290 0.003555 -0.040399
v 0.039489 0.001899 -0.039735
v 0.046874 0.008290 -0.041841
v 0.046553 0.004897 -0.038113
v 0.049176 0.020504 -0.042410
v 0.050947 0.016841 -0.041216
v 0.046208 0.018725 -0.045261
v 0.033132 0.002263 -0.038204
v 0.033463 0.002540 -0.034716
v 0.038119 0.002281 -0.034803
v 0.033848 0.002872 -0.030789
v 0.031460 0.002709 -0.028424
v 0.034322 0.002434 -0.028160
v 0.038012 0.002263 -0.028378
v 0.039250 0.002245 -0.030604
v 0.028573 0.002119 -0.025494
v 0.026250 0.003080 -0.026248
v 0.033834 0.002592 -0.025038
v 0.044502 0.002269 -0.035965
v 0.041615 0.001763 -0.033309
v 0.046341 0.001763 -0.031634
v 0.043335 0.002099 -0.030096
v 0.042456 0.001960 -0.027252
v 0.046840 0.001630 -0.028493
v 0.048572 0.002785 -0.029468
v 0.045826 0.001746 -0.023487
v 0.050418 0.007125 -0.036339
v 0.052696 0.012042 -0.038148
v 0.054195 0.009252 -0.033498
v 0.054205 0.005704 -0.030074
v 0.053566 0.003843 -0.026836
v 0.052914 0.006140 -0.031613
v 0.049404 0.004728 -0.034495
v 0.055850 0.006681 -0.027518
v 0.056409 0.009048 -0.029670
v 0.056521 0.011057 -0.030514
v 0.057679 0.010764 -0.027102
v 0.050028 0.008766 -0.039093
v 0.047799 0.014859 -0.043560
v 0.055261 0.018384 -0.034368
v 0.054276 0.015194 -0.036190
v 0.052804 0.019238 -0.037226
v 0.051828 0.022229 -0.038939
v 0.057859 0.015643 -0.029865
v 0.056591 0.013257 -0.031426
v 0.058837 0.015372 -0.027170
v 0.057110 0.020287 -0.030876
v 0.032622 0.002014 -0.022269
v 0.038214 0.002284 -0.024243
v 0.030894 0.001524 -0.016229
v 0.036443 0.001958 -0.020058
v 0.040425 0.002403 -0.021428
v 0.040204 0.001971 -0.019165
v 0.038447 0.001822 -0.015452
v 0.034311 0.001983 -0.016838
v 0.042001 0.002146 -0.024420
v 0.049215 0.001883 -0.022662
v 0.048037 0.002423 -0.025746
v 0.051479 0.002172 -0.020898
v 0.044344 0.001825 -0.017821
v 0.041867 0.001663 -0.014499
v 0.049433 0.001378 -0.015514
v 0.054761 0.001695 -0.017985
v 0.049311 0.001250 -0.018480
v 0.032102 0.001960 -0.013645
v 0.034717 0.001500 -0.011672
v 0.029570 0.000985 -0.011295
v 0.034033 0.001287 -0.007697
v 0.039366 0.001973 -0.012259
v 0.039329 0.001502 -0.008663
v 0.044525 0.001569 -0.011550
v 0.050385 0.001168 -0.010970
v 0.046673 0.001553 -0.008278
v 0.054666 0.003213 -0.022241
v 0.057928 0.004955 -0.021432
v 0.060066 0.019159 -0.025344
v 0.061489 0.014192 -0.021152
v 0.062499 0.014234 -0.017796
v 0.059961 0.013406 -0.017209
v 0.061180 0.014238 -0.015787
v 0.059590 0.010548 -0.020584
v 0.060609 0.010873 -0.016884
v 0.061685 0.018419 -0.021931
v 0.059627 0.013815 -0.025268
v 0.062997 0.017835 -0.018008
v 0.064010 0.020034 -0.013138
v 0.063577 0.015048 -0.014820
v 0.062566 0.022630 -0.018465
v 0.005331 0.021099 -0.062645
v 0.009274 0.019652 -0.062023
v 0.012777 0.018865 -0.061474
v 0.014931 0.022840 -0.060619
v 0.018465 0.020973 -0.059767
v 0.017585 0.024258 -0.059374
v 0.002287 0.036112 -0.043489
v 0.003333 0.034950 -0.042264
v 0.004866 0.035229 -0.044164
v 0.004417 0.034401 -0.039693
v 0.006115 0.034913 -0.041763
v 0.000693 0.035561 -0.043956
v 0.000435 0.034589 -0.041043
v 0.000896 0.033556 -0.037677
v 0.010575 0.035779 -0.046106
v 0.011294 0.034527 -0.048828
v 0.009421 0.035095 -0.047640
v 0.010760 0.035264 -0.043615
v 0.008651 0.035185 -0.044654
v 0.011750 0.035424 -0.038323
v 0.014009 0.035711 -0.040893
v 0.008558 0.034614 -0.039029
v 0.016612 0.035945 -0.039974
v 0.015356 0.035768 -0.043495
v 0.016043 0.035415 -0.045649
v 0.018292 0.035875 -0.043348
v 0.020791 0.035391 -0.045404
v 0.025342 0.035070 -0.044116
v 0.023856 0.034134 -0.046810
v 0.020565 0.036181 -0.042041
v 0.020669 0.035899 -0.039509
v 0.023734 0.035095 -0.041069
v 0.027327 0.035568 -0.040595
v 0.002757 0.033754 -0.036373
v 0.005346 0.033550 -0.032304
v 0.005227 0.033869 -0.035527
v 0.003177 0.032868 -0.032317
v 0.000806 0.033022 -0.035475
v 0.001137 0.033074 -0.032971
v 0.006075 0.032367 -0.029860
v 0.002154 0.031811 -0.029526
v -0.000239 0.030479 -0.029200
v 0.007968 0.032832 -0.031889
v 0.008020 0.033775 -0.034249
v 0.006799 0.034989 -0.035433
v 0.005992 0.035429 -0.039872
v 0.009732 0.035868 -0.037296
v 0.008354 0.035186 -0.036482
v 0.011481 0.034684 -0.035854
v 0.000708 0.023772 -0.019137
v 0.003106 0.026908 -0.021772
v 0.004104 0.031247 -0.027743
v 0.000800 0.031214 -0.025920
v 0.008014 0.029436 -0.022808
v 0.003156 0.029777 -0.023930
v 0.005599 0.030797 -0.025841
v 0.000993 0.029761 -0.023051
v 0.000107 0.028157 -0.022921
v 0.008155 0.027094 -0.020211
v 0.012234 0.027241 -0.019808
v 0.010675 0.029942 -0.022377
v 0.011235 0.034084 -0.025957
v 0.013280 0.032140 -0.026298
v 0.011562 0.033089 -0.029080
v 0.008373 0.033802 -0.027228
v 0.007793 0.032344 -0.027308
v 0.009498 0.032106 -0.028316
v 0.009655 0.032192 -0.023904
v 0.012485 0.031247 -0.022184
v 0.013610 0.029866 -0.022532
v 0.021747 0.035964 -0.036654
v 0.018962 0.036120 -0.036680
v 0.019547 0.036954 -0.034643
v 0.025221 0.035967 -0.039297
v 0.025238 0.036846 -0.035394
v 0.021430 0.037771 -0.032172
v 0.024614 0.035871 -0.028664
v 0.024952 0.036489 -0.030943
v 0.027444 0.036822 -0.031218
v 0.021404 0.034546 -0.025075
v 0.020447 0.034624 -0.028236
v 0.018867 0.033854 -0.026114
v 0.016437 0.032157 -0.022480
v 0.017290 0.033160 -0.024582
v 0.015143 0.031768 -0.024316
v 0.026948 0.035210 -0.022115
v 0.025809 0.036096 -0.026434
v 0.021452 0.027773 -0.013277
v 0.025348 0.030215 -0.012153
v 0.022905 0.030230 -0.015317
v 0.020328 0.028488 -0.016261
v 0.028316 0.032909 -0.014823
v 0.023974 0.031830 -0.017115
v 0.021025 0.027159 -0.010967
v 0.020491 0.025415 -0.011946
v 0.022394 0.025781 -0.010059
v 0.017225 0.031211 -0.021631
v 0.014242 0.027499 -0.018997
v 0.017104 0.028707 -0.018811
v 0.018824 0.026520 -0.016504
v 0.015115 0.024059 -0.016474
v 0.017364 0.031306 -0.019561
v 0.020720 0.031023 -0.019741
v 0.018435 0.029375 -0.016970
v 0.023153 0.033326 -0.021468
v 0.022170 0.031567 -0.018053
v 0.024701 0.033209 -0.018442
v 0.026696 0.033990 -0.016245
v 0.028218 0.033499 -0.016630
v 0.036787 0.031568 -0.045433
v 0.039550 0.028715 -0.046914
v 0.036788 0.026708 -0.049396
v 0.039123 0.023497 -0.049196
v 0.040686 0.026437 -0.047969
v 0.031851 0.020724 -0.054198
v 0.032861 0.025648 -0.051949
v 0.038294 0.036655 -0.033972
v 0.040708 0.036546 -0.031932
v 0.040495 0.035080 -0.034636
v 0.047498 0.033860 -0.034608
v 0.040944 0.035510 -0.037398
v 0.043577 0.035692 -0.034226
v 0.043276 0.032971 -0.039018
v 0.048539 0.035196 -0.029422
v 0.043246 0.036895 -0.029920
v 0.056544 0.024656 -0.031431
v 0.058728 0.023832 -0.026904
v 0.054507 0.022994 -0.034593
v 0.053787 0.024785 -0.034371
v 0.057085 0.026775 -0.028547
v 0.052351 0.028063 -0.034901
v 0.050511 0.030707 -0.035671
v 0.052677 0.031311 -0.031479
v 0.028393 0.036566 -0.027425
v 0.030540 0.037423 -0.029373
v 0.031005 0.034223 -0.015178
v 0.030731 0.035277 -0.018778
v 0.034728 0.036461 -0.016622
v 0.032396 0.035541 -0.014226
v 0.034181 0.035608 -0.013705
v 0.037123 0.037035 -0.014390
v 0.060607 0.024026 -0.021019
v 0.060269 0.027235 -0.021278
v 0.062540 0.026111 -0.015532
v 0.061287 0.029088 -0.015653
v 0.058001 0.030366 -0.022566
v 0.059598 0.030345 -0.016963
v 0.056671 0.033728 -0.017487
v 0.055604 0.034507 -0.018882
v 0.060850 0.030112 -0.012440
v 0.061278 0.029503 -0.010712
v -0.054227 0.003445 -0.026204
v -0.041686 0.020388 -0.048508
v -0.003428 0.002647 -0.037143
v -0.037047 0.028221 -0.047868
v -0.047734 0.032489 -0.029939
v -0.044786 0.031564 -0.039164
v -0.039116 0.032555 -0.038562
v -0.021725 0.034281 -0.048287
v -0.026966 0.034386 -0.039382
v -0.028256 0.033655 -0.034708
v -0.029326 0.033321 -0.030375
v -0.016719 0.034684 -0.047745
v -0.001018 0.028732 -0.060054
v -0.019566 0.033780 -0.048319
v -0.010358 0.036759 -0.044823
v -0.000150 0.034532 -0.047738
v -0.054214 0.001099 -0.007768
v -0.063699 0.015479 -0.015021
v -0.038409 0.034595 -0.023725
v -0.019705 0.005625 -0.009802
v -0.013348 0.014257 -0.014459
v -0.037350 0.035083 -0.022512
v -0.033724 0.032302 -0.020428
v -0.031520 0.028793 -0.011390
v 0.024317 0.017066 -0.058094
v 0.027755 0.011225 -0.054747
v 0.019618 0.023032 -0.009504
v 0.035435 0.009969 -0.050247
v 0.037391 0.012267 -0.050628
v 0.039411 0.009557 -0.048162
v 0.057916 0.008451 -0.024925
v 0.059384 0.009357 -0.021120
v 0.001745 0.020683 -0.062438
v 0.014431 0.036300 -0.038616
v 0.014117 0.035281 -0.047223
v 0.015325 0.035047 -0.038088
v 0.018778 0.036402 -0.039076
v 0.005001 0.032040 -0.026936
v 0.016979 0.035837 -0.037669
v 0.040580 0.019546 -0.049698
v 0.038683 0.035049 -0.039403
v 0.035329 0.034095 -0.042725
v 0.033603 0.035988 -0.040271
v 0.055652 0.030662 -0.027848
v 0.046466 0.035807 -0.027449
v 0.034248 0.036881 -0.018762
v 0.040105 0.037689 -0.014637
v 0.039903 0.036592 -0.013468
v -0.054283 0.000732 0.006970
v -0.057583 0.002285 0.006571
v -0.055939 0.001231 0.002911
v -0.057847 0.004215 0.013805
v -0.054725 0.001672 0.011692
v -0.059977 0.005471 0.007082
v -0.060242 0.008206 0.013781
v -0.061508 0.008147 0.005995
v -0.063270 0.011886 0.006271
v -0.061636 0.006837 0.003013
v -0.062015 0.010131 0.010362
v -0.063500 0.014760 0.009834
v -0.063686 0.016133 0.006857
v -0.061724 0.012527 0.012936
v -0.061905 0.015880 0.014853
v -0.063331 0.019118 0.008749
v -0.064195 0.017319 0.002851
v -0.055815 0.003778 0.017602
v -0.059604 0.008880 0.018107
v -0.055677 0.005141 0.021541
v -0.055406 0.006427 0.024973
v -0.056933 0.009776 0.025623
v -0.058058 0.008597 0.021885
v -0.054927 0.009330 0.029451
v -0.059654 0.012387 0.020064
v -0.061145 0.013136 0.016463
v -0.060122 0.015699 0.021499
v -0.058034 0.012359 0.024949
v -0.060065 0.018628 0.021439
v -0.060740 0.020295 0.017915
v -0.058032 0.016457 0.026906
v -0.049017 0.000735 0.004757
v -0.051158 0.000923 0.002473
v -0.046652 0.000586 0.001415
v -0.051697 0.000938 0.012920
v -0.049708 0.000567 0.009659
v -0.048518 0.000647 0.014036
v -0.046716 0.000576 0.011010
v -0.045409 0.000741 0.005945
v -0.041888 0.000968 0.001855
v -0.042905 0.000876 0.009454
v -0.043596 0.000797 0.011905
v -0.044189 0.000534 0.014774
v -0.037917 0.000465 0.003974
v -0.041635 0.000968 0.004614
v -0.038263 0.000673 0.007734
v -0.035816 0.000947 0.005063
v -0.043471 0.001476 0.006726
v -0.041953 0.000270 0.014193
v -0.039405 0.000678 0.013587
v -0.038277 0.001014 0.010015
v -0.051925 0.000927 0.017295
v -0.052896 0.002491 0.023163
v -0.045006 0.000486 0.017206
v -0.047116 0.000576 0.018620
v -0.049400 0.000616 0.021622
v -0.040225 0.000493 0.018513
v -0.042278 0.000302 0.021926
v -0.038618 0.000699 0.022917
v -0.051661 0.003249 0.026907
v -0.046783 0.000571 0.024419
v -0.043547 0.000521 0.027113
v -0.047259 0.001375 0.028444
v -0.040302 0.000962 0.025421
v -0.049603 0.003034 0.030397
v -0.038767 0.000222 0.030274
v -0.032146 0.000411 0.006642
v -0.037009 0.000811 0.001342
v -0.033514 0.000875 0.008604
v -0.034047 0.000730 0.011823
v -0.028984 0.000089 0.005442
v -0.030970 0.000308 0.003621
v -0.028183 0.000483 0.008906
v -0.029130 0.000116 0.010518
v -0.026337 0.000378 0.002223
v -0.024961 0.003100 0.000523
v -0.023718 -0.000018 0.004181
v -0.025840 0.000494 0.006944
v -0.021147 0.000274 0.007685
v -0.025154 0.000209 0.011919
v -0.020174 0.001761 0.011850
v -0.035448 0.000405 0.014293
v -0.034721 0.000842 0.016367
v -0.035169 0.000512 0.019087
v -0.029856 0.000378 0.013318
v -0.020873 0.001245 0.014800
v -0.025755 0.000105 0.015450
v -0.029543 0.000991 0.017216
v -0.030682 0.000522 0.019220
v -0.025143 0.000891 0.018860
v -0.027660 0.001185 0.016263
v -0.021298 0.002808 0.017235
v -0.022949 0.002126 0.019342
v -0.020599 0.001862 0.019823
v -0.022221 0.000400 0.020543
v -0.034814 0.000477 0.021695
v -0.034705 0.001364 0.023219
v -0.035436 0.001233 0.025797
v -0.038497 0.000739 0.025459
v -0.036658 0.000455 0.027411
v -0.031377 0.000804 0.022616
v -0.031950 0.000652 0.025846
v -0.026795 0.001034 0.025925
v -0.025543 0.000535 0.023010
v -0.019040 0.000492 0.023873
v -0.023393 0.000737 0.026365
v -0.023135 0.001072 0.029143
v -0.031537 0.000488 0.029844
v -0.026664 0.000362 0.029060
v -0.021485 0.003332 0.003161
v -0.018422 0.007815 0.001088
v -0.019276 0.004108 0.005397
v -0.016958 0.010078 0.002720
v -0.015804 0.008373 0.006031
v -0.017069 0.012841 0.004019
v -0.017850 0.004628 0.008789
v -0.017813 0.015612 0.004501
v -0.015251 0.014023 0.006479
v -0.019034 0.014104 0.000915
v -0.007586 0.013930 0.014521
v -0.009089 0.011350 0.014254
v -0.011052 0.013041 0.012706
v -0.013204 0.015172 0.009130
v -0.011137 0.015911 0.011567
v -0.017998 0.002754 0.021368
v -0.019847 0.003130 0.019824
v -0.011244 0.000510 0.023669
v -0.011793 0.000611 0.025791
v -0.015909 0.000167 0.024866
v -0.012560 0.003309 0.019930
v -0.015314 0.001359 0.022185
v -0.014531 0.003880 0.020091
v -0.006106 0.003782 0.019408
v -0.005669 0.000699 0.022317
v -0.008571 0.002329 0.020494
v -0.004912 0.000351 0.024789
v -0.009357 0.000231 0.027328
v -0.013569 0.000374 0.029614
v -0.020256 0.000430 0.028058
v -0.004606 0.000676 0.028781
v -0.009097 0.008315 0.016001
v -0.007228 0.005547 0.017455
v -0.013273 0.005676 0.018809
v -0.013482 0.006935 0.016995
v -0.005004 0.010919 0.015076
v -0.003331 0.014766 0.015214
v -0.008266 0.011026 0.015333
v -0.005137 0.017112 0.016109
v -0.045513 0.004847 0.039232
v -0.045226 0.007500 0.041832
v -0.049056 0.008609 0.038868
v -0.048561 0.011692 0.040938
v -0.045622 0.012504 0.043435
v -0.040958 0.003776 0.042268
v -0.041076 0.008957 0.046438
v -0.049487 0.006380 0.035915
v -0.051682 0.011510 0.037048
v -0.053547 0.011874 0.033643
v -0.053064 0.006709 0.030290
v -0.043963 0.000780 0.032218
v -0.046849 0.002959 0.035250
v -0.049836 0.005305 0.033488
v -0.042337 0.000496 0.034760
v -0.041289 0.001524 0.037897
v -0.050358 0.015513 0.039194
v -0.052414 0.017083 0.036956
v -0.051615 0.018828 0.039284
v -0.053704 0.019823 0.036115
v -0.054920 0.014050 0.032286
v -0.046335 0.016583 0.043743
v -0.048554 0.018501 0.041627
v -0.042649 0.016076 0.047187
v -0.044860 0.020979 0.045112
v -0.041140 0.020127 0.048283
v -0.042006 0.023662 0.046226
v -0.038557 0.000265 0.035009
v -0.034915 0.000392 0.034158
v -0.035270 0.000751 0.031723
v -0.028665 0.000973 0.030856
v -0.030645 0.000550 0.034731
v -0.033388 0.000271 0.038594
v -0.028193 0.000620 0.037626
v -0.027550 0.000229 0.040116
v -0.037641 0.001868 0.041706
v -0.037529 0.005202 0.046704
v -0.033003 0.001131 0.044528
v -0.027279 0.000395 0.044658
v -0.029636 0.001983 0.048830
v -0.034571 0.004376 0.047830
v -0.029577 0.003760 0.051130
v -0.031608 0.006776 0.051455
v -0.034462 0.010357 0.051087
v -0.036900 0.008380 0.048971
v -0.039287 0.013829 0.049374
v -0.035454 0.012829 0.050910
v -0.030799 0.011206 0.054012
v -0.026086 0.007909 0.054902
v -0.033242 0.018530 0.052670
v -0.035919 0.015692 0.051667
v -0.030840 0.014745 0.054509
v -0.035773 0.023284 0.050614
v -0.039140 0.018134 0.049905
v -0.026262 0.018361 0.055491
v -0.029840 0.017937 0.055022
v -0.026281 0.016077 0.055992
v -0.026785 0.022095 0.055796
v -0.023225 0.000873 0.032389
v -0.026565 0.000666 0.033635
v -0.024540 0.000806 0.036482
v -0.019479 0.000637 0.031338
v -0.020538 0.000790 0.039709
v -0.020226 0.000969 0.036234
v -0.016541 0.001266 0.037875
v -0.016399 0.001144 0.034191
v -0.022455 0.000389 0.043808
v -0.025234 0.000560 0.047917
v -0.017701 0.000753 0.042558
v -0.019657 0.000192 0.046390
v -0.020308 0.001231 0.050419
v -0.023151 0.002631 0.051789
v -0.011041 0.001058 0.033410
v -0.016215 0.000927 0.030888
v -0.012315 0.000983 0.037618
v -0.004659 0.000861 0.032117
v -0.009135 0.000635 0.030353
v -0.003918 0.001048 0.034842
v -0.007541 0.001292 0.037456
v -0.007692 0.001068 0.040293
v -0.013239 0.001251 0.040787
v -0.011957 0.000437 0.043146
v -0.005149 0.000968 0.044287
v -0.003804 0.000608 0.046472
v -0.006891 0.001183 0.049671
v -0.012429 0.000363 0.047124
v -0.013303 0.001804 0.051446
v -0.021769 0.006949 0.056092
v -0.020902 0.011969 0.057854
v -0.026010 0.012559 0.056523
v -0.016579 0.000690 0.049275
v -0.018142 0.003272 0.053554
v -0.018635 0.008063 0.056839
v -0.013597 0.004122 0.054314
v -0.026593 0.004679 0.052234
v -0.014981 0.010271 0.058684
v -0.011470 0.008838 0.058159
v -0.010839 0.006131 0.056363
v -0.009042 0.002001 0.052326
v -0.006508 0.003711 0.054930
v -0.004347 0.006933 0.058033
v -0.006236 0.008412 0.059011
v -0.009910 0.011806 0.059683
v -0.005612 0.012407 0.059972
v -0.021985 0.017370 0.057773
v -0.018571 0.014702 0.058774
v -0.021326 0.020895 0.057381
v -0.015653 0.017204 0.058902
v -0.017291 0.022007 0.057618
v -0.015423 0.019982 0.058711
v -0.018230 0.024143 0.057360
v -0.022365 0.024596 0.056243
v -0.008063 0.015826 0.059475
v -0.011853 0.016221 0.059372
v -0.010492 0.018837 0.059831
v -0.011047 0.022855 0.059401
v -0.004252 0.015845 0.059489
v -0.006107 0.018714 0.059940
v -0.014809 0.023668 0.058304
v -0.004728 0.020753 0.060032
v -0.061339 0.026983 0.007386
v -0.061230 0.028189 0.004607
v -0.061708 0.025900 0.005316
v -0.059018 0.028937 0.005649
v -0.053081 0.030947 -0.000258
v -0.054697 0.030113 0.002118
v -0.055295 0.031144 0.001729
v -0.056907 0.029783 0.001760
v -0.056534 0.029897 0.005454
v -0.054429 0.031248 0.004357
v -0.052587 0.032138 0.000043
v -0.053596 0.030648 -0.002181
v -0.059122 0.023306 0.018355
v -0.057483 0.023553 0.021203
v -0.058122 0.025237 0.021256
v -0.050962 0.031262 0.000552
v -0.047752 0.031897 -0.002274
v -0.050623 0.033352 0.011785
v -0.051979 0.032863 0.008428
v -0.053147 0.032313 0.011008
v -0.049320 0.033505 0.008041
v -0.050096 0.033431 0.005231
v -0.050768 0.032689 0.004578
v -0.047289 0.033701 0.006859
v -0.048272 0.032851 0.005235
v -0.047561 0.033724 0.011653
v -0.045464 0.032928 0.008770
v -0.042733 0.032874 0.008247
v -0.044753 0.033337 0.006920
v -0.043594 0.033115 0.010995
v -0.041486 0.032503 0.008239
v -0.042222 0.033867 0.011729
v -0.040622 0.033650 0.010451
v -0.039524 0.032240 0.006397
v -0.040403 0.034666 0.006972
v -0.042068 0.033555 0.005607
v -0.037432 0.035240 0.008978
v -0.036349 0.034577 0.006188
v -0.043818 0.034323 0.015650
v -0.041850 0.033926 0.014262
v -0.045476 0.034923 0.015424
v -0.045149 0.033574 0.014037
v -0.047930 0.033859 0.015926
v -0.041134 0.034995 0.018681
v -0.046666 0.034375 0.017816
v -0.044675 0.034422 0.020562
v -0.046152 0.033490 0.021628
v -0.043194 0.034752 0.022303
v -0.038399 0.034476 0.014854
v -0.036616 0.029938 -0.003560
v -0.033980 0.030209 0.000045
v -0.033395 0.029044 -0.002501
v -0.031160 0.031200 0.003177
v -0.035027 0.031663 0.003942
v -0.029786 0.028643 -0.003810
v -0.031287 0.027755 -0.002321
v -0.030911 0.029075 -0.000281
v -0.028415 0.026670 -0.003045
v -0.030001 0.030165 0.003426
v -0.028936 0.028219 0.000725
v -0.029399 0.030635 0.006897
v -0.032087 0.032245 0.005170
v -0.033010 0.031873 0.006824
v -0.034124 0.032820 0.007005
v -0.032593 0.034272 0.008328
v -0.032906 0.031964 0.008399
v -0.031107 0.032940 0.007344
v -0.032168 0.032088 0.010943
v -0.036086 0.033493 0.011019
v -0.022653 0.021580 -0.000407
v -0.020400 0.021706 0.003510
v -0.019456 0.017744 0.002089
v -0.022826 0.024519 0.002825
v -0.018928 0.020116 0.005921
v -0.016013 0.020763 0.007231
v -0.015732 0.017525 0.006386
v -0.018051 0.022471 0.006073
v -0.020208 0.023690 0.006123
v -0.026901 0.027651 0.002307
v -0.025764 0.023873 -0.001198
v -0.023985 0.027242 0.005958
v -0.025787 0.030241 0.008577
v -0.027123 0.029401 0.005882
v -0.021591 0.027644 0.008268
v -0.022332 0.030694 0.008568
v -0.025064 0.033385 0.010308
v -0.023612 0.031843 0.011830
v -0.021366 0.032244 0.011394
v -0.025758 0.031134 0.011547
v -0.018974 0.029809 0.012291
v -0.020249 0.030094 0.011042
v -0.021186 0.030051 0.009341
v -0.022125 0.032265 0.013402
v -0.018855 0.031587 0.012578
v -0.024855 0.034516 0.014961
v -0.025415 0.033262 0.013364
v -0.026327 0.035988 0.015453
v -0.023173 0.036938 0.017790
v -0.010238 0.017930 0.012610
v -0.012752 0.018366 0.009376
v -0.009524 0.020868 0.013193
v -0.012345 0.022380 0.010672
v -0.007092 0.018520 0.015742
v -0.006684 0.020973 0.015939
v -0.009109 0.024171 0.014379
v -0.005910 0.023051 0.015112
v -0.003317 0.020790 0.014738
v -0.008301 0.026277 0.016481
v -0.005458 0.026137 0.016249
v -0.013849 0.025187 0.011062
v -0.011309 0.025958 0.013092
v -0.005110 0.025503 0.014719
v -0.003114 0.023652 0.014732
v -0.015179 0.027147 0.011598
v -0.016564 0.029411 0.012254
v -0.014571 0.028953 0.014404
v -0.017284 0.024769 0.008474
v -0.013598 0.031891 0.018240
v -0.012448 0.029209 0.015712
v -0.019861 0.032924 0.015960
v -0.014790 0.034284 0.021338
v -0.010145 0.034273 0.023086
v -0.010492 0.030776 0.018622
v -0.007864 0.029796 0.018887
v -0.004264 0.032548 0.022101
v -0.004219 0.029527 0.018515
v -0.041558 0.035030 0.025071
v -0.040608 0.035070 0.022365
v -0.044608 0.034250 0.024978
v -0.037953 0.038384 0.022571
v -0.040450 0.036873 0.022835
v -0.039583 0.036494 0.024763
v -0.043007 0.033426 0.028954
v -0.043421 0.031246 0.037029
v -0.044983 0.030213 0.036932
v -0.043660 0.029775 0.039392
v -0.043477 0.027681 0.042865
v -0.044365 0.027774 0.040523
v -0.044589 0.024993 0.043121
v -0.041965 0.025508 0.044670
v -0.042000 0.026625 0.046047
v -0.041649 0.027622 0.043687
v -0.020270 0.039070 0.030467
v -0.015964 0.037888 0.030521
v -0.018717 0.038793 0.027973
v -0.017531 0.039402 0.035271
v -0.022173 0.039083 0.033868
v -0.015573 0.039435 0.039175
v -0.021941 0.039357 0.038894
v -0.016641 0.039216 0.040968
v -0.018387 0.038630 0.042994
v -0.010782 0.035561 0.025191
v -0.015625 0.036254 0.024621
v -0.013941 0.036724 0.027050
v -0.007413 0.034390 0.024925
v -0.006392 0.035488 0.028192
v -0.003196 0.034351 0.025854
v -0.011827 0.037207 0.028338
v -0.010171 0.035716 0.027573
v -0.006373 0.035867 0.031346
v -0.013269 0.037633 0.030548
v -0.009609 0.036226 0.030321
v -0.001659 0.035380 0.028981
v -0.010871 0.038625 0.036204
v -0.011664 0.038446 0.034046
v -0.012976 0.039269 0.038561
v -0.012315 0.038744 0.040289
v -0.009582 0.038338 0.036932
v -0.003532 0.036267 0.035472
v -0.005409 0.037637 0.035418
v -0.007630 0.036678 0.033346
v -0.005116 0.037372 0.037440
v -0.006134 0.038118 0.038667
v -0.006347 0.038275 0.041009
v -0.009288 0.038631 0.041017
v -0.002520 0.036914 0.038921
v -0.001882 0.036162 0.032650
v -0.014579 0.035009 0.051594
v -0.016565 0.037579 0.046296
v -0.018763 0.034885 0.049250
v -0.013346 0.037544 0.047618
v -0.025938 0.025546 0.055060
v -0.025751 0.028248 0.053267
v -0.029562 0.025217 0.053238
v -0.016791 0.030347 0.055059
v -0.024739 0.030891 0.052061
v -0.020895 0.027521 0.055662
v -0.015861 0.026309 0.057310
v -0.020573 0.032178 0.052374
v -0.013753 0.028930 0.056641
v -0.007786 0.029191 0.057197
v -0.011790 0.032093 0.055419
v -0.007487 0.026048 0.058719
v -0.004768 0.031633 0.055820
v -0.002067 0.027499 0.057734
v -0.012553 0.038424 0.043651
v -0.009880 0.038339 0.045508
v -0.006609 0.038154 0.045605
v -0.002080 0.037964 0.043856
v -0.009438 0.036666 0.050226
v -0.014210 0.038232 0.045089
v 0.006576 0.002797 0.016693
v 0.005205 0.000041 0.019591
v -0.000176 0.000228 0.019482
v 0.010425 0.001309 0.018638
v 0.014886 0.001801 0.015312
v 0.010917 0.003861 0.014814
v -0.000119 0.002953 0.017929
v 0.025379 0.000619 0.013578
v 0.025889 0.000586 0.017632
v 0.020243 0.000771 0.016954
v 0.022590 0.000477 0.021578
v 0.015829 -0.000155 0.020055
v 0.001443 0.000262 0.024069
v 0.001438 0.000615 0.027650
v 0.001335 0.000947 0.033137
v 0.003405 0.001004 0.031054
v 0.008808 -0.000037 0.022674
v 0.007027 0.000437 0.025952
v 0.011934 0.000455 0.027461
v 0.005926 0.000769 0.028951
v 0.010246 0.000948 0.032170
v 0.006620 0.000992 0.032927
v 0.012617 0.000116 0.022525
v 0.018929 0.000592 0.022666
v 0.015665 0.000262 0.024523
v 0.021577 0.000728 0.025336
v 0.016239 0.000685 0.028374
v 0.021347 0.001123 0.029035
v 0.017876 0.001046 0.032693
v 0.024378 0.000759 0.025342
v 0.024747 0.001334 0.028315
v 0.022770 0.000974 0.031835
v 0.029013 0.001078 0.028194
v 0.027418 0.001060 0.032071
v -0.003545 0.004856 0.017944
v -0.002316 0.008266 0.015347
v 0.001310 0.009589 0.014088
v -0.001160 0.011628 0.014983
v 0.001570 0.014399 0.013548
v 0.004241 0.013515 0.012759
v -0.001306 0.016043 0.014076
v 0.003038 0.017201 0.012756
v 0.000058 0.020944 0.013530
v 0.006856 0.011288 0.013414
v 0.004688 0.006898 0.014441
v 0.004240 0.021314 0.013480
v 0.006803 0.019522 0.013437
v 0.002147 0.005018 0.016281
v 0.011623 0.007060 0.011937
v 0.008036 0.007541 0.013985
v 0.011959 0.010785 0.010488
v 0.009521 0.012940 0.011680
v 0.008257 0.017445 0.013236
v 0.010678 0.021462 0.012959
v 0.012723 0.018994 0.012206
v 0.013889 0.015708 0.011169
v 0.009322 0.015321 0.012446
v 0.015533 0.019148 0.009766
v 0.023266 0.008416 0.001868
v 0.024852 0.008943 -0.001594
v 0.023939 0.007364 0.000262
v 0.018310 0.011431 0.007243
v 0.018574 0.007493 0.007268
v 0.015574 0.010037 0.009038
v 0.024534 0.005384 0.002382
v 0.023276 0.006204 0.004410
v 0.020666 0.008612 0.004370
v 0.023460 0.010956 0.000132
v 0.020417 0.011049 0.004546
v 0.023291 0.013409 -0.000373
v 0.021103 0.011780 0.002656
v 0.020570 0.013922 0.002787
v 0.022213 0.016239 -0.000704
v 0.020579 0.018445 0.002451
v 0.022052 0.018572 -0.000187
v 0.018910 0.015437 0.005300
v 0.018450 0.018415 0.005281
v 0.017164 0.018709 0.008175
v 0.016710 0.014706 0.009427
v -0.000594 0.001275 0.036370
v 0.003982 0.001210 0.036206
v 0.004200 0.001030 0.038140
v -0.003114 0.001225 0.038848
v -0.000106 0.001353 0.041007
v 0.008143 0.000631 0.040317
v 0.008883 0.001682 0.038527
v 0.005051 0.000925 0.041206
v 0.007928 0.000881 0.035463
v 0.011330 0.000881 0.038159
v -0.001644 0.000838 0.048086
v 0.000338 0.000728 0.045875
v 0.005285 0.000537 0.045269
v 0.002487 0.001209 0.043325
v 0.003925 0.000573 0.047901
v 0.000137 0.000359 0.049342
v 0.003384 0.000866 0.050993
v 0.000918 0.001026 0.052287
v 0.002887 0.003204 0.054387
v 0.009269 0.000538 0.048150
v 0.008248 0.000695 0.050654
v -0.002737 0.001705 0.052821
v 0.016047 0.000719 0.036725
v 0.012866 0.000737 0.034879
v 0.019703 0.000963 0.034966
v 0.022113 0.000773 0.037839
v 0.019053 0.000819 0.039332
v 0.015905 0.001194 0.038771
v 0.025533 0.000800 0.035752
v 0.012445 0.000623 0.041276
v 0.018285 0.001512 0.040645
v 0.017036 0.000462 0.042525
v 0.021505 0.000549 0.042260
v 0.026924 0.000196 0.041808
v 0.020884 0.000466 0.044081
v 0.016777 0.000592 0.045820
v 0.020211 0.001208 0.047860
v 0.015329 0.001454 0.049328
v 0.013446 0.000459 0.046345
v 0.017329 0.003717 0.051375
v 0.013383 0.002555 0.051820
v 0.026800 0.000151 0.045175
v 0.025779 0.001838 0.048587
v 0.021330 0.004762 0.051726
v 0.018033 0.006002 0.053698
v 0.028427 0.005851 0.050791
v 0.025560 0.008333 0.053348
v -0.000479 0.004185 0.056144
v -0.001250 0.011009 0.059502
v -0.000607 0.007717 0.058309
v 0.003476 0.009748 0.058893
v 0.008238 0.007531 0.057185
v 0.006395 0.005134 0.056011
v 0.008452 0.002267 0.053272
v 0.012051 0.004507 0.054614
v 0.008236 0.011310 0.058754
v 0.004722 0.013477 0.059369
v 0.008351 0.015146 0.058832
v -0.001078 0.016297 0.059513
v -0.000119 0.019439 0.059625
v 0.003316 0.017790 0.060089
v 0.002595 0.021325 0.059065
v 0.005537 0.019942 0.059442
v 0.008945 0.017946 0.058942
v 0.007106 0.021509 0.059816
v -0.000098 0.024303 0.058935
v -0.002926 0.018617 0.059892
v 0.007600 0.022996 0.058193
v 0.009799 0.025446 0.057302
v 0.004652 0.025617 0.057881
v 0.010835 0.020196 0.058642
v 0.014794 0.007942 0.055841
v 0.016853 0.014111 0.057428
v 0.012706 0.013562 0.057988
v 0.021060 0.010110 0.055228
v 0.020721 0.014748 0.056501
v 0.026061 0.013253 0.054878
v 0.013480 0.018015 0.057943
v 0.019153 0.019841 0.056958
v 0.014418 0.024127 0.057198
v 0.019191 0.024250 0.055703
v 0.023465 0.016589 0.056130
v 0.023001 0.021300 0.055498
v 0.023412 0.026377 0.053073
v 0.027580 0.020490 0.054159
v 0.026243 0.026982 0.051638
v 0.036159 0.000968 0.003920
v 0.031096 0.000892 0.001965
v 0.037275 0.000732 0.000515
v 0.034337 0.001394 0.007104
v 0.030551 0.000994 0.004758
v 0.030132 0.001814 0.007002
v 0.033382 0.000852 0.009838
v 0.028072 0.002862 0.002905
v 0.029792 0.001230 0.009290
v 0.027013 0.001986 0.007112
v 0.037178 0.000936 0.009499
v 0.044029 0.001622 0.001012
v 0.048939 0.001384 0.002418
v 0.044456 0.001070 0.003061
v 0.039673 0.001228 0.002476
v 0.040518 0.001351 0.007265
v 0.045949 0.001555 0.005645
v 0.043472 0.001312 0.009743
v 0.050231 0.000947 0.008269
v 0.046821 0.001444 0.008455
v 0.053259 0.000540 0.005460
v 0.031358 0.001058 0.015276
v 0.029035 0.000939 0.016242
v 0.028375 0.001504 0.012200
v 0.033359 0.000989 0.012848
v 0.036444 0.000965 0.015678
v 0.033107 0.001915 0.016435
v 0.031797 0.001227 0.017861
v 0.041348 0.000934 0.013756
v 0.039673 0.001015 0.017134
v 0.028150 0.000852 0.021773
v 0.031129 0.000997 0.022972
v 0.036162 0.000783 0.018494
v 0.034529 0.001286 0.020194
v 0.044605 0.000895 0.016200
v 0.047198 0.001365 0.014205
v 0.050010 0.000497 0.017111
v 0.046709 0.001144 0.011873
v 0.052625 0.000569 0.012424
v 0.053235 0.000715 0.019442
v 0.049260 0.000279 0.023428
v 0.056791 0.000935 0.001037
v 0.057093 0.000861 0.005631
v 0.051916 0.001241 0.001987
v 0.060033 0.002612 0.003291
v 0.061304 0.005495 0.008611
v 0.059540 0.003793 0.011588
v 0.056270 0.001212 0.009807
v 0.061789 0.005770 0.004906
v 0.062362 0.005627 0.001546
v 0.063778 0.009354 0.003147
v 0.063533 0.009127 0.008268
v 0.064388 0.012713 0.007019
v 0.064658 0.013879 0.003702
v 0.064893 0.017684 0.001129
v 0.064938 0.016831 0.005544
v 0.057581 0.002426 0.015049
v 0.053547 0.001033 0.014338
v 0.061435 0.007417 0.014442
v 0.058627 0.005673 0.020840
v 0.056402 0.003148 0.020603
v 0.061311 0.008757 0.018275
v 0.063377 0.012906 0.012777
v 0.064063 0.018616 0.012027
v 0.062177 0.013719 0.018653
v 0.063547 0.015475 0.015077
v 0.062321 0.017935 0.018956
v 0.060884 0.012312 0.022059
v 0.031988 0.000929 0.026645
v 0.036161 0.000856 0.024630
v 0.036655 0.001009 0.027929
v 0.033638 0.000847 0.029842
v 0.040898 0.000817 0.025615
v 0.035056 0.000768 0.031996
v 0.032925 0.000372 0.035844
v 0.028620 0.000855 0.034926
v 0.029547 0.000342 0.039033
v 0.036847 0.000457 0.034081
v 0.037863 0.000589 0.037565
v 0.034756 0.000594 0.040380
v 0.039403 0.000510 0.034424
v 0.044547 0.000115 0.024743
v 0.046969 0.000343 0.026747
v 0.040755 0.000459 0.030362
v 0.043852 0.000057 0.027823
v 0.049646 0.002147 0.027948
v 0.045628 0.000558 0.030496
v 0.047620 0.003294 0.034824
v 0.043436 0.001085 0.035472
v 0.042986 0.003017 0.039829
v 0.051334 0.005118 0.030974
v 0.053155 0.002472 0.024267
v 0.052775 0.004521 0.028050
v 0.058535 0.009231 0.024719
v 0.056125 0.005527 0.025022
v 0.053913 0.007159 0.030225
v 0.052370 0.005520 0.029284
v 0.059697 0.015472 0.025755
v 0.057945 0.012198 0.026878
v 0.056809 0.014823 0.029844
v 0.060072 0.021326 0.023003
v 0.055995 0.018440 0.030670
v 0.050690 0.018216 0.037744
v 0.052580 0.020146 0.034213
v 0.049705 0.020473 0.037753
v 0.054599 0.021637 0.031441
v 0.053109 0.015794 0.034609
v 0.054702 0.014281 0.032208
v 0.052205 0.011247 0.035438
v 0.034491 0.001718 0.043315
v 0.031303 0.000321 0.042472
v 0.031688 0.001776 0.045721
v 0.031041 0.003308 0.047961
v 0.035079 0.003794 0.045796
v 0.033543 0.006049 0.048809
v 0.031418 0.011703 0.052867
v 0.029265 0.015491 0.054097
v 0.031468 0.008616 0.051594
v 0.038157 0.011921 0.049314
v 0.039007 0.002344 0.042049
v 0.038854 0.007558 0.046728
v 0.043312 0.006882 0.043111
v 0.043065 0.011299 0.045337
v 0.048135 0.007883 0.038845
v 0.047479 0.011852 0.041552
v 0.032426 0.019487 0.052582
v 0.031174 0.024209 0.051138
v 0.035738 0.017919 0.050917
v 0.032904 0.015031 0.052800
v 0.038810 0.015059 0.049544
v 0.036471 0.020531 0.049808
v 0.036478 0.023624 0.048702
v 0.041196 0.019394 0.047299
v 0.034773 0.025772 0.048061
v 0.043294 0.015662 0.046105
v 0.042556 0.023381 0.044786
v 0.046777 0.017390 0.042695
v 0.047946 0.021970 0.040235
v 0.046915 0.025522 0.040073
v 0.050057 0.013558 0.038534
v 0.000139 0.024531 0.014818
v 0.004664 0.024701 0.014391
v 0.002128 0.023001 0.013083
v -0.003097 0.026054 0.016081
v -0.000265 0.029360 0.018166
v 0.004885 0.030240 0.016207
v 0.004853 0.027405 0.014341
v 0.001161 0.025953 0.013755
v 0.003430 0.028552 0.017143
v 0.006963 0.029011 0.018136
v 0.007915 0.022241 0.014317
v 0.006832 0.027032 0.015861
v 0.001660 0.031790 0.021022
v -0.002054 0.031632 0.020343
v 0.000160 0.033364 0.022366
v -0.001440 0.036094 0.023573
v -0.001061 0.033527 0.023523
v -0.002274 0.033929 0.022209
v 0.000801 0.033125 0.024264
v 0.003082 0.033253 0.024013
v 0.005090 0.031852 0.021877
v 0.008831 0.025904 0.016141
v 0.011763 0.024924 0.014431
v 0.010717 0.023264 0.012992
v 0.014173 0.025921 0.012761
v 0.012906 0.023922 0.012514
v 0.016880 0.024049 0.011131
v 0.014014 0.022159 0.012006
v 0.013915 0.028007 0.015912
v 0.010866 0.027725 0.016551
v 0.015557 0.026427 0.013997
v 0.017511 0.027422 0.013595
v 0.014344 0.032879 0.021779
v 0.015681 0.032385 0.019985
v 0.017151 0.030479 0.017227
v 0.011668 0.029789 0.018348
v 0.018068 0.032379 0.018969
v 0.017108 0.034131 0.023551
v 0.018041 0.033445 0.020795
v 0.019532 0.020828 0.003786
v 0.018310 0.021471 0.006519
v 0.020236 0.022071 0.005667
v 0.021394 0.021180 0.001262
v 0.021621 0.022378 0.003722
v 0.023010 0.023776 0.001502
v 0.024849 0.027090 -0.001026
v 0.024674 0.026231 0.003252
v 0.021740 0.024297 0.006712
v 0.023048 0.027670 0.009604
v 0.019604 0.023757 0.006629
v 0.018977 0.023032 0.008135
v 0.018745 0.025434 0.011409
v 0.026046 0.029156 0.004007
v 0.025136 0.027724 0.001092
v 0.026696 0.030602 -0.001374
v 0.025226 0.031313 0.001698
v 0.027396 0.032184 0.000065
v 0.023817 0.029051 0.001529
v 0.027042 0.032644 -0.003309
v 0.029954 0.034655 -0.002981
v 0.027906 0.030871 0.003895
v 0.025201 0.029621 0.008387
v 0.020590 0.027983 0.012585
v 0.022511 0.030175 0.013717
v 0.024244 0.030787 0.011435
v 0.022832 0.031923 0.012877
v 0.019748 0.029326 0.014883
v 0.021476 0.032789 0.014905
v 0.021259 0.031061 0.016184
v 0.023662 0.034585 0.014379
v 0.021198 0.036159 0.018540
v 0.020671 0.033021 0.017764
v 0.025796 0.033209 0.013029
v 0.027879 0.033012 0.008080
v 0.024010 0.037651 0.019827
v 0.022406 0.038094 0.023093
v 0.000484 0.035374 0.029991
v 0.001533 0.035115 0.027857
v 0.003677 0.035522 0.030154
v 0.006025 0.034458 0.026981
v 0.005126 0.035688 0.028148
v 0.006022 0.036359 0.030768
v -0.001943 0.037306 0.034240
v 0.000659 0.036698 0.032345
v 0.000685 0.036328 0.035115
v 0.003284 0.036532 0.034393
v 0.003072 0.037986 0.035711
v -0.000594 0.037088 0.037324
v 0.004636 0.035807 0.033203
v 0.005018 0.035943 0.036571
v 0.006835 0.036117 0.033921
v 0.006235 0.037173 0.033503
v 0.006601 0.037003 0.036551
v 0.002706 0.037330 0.038622
v 0.001806 0.037016 0.036651
v 0.008700 0.037251 0.035257
v 0.010222 0.037681 0.036418
v 0.008244 0.038701 0.039071
v 0.006450 0.038150 0.038259
v 0.013329 0.037391 0.031103
v 0.014804 0.036978 0.033156
v 0.014818 0.035975 0.030374
v 0.007841 0.038093 0.041172
v 0.011019 0.037828 0.041320
v 0.002663 0.030420 0.055594
v 0.009843 0.029289 0.055368
v 0.036207 0.037851 -0.001380
v 0.037465 0.038419 -0.001872
v 0.036132 0.036709 -0.002709
v 0.042568 0.037647 -0.002809
v 0.038150 0.037054 -0.003351
v 0.040604 0.037250 -0.000656
v 0.044114 0.037578 -0.000753
v 0.045620 0.038199 -0.002303
v 0.046901 0.037759 -0.004106
v 0.043455 0.039076 -0.001166
v 0.045937 0.037892 0.001100
v 0.047892 0.039115 -0.000216
v 0.048323 0.037881 -0.000099
v 0.035919 0.037715 0.010329
v 0.033594 0.037304 0.010497
v 0.032821 0.037277 0.012542
v 0.034872 0.036651 0.007408
v 0.035048 0.037997 0.013195
v 0.029221 0.035390 0.013587
v 0.032091 0.036607 0.016331
v 0.033686 0.039050 0.013625
v 0.032025 0.038418 0.015783
v 0.034289 0.038878 0.015602
v 0.037390 0.038950 0.014550
v 0.034994 0.037676 0.015829
v 0.043911 0.037398 0.015481
v 0.042968 0.038591 0.014005
v 0.040238 0.037742 0.015752
v 0.040358 0.038608 0.013079
v 0.037565 0.039462 0.011490
v 0.045552 0.037395 0.013901
v 0.045233 0.037542 0.017797
v 0.064078 0.021056 0.003316
v 0.064186 0.021876 0.007716
v 0.063580 0.021019 -0.001003
v 0.063648 0.023668 -0.002411
v 0.062908 0.027974 0.003782
v 0.063667 0.023917 0.005663
v 0.063508 0.022229 0.012769
v 0.062072 0.024683 0.016268
v 0.062444 0.027202 0.015920
v 0.061025 0.025734 0.018354
v 0.061690 0.027199 0.014666
v 0.060889 0.027740 0.017457
v 0.051119 0.037663 0.000590
v 0.049216 0.037391 0.002223
v 0.035502 0.037865 0.020009
v 0.034356 0.037718 0.017756
v 0.033089 0.038621 0.019553
v 0.032349 0.037404 0.020243
v 0.033483 0.038061 0.023105
v 0.037127 0.037947 0.028895
v 0.036218 0.038746 0.025184
v 0.034744 0.038872 0.027727
v 0.036787 0.037436 0.025289
v 0.032376 0.038318 0.028654
v 0.034593 0.037638 0.030061
v 0.037582 0.036962 0.029191
v 0.040093 0.036123 0.031125
v 0.039737 0.037787 0.028803
v 0.059697 0.025466 0.021206
v 0.034021 0.029927 0.046527
v 0.029093 0.027634 0.049611
v 0.038743 0.028276 0.044172
v 0.045547 0.035273 0.034184
v 0.041979 0.035319 0.033559
v 0.042668 0.032833 0.037179
v 0.039142 0.035298 0.035457
v 0.038834 0.031907 0.041153
v 0.038620 0.033068 0.039478
v 0.044633 0.028458 0.040106
v 0.046486 0.027471 0.040506
v -0.050680 0.018650 0.038717
v -0.063636 0.021965 0.003553
v -0.055172 0.030904 0.010144
v -0.047463 0.033082 -0.000931
v -0.049387 0.033122 0.000854
v -0.043491 0.034453 0.003652
v -0.037646 0.030983 0.001765
v -0.038687 0.030655 -0.002262
v -0.037943 0.031211 0.004959
v -0.038511 0.033404 0.004972
v -0.038300 0.035574 0.019931
v -0.036831 0.035360 0.014311
v -0.034595 0.034350 0.004402
v -0.036530 0.036614 0.021719
v -0.048079 0.032579 0.023700
v -0.038513 0.036201 0.023419
v -0.036121 0.036520 0.023341
v -0.042093 0.030136 0.041091
v -0.046652 0.026427 0.039557
v -0.003221 0.036206 0.030755
v -0.027832 0.032118 0.049511
v 0.015169 0.006373 0.011113
v 0.026698 0.002459 0.009014
v 0.010528 0.000856 0.043082
v 0.019677 0.028085 0.053378
v 0.051337 0.008018 0.034432
v 0.054393 0.010772 0.031437
v 0.050408 0.024426 0.036540
v 0.029790 0.032912 0.004691
v 0.019301 0.035304 0.021152
v 0.014423 0.034687 0.025775
v 0.018058 0.035118 0.025302
v 0.030379 0.038078 0.025093
v 0.027998 0.037128 0.025131
v 0.026577 0.037838 0.026810
v -0.000549 0.037471 0.041099
v 0.014960 0.030249 0.053565
v 0.024926 0.030265 0.049115
v 0.029865 0.035484 0.010952
v 0.038120 0.037932 0.017653
v 0.039836 0.039629 0.009930
v 0.040828 0.038672 0.010580
v 0.038748 0.038210 0.010545
v 0.050114 0.037300 0.016324
v 0.047782 0.038452 0.014386
v 0.041898 0.037573 0.017416
v 0.048942 0.037709 0.012262
v 0.033114 0.037835 0.031604
v -0.037422 0.032072 -0.040411
v -0.037447 0.032979 -0.032870
v -0.024538 0.034301 -0.040074
v -0.036047 0.033433 -0.036649
v -0.033458 0.033604 -0.033966
v -0.033551 0.033542 -0.037860
v -0.030927 0.033931 -0.038704
v -0.031388 0.033120 -0.031787
v -0.032384 0.034550 -0.039782
v 0.000108 0.027641 -0.059717
v -0.018167 0.034447 -0.044636
v -0.012410 0.034985 -0.046153
v -0.011683 0.035707 -0.043399
v -0.018319 0.034338 -0.037746
v -0.020273 0.034432 -0.043862
v -0.017355 0.034789 -0.036378
v -0.013449 0.034894 -0.039100
v -0.014774 0.033706 -0.036464
v -0.021938 0.033621 -0.036528
v -0.018384 0.033344 -0.032999
v -0.011468 0.035207 -0.040490
v -0.014594 0.035094 -0.042663
v -0.013018 0.033250 -0.034100
v -0.009900 0.032029 -0.030996
v -0.010906 0.034089 -0.035953
v -0.011234 0.035728 -0.038383
v -0.006690 0.032970 -0.032866
v -0.063470 0.012356 -0.016394
v -0.062294 0.009255 -0.017904
v -0.059817 0.003538 -0.005352
v -0.061718 0.006320 -0.002992
v -0.062852 0.008309 -0.004990
v -0.055248 0.000984 -0.004369
v -0.062127 0.007020 -0.010432
v -0.060983 0.006476 -0.014310
v -0.062954 0.009392 -0.013477
v -0.063820 0.011526 -0.008675
v -0.064306 0.016126 -0.010793
v -0.064824 0.016194 -0.006737
v -0.064637 0.013645 -0.004285
v -0.047970 0.000743 -0.003769
v -0.050074 0.000761 -0.001071
v -0.051459 0.000576 -0.002607
v -0.052835 0.001301 -0.001292
v -0.045558 0.001184 -0.005723
v -0.040521 0.001026 -0.004831
v -0.045078 0.000963 -0.001589
v -0.043895 0.000787 -0.003269
v -0.040174 0.000704 -0.002958
v -0.062463 0.021816 -0.014768
v -0.064090 0.020206 -0.009861
v -0.063288 0.023077 -0.007794
v -0.061799 0.024415 -0.010995
v -0.064231 0.020309 -0.004089
v -0.060806 0.025342 -0.011479
v -0.059859 0.027856 -0.011348
v -0.057925 0.029878 -0.007127
v -0.057135 0.030263 -0.009648
v -0.060277 0.027815 -0.006968
v -0.050841 0.032628 -0.010203
v -0.053213 0.031877 -0.016337
v -0.055451 0.030509 -0.006843
v -0.046924 0.033245 -0.018722
v -0.040888 0.033656 -0.020628
v -0.039368 0.033937 -0.021950
v -0.042285 0.032825 -0.019004
v -0.038686 0.033057 -0.019555
v -0.037382 0.033702 -0.028353
v -0.048885 0.033243 -0.013939
v -0.044541 0.032801 -0.014513
v -0.043903 0.031489 -0.009078
v -0.047513 0.032062 -0.007163
v -0.052257 0.031851 -0.007481
v -0.045697 0.032183 -0.006431
v -0.043755 0.031207 -0.007368
v -0.039060 0.031871 -0.015467
v -0.042605 0.032660 -0.016655
v -0.038472 0.031667 -0.013280
v -0.041769 0.031264 -0.012456
v -0.037144 0.032017 -0.018480
v -0.041318 0.031013 -0.009428
v -0.039793 0.032238 -0.011438
v -0.037473 0.030285 -0.009990
v -0.041609 0.030861 -0.005560
v -0.039921 0.030535 -0.007144
v -0.037534 0.030126 -0.006766
v -0.028711 0.000542 -0.005134
v -0.033533 0.000566 -0.004402
v -0.036510 0.000739 -0.002917
v -0.024748 0.001401 -0.005221
v -0.025837 0.001137 -0.002468
v -0.028076 0.000454 -0.002850
v -0.020460 0.006258 -0.005421
v -0.021557 0.005737 -0.003332
v -0.023269 0.003708 -0.003148
v -0.019186 0.011232 -0.007205
v -0.019612 0.008849 -0.003616
v -0.019473 0.014478 -0.007768
v -0.021311 0.017961 -0.008604
v -0.020201 0.013149 -0.004782
v -0.020681 0.015319 -0.005135
v -0.021683 0.017637 -0.005303
v -0.033564 0.032902 -0.030017
v -0.033033 0.033438 -0.027528
v -0.031030 0.032433 -0.028292
v -0.035776 0.032023 -0.015237
v -0.035242 0.032980 -0.021164
v -0.034186 0.029287 -0.009081
v -0.023839 0.020874 -0.007771
v -0.025847 0.022540 -0.004852
v -0.023252 0.019906 -0.005872
v -0.024932 0.023773 -0.008489
v -0.026906 0.024703 -0.006658
v -0.030961 0.028356 -0.008445
v -0.032524 0.028888 -0.006982
v -0.031268 0.028935 -0.006953
v -0.027726 0.026352 -0.008206
v -0.029144 0.026798 -0.006034
v -0.021345 0.032037 -0.030060
v -0.014746 0.031013 -0.029451
v -0.017338 0.032092 -0.031337
v -0.010043 0.030833 -0.027980
v -0.008284 0.029914 -0.028109
v -0.005291 0.031136 -0.029607
v 0.022067 0.005461 -0.005915
v 0.022489 0.007860 -0.004298
v 0.019517 0.009973 -0.005703
v 0.027580 0.003007 -0.004349
v 0.025128 0.006153 -0.004744
v 0.027349 0.003978 -0.003501
v 0.021419 0.011453 -0.004828
v 0.022515 0.010301 -0.003814
v 0.020995 0.013118 -0.005537
v 0.019545 0.016085 -0.007043
v 0.022249 0.016467 -0.005215
v 0.022314 0.020490 -0.005892
v 0.021667 0.018459 -0.007069
v 0.023325 0.023547 -0.006532
v 0.023484 0.025180 -0.007972
v 0.021803 0.021690 -0.007875
v 0.042580 0.008947 -0.045790
v 0.041128 0.014106 -0.048772
v 0.048436 0.012085 -0.042506
v 0.034425 0.000746 -0.003308
v 0.029511 0.000950 -0.005823
v 0.030727 0.000710 -0.003014
v 0.028710 0.002406 -0.002878
v 0.037482 0.001137 -0.003728
v 0.043489 0.001553 -0.004580
v 0.039893 0.001294 -0.002882
v 0.055678 0.001466 -0.014577
v 0.048762 0.001255 -0.005714
v 0.055669 0.000894 -0.007768
v 0.046191 0.001224 -0.003240
v 0.048921 0.001464 -0.003396
v 0.058559 0.003550 -0.016512
v 0.059773 0.006512 -0.018267
v 0.061903 0.008912 -0.016975
v 0.060005 0.005270 -0.013953
v 0.062376 0.010002 -0.013551
v 0.063044 0.008555 -0.009587
v 0.061476 0.005085 -0.009740
v 0.060191 0.002741 -0.005932
v 0.056897 0.001112 -0.003614
v 0.057936 0.001686 -0.010259
v 0.058914 0.001701 -0.001864
v 0.063219 0.008247 -0.006155
v 0.063876 0.009203 -0.003656
v 0.062237 0.005391 -0.003272
v 0.064234 0.012777 -0.009101
v 0.064800 0.016135 -0.008513
v 0.064078 0.022573 -0.009617
v 0.064665 0.018644 -0.005428
v 0.064791 0.012231 -0.005009
v 0.065245 0.015821 -0.003397
v 0.000790 0.024203 -0.061600
v 0.007227 0.023595 -0.061273
v 0.007865 0.028306 -0.059059
v 0.010303 0.026688 -0.059221
v 0.012538 0.024747 -0.060256
v 0.005208 0.032131 -0.055313
v 0.012179 0.033172 -0.052814
v 0.011380 0.030642 -0.056552
v 0.017188 0.029294 -0.056284
v 0.020869 0.024531 -0.058385
v 0.014993 0.032432 -0.053584
v 0.021728 0.027662 -0.056141
v 0.016226 0.032677 -0.054002
v 0.018624 0.032175 -0.052858
v 0.023518 0.021745 -0.058385
v 0.027640 0.022967 -0.056212
v 0.025772 0.031613 -0.051101
v 0.022466 0.030201 -0.053997
v 0.028346 0.027267 -0.053902
v 0.029672 0.028412 -0.052298
v 0.005548 0.034301 -0.048665
v 0.002942 0.034259 -0.050757
v 0.003096 0.034756 -0.046109
v 0.006826 0.035099 -0.046826
v 0.009161 0.034097 -0.051204
v 0.018094 0.035104 -0.047895
v 0.017082 0.035005 -0.050254
v 0.017052 0.033703 -0.051592
v 0.022328 0.032719 -0.050690
v 0.024522 0.032511 -0.051421
v 0.023214 0.034403 -0.048423
v 0.027353 0.033398 -0.047720
v 0.014160 0.034761 -0.035327
v 0.011198 0.034033 -0.033491
v 0.016263 0.035098 -0.034221
v 0.020645 0.036529 -0.032538
v 0.026328 0.036543 -0.037170
v 0.017783 0.035300 -0.031158
v 0.015914 0.033446 -0.027611
v 0.024307 0.029245 -0.010733
v 0.027227 0.031598 -0.007984
v 0.024718 0.027821 -0.007111
v 0.026192 0.029771 -0.005463
v 0.041740 0.030809 -0.042392
v 0.042905 0.026188 -0.045744
v 0.033443 0.028057 -0.050654
v 0.033736 0.031868 -0.046702
v 0.030984 0.031641 -0.048952
v 0.030353 0.034222 -0.044194
v 0.031116 0.037335 -0.035201
v 0.032591 0.036803 -0.037928
v 0.031135 0.038521 -0.033241
v 0.034404 0.037516 -0.032114
v 0.029346 0.037133 -0.033219
v 0.032251 0.037948 -0.031008
v 0.045219 0.023092 -0.045159
v 0.046978 0.026367 -0.041055
v 0.047316 0.030541 -0.038039
v 0.030629 0.037799 -0.025025
v 0.031108 0.037080 -0.026352
v 0.029269 0.035879 -0.022460
v 0.035551 0.038328 -0.027410
v 0.032270 0.036978 -0.024199
v 0.031627 0.036820 -0.021300
v 0.034496 0.037735 -0.021296
v 0.037646 0.038929 -0.019793
v 0.040338 0.039270 -0.023832
v 0.038969 0.038636 -0.028360
v 0.046157 0.037571 -0.023702
v 0.048719 0.035521 -0.025742
v 0.041407 0.039541 -0.019013
v 0.044803 0.039096 -0.021124
v 0.049119 0.038272 -0.018092
v 0.050908 0.035896 -0.021684
v 0.030083 0.032812 -0.010785
v 0.028194 0.032038 -0.010501
v 0.028627 0.033450 -0.010032
v 0.028919 0.032918 -0.007688
v 0.032627 0.034582 -0.009674
v 0.031099 0.034438 -0.007341
v 0.036356 0.036504 -0.011807
v 0.035725 0.035966 -0.009026
v 0.042352 0.038791 -0.014210
v 0.045654 0.039080 -0.016493
v 0.040688 0.037635 -0.009467
v 0.039990 0.037858 -0.012067
v 0.046929 0.039386 -0.014096
v 0.044967 0.039015 -0.011779
v 0.050024 0.038944 -0.011525
v 0.047800 0.038956 -0.008281
v 0.053648 0.033461 -0.025673
v 0.053290 0.036116 -0.018216
v 0.062426 0.027005 -0.008964
v 0.062430 0.029060 -0.008127
v 0.062040 0.028676 -0.007269
v 0.060589 0.032042 -0.008754
v 0.057796 0.034311 -0.011187
v 0.055000 0.036861 -0.008035
v 0.056389 0.036028 -0.009232
v 0.054883 0.036621 -0.013688
v 0.053054 0.038084 -0.007081
v -0.057063 0.001543 -0.000793
v -0.058812 0.002777 -0.002472
v -0.063270 0.009806 -0.004051
v -0.063043 0.024228 -0.005664
v -0.019540 0.009516 -0.001820
v -0.021899 0.019677 -0.006744
v -0.034621 0.028972 -0.004831
v 0.024180 0.007384 -0.004221
v 0.022359 0.014604 -0.005020
v 0.064075 0.021542 -0.006515
v 0.023810 0.026425 -0.005837
v 0.037627 0.037193 -0.007347
v 0.038205 0.036934 -0.008267
v 0.033998 0.035659 -0.006276
v 0.042239 0.037688 -0.008312
v 0.063695 0.024348 -0.005829
v 0.059448 0.032719 -0.007300
v 0.056734 0.036133 -0.007683
v -0.057531 0.030976 -0.006441
v -0.059059 0.028939 -0.003592
v -0.034436 0.000774 0.000279
v -0.020271 0.014879 -0.002525
v 0.026771 0.005359 -0.001587
v 0.024568 0.009402 -0.003390
v 0.023518 0.013607 -0.004001
v 0.021874 0.018812 -0.003478
v 0.036043 0.001234 -0.001619
v -0.059621 0.003748 0.001321
v -0.063926 0.011397 0.000703
v -0.064547 0.013599 -0.000399
v -0.062457 0.019963 0.013101
v -0.057520 0.021663 0.024886
v -0.041086 0.000846 -0.000739
v -0.030116 0.000441 0.000066
v -0.026707 0.001039 -0.000797
v -0.023257 0.004636 -0.000803
v -0.020834 0.006812 -0.000727
v -0.019569 0.012197 -0.001568
v -0.017777 0.003674 0.014128
v -0.015335 0.008046 0.010119
v -0.014097 0.007713 0.012988
v -0.013449 0.011248 0.010344
v -0.012785 0.010186 0.014475
v -0.017529 0.004588 0.016296
v -0.016508 0.005815 0.017536
v -0.015346 0.007893 0.016698
v -0.053233 0.019756 0.035031
v -0.055927 0.018549 0.030593
v -0.050818 0.023276 0.037028
v -0.064983 0.016950 -0.002357
v -0.062247 0.025594 -0.001865
v -0.056898 0.030214 -0.004091
v -0.061642 0.024203 0.010749
v -0.062466 0.023384 0.008669
v -0.059277 0.027206 0.009898
v -0.061180 0.023501 0.013941
v -0.057061 0.028931 0.011630
v -0.058554 0.025644 0.015260
v -0.056343 0.026845 0.019099
v -0.056169 0.026622 0.021443
v -0.053310 0.030526 0.020077
v -0.053264 0.031767 0.015917
v -0.051945 0.031768 -0.005247
v -0.049042 0.032112 0.001493
v -0.045407 0.032180 -0.002116
v -0.042779 0.032468 0.001550
v -0.042721 0.032286 -0.001791
v -0.038976 0.033175 0.000979
v -0.039877 0.031718 0.001163
v -0.040252 0.031427 0.003825
v -0.044095 0.032569 0.004106
v -0.037078 0.032613 0.003123
v -0.045968 0.032257 0.003716
v -0.049796 0.033028 0.018784
v -0.048600 0.032392 0.022569
v -0.035139 0.035758 0.017016
v -0.031194 0.028223 -0.005744
v -0.029635 0.031904 0.010495
v -0.034964 0.034883 0.014779
v -0.023217 0.020828 -0.004005
v -0.021883 0.018552 -0.001862
v -0.030278 0.035140 0.015184
v -0.033314 0.036761 0.019176
v -0.027604 0.035943 0.017459
v -0.027712 0.034388 0.014681
v -0.027080 0.037236 0.020800
v -0.024351 0.036089 0.018710
v -0.053284 0.024764 0.031018
v -0.055483 0.026087 0.024243
v -0.052864 0.028348 0.026237
v -0.049279 0.028450 0.032404
v -0.049531 0.026704 0.035541
v -0.048162 0.030816 0.028983
v -0.046054 0.032005 0.027258
v -0.037366 0.036837 0.027295
v -0.039892 0.035647 0.031096
v -0.040435 0.034916 0.032273
v -0.042185 0.034538 0.034667
v -0.041503 0.033544 0.034891
v -0.043809 0.032307 0.033577
v -0.036248 0.036635 0.033967
v -0.031513 0.038182 0.025868
v -0.030975 0.038572 0.029492
v -0.026526 0.038954 0.028446
v -0.034285 0.037497 0.032720
v -0.029901 0.038195 0.037400
v -0.027778 0.038850 0.033076
v -0.046928 0.028868 0.035632
v -0.047650 0.024753 0.040235
v -0.040069 0.032750 0.038730
v -0.036586 0.033916 0.041177
v -0.038598 0.034998 0.036257
v -0.039066 0.027911 0.045940
v -0.038936 0.030646 0.042478
v -0.031402 0.028146 0.050767
v -0.034069 0.025398 0.050547
v -0.033146 0.031596 0.046695
v -0.031330 0.034310 0.045398
v -0.035597 0.035678 0.038189
v -0.033272 0.035320 0.042708
v -0.027431 0.037267 0.042648
v -0.022549 0.037108 0.022423
v -0.022490 0.038414 0.027520
v -0.017912 0.036957 0.025744
v -0.019088 0.035507 0.021083
v -0.022931 0.039415 0.031464
v -0.025692 0.038861 0.038480
v -0.024002 0.040341 0.038591
v -0.026922 0.039738 0.039277
v -0.023775 0.038843 0.040836
v -0.021686 0.037027 0.045557
v -0.024174 0.034554 0.048185
v -0.006298 0.035044 0.052944
v 0.002023 0.037153 0.047046
v -0.006913 0.037240 0.049082
v 0.001511 0.034852 0.051974
v 0.018785 0.002874 0.012606
v 0.024423 0.001761 0.011400
v 0.021880 0.003217 0.010235
v 0.025309 0.003426 0.006295
v 0.021387 0.005766 0.006256
v 0.017825 0.006203 0.010169
v 0.022567 0.016433 -0.003466
v 0.030376 0.000778 -0.000919
v 0.041145 0.001577 -0.001192
v 0.048592 0.001188 -0.000776
v 0.053814 0.001027 -0.001958
v 0.040347 0.000868 0.021248
v 0.042656 0.001080 0.019448
v 0.047192 0.000615 0.020872
v 0.064903 0.012907 -0.001165
v 0.006897 0.033279 0.021927
v 0.009133 0.032347 0.020609
v 0.007664 0.033040 0.023255
v 0.010078 0.033685 0.022635
v 0.011653 0.032308 0.021008
v 0.011630 0.034800 0.022660
v 0.012741 0.033844 0.024396
v 0.023255 0.023685 -0.003077
v 0.028634 0.035529 0.017119
v 0.025036 0.033221 0.015495
v 0.020715 0.034562 0.021095
v 0.020311 0.034570 0.023912
v 0.023734 0.035809 0.021878
v 0.022471 0.035447 0.024344
v 0.026560 0.035773 0.019841
v 0.025790 0.036027 0.022916
v 0.027072 0.037262 0.021841
v 0.008140 0.034980 0.027861
v 0.010848 0.034442 0.026767
v 0.008793 0.035813 0.031120
v 0.010258 0.036645 0.033776
v 0.021151 0.035821 0.027656
v 0.016822 0.035331 0.028190
v 0.011791 0.036257 0.031970
v 0.019121 0.035919 0.030639
v 0.018166 0.036885 0.032822
v 0.013394 0.036319 0.034057
v 0.018426 0.037101 0.037432
v 0.015967 0.037069 0.035858
v 0.016119 0.037679 0.034236
v 0.014413 0.037600 0.038963
v 0.026416 0.035828 0.027604
v 0.024835 0.034580 0.025760
v 0.023105 0.035922 0.027852
v 0.024643 0.036750 0.033415
v 0.023955 0.035936 0.030688
v 0.026760 0.037165 0.030029
v 0.028468 0.038158 0.027865
v 0.028693 0.037451 0.032216
v 0.024316 0.036938 0.035535
v 0.029852 0.036445 0.035498
v 0.028155 0.035473 0.024562
v 0.002193 0.037746 0.044020
v 0.007040 0.037407 0.044797
v 0.012102 0.036691 0.045151
v 0.007977 0.036168 0.047941
v -0.001139 0.033776 0.053723
v 0.006987 0.033997 0.051926
v 0.012872 0.035112 0.048493
v 0.019326 0.034431 0.046747
v 0.015933 0.035726 0.046020
v 0.014822 0.032622 0.051472
v 0.018325 0.030605 0.050786
v 0.021490 0.030379 0.050602
v 0.023231 0.034004 0.045876
v 0.018813 0.036629 0.041427
v 0.013066 0.037081 0.046207
v 0.024596 0.035557 0.042418
v 0.023064 0.036556 0.039701
v 0.022307 0.035805 0.043586
v 0.025383 0.034525 0.044799
v 0.023810 0.036711 0.043628
v 0.029771 0.034320 0.043876
v 0.027039 0.035713 0.041063
v 0.032430 0.037172 -0.003109
v 0.033753 0.036331 -0.000891
v 0.031958 0.036051 -0.001182
v 0.028558 0.033300 -0.005847
v 0.030673 0.036298 -0.000448
v 0.029969 0.034491 0.000555
v 0.034309 0.036402 0.002252
v 0.031975 0.034514 0.005213
v 0.037284 0.036771 -0.000338
v 0.037932 0.037518 0.001895
v 0.043632 0.037979 -0.007141
v 0.049426 0.038647 -0.005041
v 0.044551 0.038319 0.003567
v 0.039846 0.037797 0.004566
v 0.048142 0.038017 0.005549
v 0.033420 0.035892 0.005833
v 0.038868 0.037836 0.008828
v 0.038178 0.037969 0.006301
v 0.043927 0.038212 0.007539
v 0.044392 0.037913 0.012140
v 0.047853 0.038232 0.008828
v 0.064178 0.020122 -0.003666
v 0.063169 0.027303 -0.003567
v 0.061121 0.031141 -0.000668
v 0.059580 0.032964 0.005704
v 0.062721 0.026628 0.011836
v 0.059413 0.032153 0.010255
v 0.059650 0.029279 0.016973
v 0.051485 0.038135 -0.001615
v 0.057257 0.035311 -0.002500
v 0.054424 0.037546 -0.004318
v 0.053254 0.037195 0.002514
v 0.055714 0.036145 0.003691
v 0.052004 0.037275 0.008334
v 0.054849 0.036151 0.009573
v 0.052229 0.036682 0.015405
v 0.056578 0.033719 0.014963
v 0.028958 0.037038 0.022917
v 0.037739 0.038104 0.022204
v 0.041098 0.039311 0.019106
v 0.043837 0.037779 0.019739
v 0.040544 0.038340 0.019763
v 0.043760 0.037729 0.024763
v 0.041386 0.037339 0.027030
v 0.043366 0.035416 0.031662
v 0.056759 0.023042 0.027922
v 0.056280 0.027402 0.025879
v 0.055594 0.031652 0.022647
v 0.053203 0.027420 0.031558
v 0.047610 0.036529 0.022400
v 0.049369 0.037061 0.018760
v 0.048912 0.034710 0.026780
v 0.051512 0.034015 0.024859
v 0.046766 0.035683 0.027611
v 0.053456 0.034536 0.020683
v 0.056589 0.032520 0.018727
v 0.053799 0.031269 0.026463
v 0.052491 0.033761 0.026878
v 0.050515 0.033165 0.027987
v 0.049956 0.030751 0.032562
v 0.033202 0.036224 0.032925
v 0.033785 0.035309 0.035380
v 0.031506 0.034387 0.038135
v 0.030155 0.035584 0.038877
v 0.033959 0.035657 0.039222
v 0.037572 0.036137 0.036821
v 0.037264 0.037384 0.035682
v 0.037520 0.035331 0.033309
v 0.036066 0.036827 0.034978
v 0.028650 0.032995 0.045816
v 0.032063 0.033749 0.043568
v 0.047013 0.028741 0.037506
v 0.045471 0.033182 0.034315
v -0.023114 0.035284 0.017774
vt 0.261927 0.317844
vt 0.283615 0.295623
vt 0.283445 0.310031
vt 0.304415 0.284768
vt 0.278154 0.275426
vt 0.308599 0.266414
vt 0.055479 0.448989
vt 0.078778 0.436625
vt 0.054631 0.453853
vt 0.304824 0.303960
vt 0.278527 0.325975
vt 0.265815 0.335223
vt 0.288866 0.337178
vt 0.307763 0.315527
vt 0.309766 0.337347
vt 0.320191 0.323475
vt 0.274687 0.356980
vt 0.290206 0.350087
vt 0.258426 0.363924
vt 0.248954 0.344446
vt 0.279316 0.365653
vt 0.337398 0.284789
vt 0.337992 0.264014
vt 0.348504 0.277579
vt 0.322323 0.296526
vt 0.348856 0.294556
vt 0.083770 0.421809
vt 0.074678 0.396765
vt 0.097597 0.425484
vt 0.107821 0.405911
vt 0.326090 0.314522
vt 0.333881 0.331049
vt 0.321183 0.351745
vt 0.344017 0.350591
vt 0.351908 0.321185
vt 0.346317 0.370862
vt 0.318891 0.378343
vt 0.352535 0.908877
vt 0.361504 0.914595
vt 0.371659 0.938824
vt 0.344313 0.931299
vt 0.329356 0.926334
vt 0.339613 0.907220
vt 0.362783 0.890546
vt 0.378453 0.909947
vt 0.335562 0.962166
vt 0.336544 0.941193
vt 0.357604 0.952628
vt 0.319654 0.903955
vt 0.051539 0.423605
vt 0.051699 0.440085
vt 0.036001 0.422201
vt 0.070193 0.418337
vt 0.057897 0.406395
vt 0.052673 0.391342
vt 0.043837 0.397272
vt 0.046387 0.412747
vt 0.045510 0.381925
vt 0.028981 0.393554
vt 0.058263 0.372933
vt 0.046260 0.366334
vt 0.318842 0.956674
vt 0.320879 0.947409
vt 0.302718 0.928502
vt 0.291832 0.954543
vt 0.290111 0.967639
vt 0.285293 0.945548
vt 0.286145 0.929552
vt 0.271018 0.977239
vt 0.297225 0.974142
vt 0.231789 0.342016
vt 0.244911 0.357610
vt 0.255904 0.958042
vt 0.272598 0.960284
vt 0.262634 0.938757
vt 0.269374 0.924687
vt 0.218088 0.369497
vt 0.286384 0.911173
vt 0.305251 0.901942
vt 0.293620 0.884356
vt 0.312104 0.875810
vt 0.308560 0.890862
vt 0.288472 0.892577
vt 0.291809 0.865461
vt 0.317361 0.857699
vt 0.270659 0.885878
vt 0.265111 0.872803
vt 0.271016 0.854887
vt 0.327763 0.883548
vt 0.249250 0.936076
vt 0.252176 0.918056
vt 0.249485 0.902928
vt 0.234596 0.915662
vt 0.236149 0.891617
vt 0.259283 0.884714
vt 0.232564 0.928315
vt 0.229391 0.857262
vt 0.256232 0.850800
vt 0.245991 0.870745
vt 0.254838 0.865047
vt 0.233921 0.841496
vt 0.251592 0.834085
vt 0.210191 0.886144
vt 0.222045 0.868394
vt 0.227323 0.895496
vt 0.238682 0.881604
vt 0.237759 0.821327
vt 0.206282 0.855206
vt 0.205733 0.836058
vt 0.283766 0.851660
vt 0.274926 0.832824
vt 0.266514 0.822578
vt 0.297060 0.845946
vt 0.288591 0.827843
vt 0.249765 0.819694
vt 0.274230 0.802212
vt 0.347512 0.878157
vt 0.342027 0.894403
vt 0.355846 0.871918
vt 0.373599 0.882096
vt 0.324859 0.849133
vt 0.329753 0.842845
vt 0.335606 0.864382
vt 0.349218 0.854729
vt 0.359340 0.854444
vt 0.351078 0.836505
vt 0.338684 0.832217
vt 0.025090 0.384758
vt 0.029922 0.365503
vt 0.034859 0.380469
vt 0.369474 0.857958
vt 0.386497 0.856182
vt 0.373996 0.870688
vt 0.034502 0.362743
vt 0.367571 0.845475
vt 0.374791 0.837690
vt 0.362242 0.830564
vt 0.361866 0.819962
vt 0.385289 0.835346
vt 0.024428 0.352327
vt 0.381745 0.822800
vt 0.370829 0.807280
vt 0.032049 0.348653
vt 0.305158 0.827364
vt 0.291509 0.811141
vt 0.313725 0.826700
vt 0.318103 0.811974
vt 0.333651 0.820004
vt 0.302419 0.805180
vt 0.320164 0.796669
vt 0.325750 0.808318
vt 0.337665 0.803756
vt 0.303488 0.784419
vt 0.355325 0.808199
vt 0.341082 0.794097
vt 0.355950 0.792320
vt 0.347964 0.777038
vt 0.363923 0.769765
vt 0.369840 0.788870
vt 0.328558 0.772767
vt 0.345236 0.752641
vt 0.287884 0.381406
vt 0.272696 0.372182
vt 0.298288 0.367993
vt 0.305441 0.401195
vt 0.284035 0.395601
vt 0.306492 0.387191
vt 0.335295 0.382187
vt 0.328489 0.390462
vt 0.279395 0.383459
vt 0.269465 0.386163
vt 0.264298 0.405475
vt 0.246870 0.403466
vt 0.222817 0.393447
vt 0.228007 0.408887
vt 0.305526 0.424021
vt 0.297580 0.413608
vt 0.310860 0.410284
vt 0.317667 0.410125
vt 0.326877 0.404803
vt 0.311362 0.430940
vt 0.285086 0.423333
vt 0.291608 0.424600
vt 0.305882 0.437909
vt 0.290478 0.441401
vt 0.301865 0.428511
vt 0.295983 0.421828
vt 0.266757 0.432603
vt 0.248507 0.431024
vt 0.271187 0.424311
vt 0.280733 0.449403
vt 0.277816 0.435963
vt 0.283940 0.440241
vt 0.293178 0.451076
vt 0.303798 0.451326
vt 0.301624 0.444071
vt 0.205333 0.411386
vt 0.217693 0.424387
vt 0.205420 0.386985
vt 0.222456 0.968149
vt 0.230272 0.978953
vt 0.187691 0.974223
vt 0.187208 0.982082
vt 0.226479 0.446716
vt 0.211082 0.453732
vt 0.218135 0.942642
vt 0.235702 0.948213
vt 0.213846 0.949930
vt 0.195554 0.930624
vt 0.207341 0.932348
vt 0.202549 0.952780
vt 0.204967 0.963347
vt 0.188983 0.963192
vt 0.198669 0.957627
vt 0.191685 0.945551
vt 0.184522 0.948367
vt 0.176223 0.958895
vt 0.157171 0.971134
vt 0.158822 0.964277
vt 0.251537 0.456489
vt 0.244203 0.476723
vt 0.228794 0.467305
vt 0.238436 0.485409
vt 0.223770 0.473942
vt 0.231269 0.482821
vt 0.224955 0.488258
vt 0.209526 0.914623
vt 0.205774 0.922625
vt 0.182206 0.908367
vt 0.178168 0.925808
vt 0.169661 0.947866
vt 0.149853 0.945676
vt 0.162189 0.922925
vt 0.143321 0.929273
vt 0.120635 0.942549
vt 0.126771 0.929006
vt 0.161108 0.889867
vt 0.187693 0.885339
vt 0.145653 0.911294
vt 0.172433 0.865355
vt 0.190833 0.850807
vt 0.190758 0.867050
vt 0.162471 0.881477
vt 0.137461 0.896064
vt 0.148637 0.885737
vt 0.128419 0.903094
vt 0.137255 0.904724
vt 0.128867 0.913295
vt 0.113380 0.894060
vt 0.143186 0.919996
vt 0.114456 0.922333
vt 0.097056 0.909767
vt 0.123564 0.877873
vt 0.129608 0.879751
vt 0.135629 0.890026
vt 0.112854 0.880946
vt 0.101974 0.890242
vt 0.104206 0.929734
vt 0.083016 0.940539
vt 0.089576 0.932364
vt 0.089870 0.948102
vt 0.088411 0.913456
vt 0.091637 0.924116
vt 0.077038 0.920483
vt 0.082027 0.929015
vt 0.080835 0.898379
vt 0.088540 0.901111
vt 0.076407 0.905358
vt 0.069213 0.905394
vt 0.063481 0.913717
vt 0.058901 0.908341
vt 0.064766 0.926873
vt 0.359436 0.028413
vt 0.364771 0.027531
vt 0.359882 0.035561
vt 0.338502 0.035102
vt 0.343551 0.026776
vt 0.340994 0.040440
vt 0.339927 0.056509
vt 0.352960 0.046582
vt 0.348465 0.055043
vt 0.351641 0.064903
vt 0.393298 0.317645
vt 0.372461 0.317257
vt 0.368534 0.300744
vt 0.368355 0.326004
vt 0.389486 0.341338
vt 0.379168 0.283895
vt 0.402180 0.281582
vt 0.381450 0.262841
vt 0.130777 0.403060
vt 0.148912 0.388715
vt 0.155885 0.408188
vt 0.172671 0.385179
vt 0.180325 0.399507
vt 0.161648 0.378075
vt 0.427023 0.293341
vt 0.402340 0.302878
vt 0.184792 0.369556
vt 0.125760 0.389126
vt 0.112943 0.384723
vt 0.133103 0.364186
vt 0.143982 0.373973
vt 0.149574 0.378397
vt 0.120119 0.370942
vt 0.091401 0.383414
vt 0.089691 0.395326
vt 0.101469 0.355043
vt 0.083499 0.372986
vt 0.091070 0.364543
vt 0.071673 0.377945
vt 0.111945 0.356900
vt 0.090865 0.349680
vt 0.143854 0.354536
vt 0.157895 0.360626
vt 0.161805 0.346451
vt 0.134018 0.340052
vt 0.144672 0.343470
vt 0.116413 0.338642
vt 0.121942 0.323200
vt 0.368303 0.361759
vt 0.361722 0.362526
vt 0.362403 0.342583
vt 0.377474 0.366623
vt 0.397883 0.363375
vt 0.393699 0.374166
vt 0.359451 0.382410
vt 0.355542 0.404122
vt 0.385168 0.413845
vt 0.378218 0.386117
vt 0.398619 0.393984
vt 0.354619 0.423175
vt 0.339769 0.404769
vt 0.407187 0.417879
vt 0.336130 0.418783
vt 0.328266 0.416392
vt 0.347562 0.410316
vt 0.336534 0.427718
vt 0.372034 0.427950
vt 0.360583 0.429025
vt 0.359162 0.440471
vt 0.327911 0.432237
vt 0.343294 0.439095
vt 0.333303 0.436193
vt 0.353373 0.444383
vt 0.329072 0.451607
vt 0.318835 0.447429
vt 0.344994 0.448801
vt 0.337214 0.456171
vt 0.314168 0.456594
vt 0.327539 0.463864
vt 0.354422 0.460179
vt 0.070880 0.365122
vt 0.063938 0.355024
vt 0.073888 0.343635
vt 0.062514 0.343330
vt 0.076695 0.354317
vt 0.081376 0.332422
vt 0.064642 0.331816
vt 0.048056 0.352369
vt 0.047065 0.334611
vt 0.053345 0.322042
vt 0.068737 0.321293
vt 0.437330 0.258715
vt 0.425086 0.259603
vt 0.435661 0.248805
vt 0.380059 0.777613
vt 0.414749 0.246092
vt 0.037392 0.329380
vt 0.049650 0.305336
vt 0.455038 0.248535
vt 0.448041 0.256773
vt 0.442291 0.238389
vt 0.450267 0.224304
vt 0.442270 0.226073
vt 0.431868 0.232223
vt 0.416823 0.229088
vt 0.018261 0.336129
vt 0.083921 0.318154
vt 0.097831 0.324123
vt 0.100310 0.308088
vt 0.118294 0.305698
vt 0.096304 0.300703
vt 0.062682 0.306869
vt 0.075669 0.301534
vt 0.057970 0.294265
vt 0.068245 0.287413
vt 0.083585 0.289182
vt 0.065397 0.267779
vt 0.045534 0.276215
vt 0.462758 0.235065
vt 0.452743 0.208225
vt 0.435389 0.205550
vt 0.436592 0.194604
vt 0.452980 0.197402
vt 0.429948 0.175587
vt 0.442475 0.176774
vt 0.433962 0.159274
vt 0.448497 0.162665
vt 0.453445 0.174428
vt 0.421401 0.161764
vt 0.424628 0.188886
vt 0.403514 0.203819
vt 0.429144 0.217452
vt 0.403495 0.239342
vt 0.393861 0.229513
vt 0.404900 0.229437
vt 0.399509 0.217664
vt 0.379616 0.211152
vt 0.390653 0.204413
vt 0.385327 0.189087
vt 0.371681 0.752650
vt 0.355683 0.746239
vt 0.367218 0.201627
vt 0.410082 0.187990
vt 0.417619 0.203111
vt 0.398369 0.174698
vt 0.387712 0.166903
vt 0.399413 0.164256
vt 0.378212 0.176391
vt 0.325758 0.480117
vt 0.309610 0.499245
vt 0.321131 0.475317
vt 0.318076 0.497378
vt 0.328375 0.507331
vt 0.326977 0.498016
vt 0.291245 0.518220
vt 0.284419 0.508239
vt 0.289899 0.506876
vt 0.307721 0.527351
vt 0.304607 0.505323
vt 0.309003 0.515907
vt 0.299180 0.504365
vt 0.331810 0.526836
vt 0.318447 0.531349
vt 0.317709 0.515045
vt 0.327410 0.536657
vt 0.296132 0.497248
vt 0.335932 0.511694
vt 0.343740 0.521760
vt 0.343131 0.530052
vt 0.367651 0.514942
vt 0.364898 0.508572
vt 0.376764 0.506389
vt 0.366423 0.536972
vt 0.352686 0.523131
vt 0.357548 0.515751
vt 0.354882 0.508682
vt 0.345056 0.510313
vt 0.349236 0.494771
vt 0.367729 0.547585
vt 0.350863 0.544708
vt 0.378358 0.538847
vt 0.378129 0.533719
vt 0.450264 0.112842
vt 0.437502 0.115443
vt 0.451000 0.099911
vt 0.427315 0.117858
vt 0.430811 0.100537
vt 0.415796 0.111465
vt 0.422118 0.096047
vt 0.435889 0.081227
vt 0.417055 0.093629
vt 0.408422 0.088393
vt 0.417543 0.085381
vt 0.417662 0.072628
vt 0.427083 0.138584
vt 0.435279 0.149493
vt 0.443689 0.140849
vt 0.455983 0.151117
vt 0.452681 0.141915
vt 0.444026 0.130019
vt 0.358000 0.556677
vt 0.348344 0.561202
vt 0.346033 0.554481
vt 0.461307 0.135845
vt 0.348945 0.547822
vt 0.327860 0.546824
vt 0.403099 0.102642
vt 0.386942 0.110283
vt 0.392285 0.099680
vt 0.378089 0.094837
vt 0.398290 0.083476
vt 0.371717 0.098482
vt 0.375641 0.105754
vt 0.346419 0.097431
vt 0.356502 0.088875
vt 0.402553 0.141640
vt 0.414962 0.136561
vt 0.395673 0.150609
vt 0.408616 0.154656
vt 0.374407 0.148590
vt 0.384599 0.127384
vt 0.405055 0.127945
vt 0.394589 0.123626
vt 0.368413 0.133786
vt 0.367513 0.126634
vt 0.371753 0.163961
vt 0.350384 0.160485
vt 0.345846 0.154771
vt 0.357533 0.122558
vt 0.229005 0.802732
vt 0.237693 0.793923
vt 0.253975 0.802802
vt 0.225691 0.823463
vt 0.225727 0.778328
vt 0.215524 0.795413
vt 0.243422 0.779495
vt 0.257904 0.793149
vt 0.240651 0.760751
vt 0.255438 0.764744
vt 0.256326 0.776845
vt 0.232496 0.761322
vt 0.212834 0.805365
vt 0.190358 0.799508
vt 0.182992 0.834261
vt 0.194106 0.820216
vt 0.204537 0.820228
vt 0.176718 0.816665
vt 0.176194 0.830631
vt 0.199035 0.779073
vt 0.171698 0.800987
vt 0.188944 0.787134
vt 0.234574 0.743471
vt 0.219656 0.750247
vt 0.227748 0.726116
vt 0.215560 0.763737
vt 0.208716 0.746430
vt 0.213191 0.730544
vt 0.197343 0.756815
vt 0.186082 0.745171
vt 0.199240 0.722283
vt 0.176737 0.714230
vt 0.191051 0.709058
vt 0.173995 0.735822
vt 0.209520 0.712137
vt 0.174353 0.755837
vt 0.186233 0.768222
vt 0.176286 0.776963
vt 0.152481 0.766918
vt 0.159209 0.780610
vt 0.153896 0.793208
vt 0.161155 0.755287
vt 0.275173 0.769434
vt 0.289141 0.781982
vt 0.279918 0.787242
vt 0.279326 0.754872
vt 0.265587 0.755571
vt 0.293065 0.769388
vt 0.299961 0.759431
vt 0.308423 0.772382
vt 0.291908 0.748740
vt 0.284981 0.755637
vt 0.259026 0.738998
vt 0.275322 0.733159
vt 0.286704 0.733282
vt 0.314626 0.757573
vt 0.326845 0.756784
vt 0.302017 0.735135
vt 0.326784 0.737083
vt 0.313753 0.734426
vt 0.320822 0.720497
vt 0.339441 0.728518
vt 0.305535 0.714936
vt 0.325831 0.709763
vt 0.343786 0.718504
vt 0.357772 0.735028
vt 0.335713 0.701255
vt 0.238808 0.723569
vt 0.244810 0.741257
vt 0.217068 0.703455
vt 0.227936 0.701093
vt 0.255884 0.720067
vt 0.252475 0.703521
vt 0.217524 0.676932
vt 0.232455 0.680415
vt 0.242550 0.671062
vt 0.255693 0.692860
vt 0.260058 0.680807
vt 0.274542 0.716404
vt 0.266915 0.700301
vt 0.251589 0.660098
vt 0.285218 0.706673
vt 0.296420 0.701044
vt 0.316952 0.696962
vt 0.286356 0.689018
vt 0.293613 0.675469
vt 0.273153 0.688371
vt 0.312925 0.665800
vt 0.310839 0.679848
vt 0.301663 0.657806
vt 0.273874 0.666013
vt 0.286811 0.659527
vt 0.262648 0.656149
vt 0.377369 0.735292
vt 0.364434 0.725806
vt 0.377632 0.719468
vt 0.358396 0.706639
vt 0.365878 0.689683
vt 0.385860 0.717771
vt 0.379650 0.708401
vt 0.333074 0.213141
vt 0.345695 0.214393
vt 0.349485 0.227284
vt 0.360173 0.221150
vt 0.337103 0.685357
vt 0.349676 0.687570
vt 0.354949 0.676591
vt 0.362237 0.674593
vt 0.372124 0.678022
vt 0.339814 0.674214
vt 0.385075 0.683019
vt 0.377044 0.658323
vt 0.386423 0.665797
vt 0.342139 0.656973
vt 0.324859 0.657889
vt 0.368347 0.652322
vt 0.362462 0.664601
vt 0.312727 0.650101
vt 0.323325 0.636926
vt 0.288293 0.629569
vt 0.302653 0.631637
vt 0.338083 0.630440
vt 0.335375 0.646491
vt 0.353743 0.637779
vt 0.316240 0.620854
vt 0.330214 0.615319
vt 0.358088 0.626363
vt 0.369290 0.629033
vt 0.351085 0.615247
vt 0.342897 0.602238
vt 0.384218 0.636303
vt 0.346090 0.188858
vt 0.361380 0.176752
vt 0.361033 0.190967
vt 0.345513 0.175629
vt 0.333669 0.202291
vt 0.339380 0.191336
vt 0.353368 0.208644
vt 0.329616 0.190413
vt 0.339077 0.183697
vt 0.322513 0.194405
vt 0.330427 0.163459
vt 0.326158 0.176570
vt 0.313940 0.186341
vt 0.314162 0.163245
vt 0.308480 0.145401
vt 0.293771 0.156412
vt 0.316685 0.152018
vt 0.324176 0.158941
vt 0.329508 0.146988
vt 0.297329 0.178367
vt 0.282607 0.165252
vt 0.273417 0.170973
vt 0.260667 0.158944
vt 0.313746 0.207255
vt 0.323315 0.219035
vt 0.310389 0.217012
vt 0.297008 0.215123
vt 0.403763 0.643480
vt 0.415004 0.648477
vt 0.397174 0.653598
vt 0.389881 0.648613
vt 0.399426 0.629057
vt 0.417935 0.630305
vt 0.265235 0.175291
vt 0.280672 0.185022
vt 0.255328 0.178262
vt 0.415399 0.617576
vt 0.425423 0.615461
vt 0.421808 0.621980
vt 0.427703 0.624051
vt 0.409407 0.630863
vt 0.198573 0.689131
vt 0.178015 0.680200
vt 0.201110 0.671090
vt 0.167801 0.703851
vt 0.173750 0.656586
vt 0.209303 0.661080
vt 0.154586 0.712225
vt 0.152388 0.731935
vt 0.136816 0.733281
vt 0.118054 0.708859
vt 0.129167 0.688891
vt 0.138836 0.706737
vt 0.178263 0.635612
vt 0.194115 0.643402
vt 0.148658 0.631481
vt 0.170535 0.620455
vt 0.093658 0.641551
vt 0.107029 0.628994
vt 0.104544 0.654645
vt 0.220400 0.659401
vt 0.230186 0.650198
vt 0.216109 0.635094
vt 0.242926 0.639601
vt 0.258448 0.640861
vt 0.249659 0.631020
vt 0.235324 0.619150
vt 0.225278 0.620444
vt 0.277946 0.642669
vt 0.281364 0.653782
vt 0.261209 0.623716
vt 0.188633 0.619625
vt 0.208238 0.621848
vt 0.198199 0.602795
vt 0.213862 0.608132
vt 0.225131 0.603201
vt 0.206879 0.593696
vt 0.468420 0.256388
vt 0.499013 0.258464
vt 0.487286 0.262731
vt 0.226475 0.583303
vt 0.475775 0.222520
vt 0.473107 0.192238
vt 0.490750 0.207849
vt 0.502234 0.228738
vt 0.514088 0.242324
vt 0.494266 0.227909
vt 0.479529 0.237518
vt 0.513668 0.224698
vt 0.507746 0.209760
vt 0.503621 0.200944
vt 0.519375 0.203583
vt 0.465671 0.210962
vt 0.119690 0.641282
vt 0.125359 0.610315
vt 0.491905 0.161922
vt 0.483452 0.178948
vt 0.478163 0.155447
vt 0.470517 0.138553
vt 0.511567 0.179295
vt 0.503412 0.189589
vt 0.522956 0.181048
vt 0.080040 0.629905
vt 0.108773 0.604876
vt 0.508029 0.155785
vt 0.273813 0.621082
vt 0.248705 0.607977
vt 0.297897 0.611988
vt 0.269100 0.603391
vt 0.251252 0.594963
vt 0.257404 0.589212
vt 0.276825 0.586371
vt 0.285935 0.601999
vt 0.235806 0.597642
vt 0.525633 0.271444
vt 0.520093 0.283386
vt 0.512402 0.270296
vt 0.535242 0.266438
vt 0.249842 0.573939
vt 0.268041 0.573287
vt 0.542944 0.301237
vt 0.557296 0.284919
vt 0.552160 0.258614
vt 0.545297 0.279864
vt 0.302421 0.602079
vt 0.301184 0.588647
vt 0.318516 0.606120
vt 0.314696 0.581939
vt 0.283918 0.575716
vt 0.294825 0.566668
vt 0.269191 0.558018
vt 0.577629 0.287146
vt 0.571034 0.309179
vt 0.586783 0.305117
vt 0.533462 0.249097
vt 0.540954 0.234031
vt 0.533418 0.163975
vt 0.545669 0.188531
vt 0.561137 0.187963
vt 0.559805 0.199144
vt 0.566839 0.195838
vt 0.544235 0.209911
vt 0.561902 0.209401
vt 0.546832 0.170786
vt 0.528558 0.188089
vt 0.563769 0.173948
vt 0.585303 0.168760
vt 0.574908 0.188510
vt 0.563630 0.153594
vt 0.161563 0.834525
vt 0.159947 0.816751
vt 0.158263 0.801626
vt 0.137396 0.801161
vt 0.138735 0.783319
vt 0.127582 0.791099
vt 0.067217 0.885131
vt 0.059622 0.882319
vt 0.066155 0.872186
vt 0.049977 0.880290
vt 0.054518 0.869696
vt 0.071185 0.892903
vt 0.058430 0.897939
vt 0.329833 0.039391
vt 0.313985 0.031225
vt 0.331131 0.023179
vt 0.065558 0.845245
vt 0.075895 0.836914
vt 0.073301 0.848041
vt 0.055552 0.845136
vt 0.062674 0.854107
vt 0.034573 0.846122
vt 0.042115 0.831694
vt 0.042052 0.859320
vt 0.036041 0.819415
vt 0.050506 0.822340
vt 0.057862 0.818010
vt 0.047520 0.807660
vt 0.053279 0.794239
vt 0.048034 0.771853
vt 0.058294 0.778068
vt 0.041317 0.797685
vt 0.032455 0.798173
vt 0.037401 0.780853
vt 0.034847 0.763402
vt 0.322083 0.045649
vt 0.313113 0.064862
vt 0.311287 0.049457
vt 0.323886 0.064645
vt 0.331718 0.047835
vt 0.330666 0.060118
vt 0.313260 0.075405
vt 0.331142 0.079412
vt 0.343366 0.080749
vt 0.300564 0.066998
vt 0.298684 0.057172
vt 0.302190 0.049241
vt 0.306905 0.029827
vt 0.033736 0.855395
vt 0.032156 0.862600
vt 0.295155 0.045609
vt 0.024303 0.847672
vt 0.342682 0.139580
vt 0.329180 0.122803
vt 0.323098 0.087346
vt 0.336717 0.095668
vt 0.303484 0.115728
vt 0.325058 0.107204
vt 0.315733 0.098545
vt 0.335921 0.108011
vt 0.340645 0.114075
vt 0.306605 0.131277
vt 0.286667 0.133618
vt 0.294124 0.117372
vt 0.285784 0.093240
vt 0.273363 0.096846
vt 0.282028 0.080198
vt 0.299433 0.088109
vt 0.306861 0.088506
vt 0.298763 0.078938
vt 0.294434 0.104151
vt 0.284019 0.113716
vt 0.278053 0.119230
vt 0.021658 0.794108
vt 0.022667 0.808641
vt 0.015419 0.805324
vt 0.030335 0.774105
vt 0.016363 0.776328
vt 0.230064 0.073181
vt 0.224444 0.091081
vt 0.219377 0.072344
vt 0.210672 0.073235
vt 0.240219 0.101948
vt 0.243792 0.088758
vt 0.249797 0.098863
vt 0.261737 0.114397
vt 0.257281 0.105117
vt 0.269554 0.108935
vt 0.211600 0.111368
vt 0.218583 0.096538
vt 0.239748 0.155805
vt 0.219037 0.156763
vt 0.231450 0.144542
vt 0.246888 0.144920
vt 0.206336 0.140738
vt 0.226400 0.134005
vt 0.238027 0.163470
vt 0.245779 0.165082
vt 0.234156 0.169996
vt 0.260214 0.120237
vt 0.279164 0.135999
vt 0.264936 0.135285
vt 0.258258 0.148191
vt 0.277736 0.155120
vt 0.257108 0.127095
vt 0.240987 0.126382
vt 0.253730 0.138854
vt 0.230925 0.115963
vt 0.233684 0.131964
vt 0.221372 0.126650
vt 0.210402 0.133491
vt 0.203265 0.130458
vt 0.058902 0.715341
vt 0.070368 0.699987
vt 0.084448 0.708997
vt 0.095284 0.695076
vt 0.080770 0.692304
vt 0.118089 0.724546
vt 0.094002 0.725924
vt 0.011310 0.714884
vt 0.002946 0.706952
vt 0.013691 0.704518
vt 0.500277 0.075676
vt 0.488876 0.046768
vt 0.501553 0.056439
vt 0.028680 0.696943
vt 0.028174 0.660470
vt 0.040985 0.682080
vt 0.522394 0.072247
vt 0.511430 0.041042
vt 0.518942 0.048455
vt 0.499531 0.043140
vt 0.509883 0.134597
vt 0.526945 0.141293
vt 0.494301 0.137931
vt 0.494122 0.129704
vt 0.522889 0.127502
vt 0.495517 0.111815
vt 0.493795 0.097014
vt 0.511720 0.099101
vt 0.206882 0.088260
vt 0.197503 0.081108
vt 0.191476 0.133721
vt 0.193558 0.119928
vt 0.174584 0.124141
vt 0.183364 0.135655
vt 0.174849 0.136486
vt 0.163262 0.129979
vt 0.552183 0.145172
vt 0.554026 0.131182
vt 0.576347 0.141595
vt 0.579328 0.128308
vt 0.548460 0.115513
vt 0.571392 0.120059
vt 0.571781 0.100013
vt 0.567872 0.094776
vt 0.591349 0.124645
vt 0.597479 0.127539
vt 0.258907 0.299695
vt 0.367970 0.276726
vt 0.240189 0.376632
vt 0.252799 0.973688
vt 0.321451 0.784161
vt 0.380016 0.804892
vt 0.235930 0.422662
vt 0.324104 0.428673
vt 0.279137 0.427511
vt 0.274791 0.444123
vt 0.149534 0.968251
vt 0.207323 0.481252
vt 0.252271 0.487413
vt 0.274369 0.490120
vt 0.291439 0.494684
vt 0.131053 0.955643
vt 0.139147 0.875714
vt 0.144179 0.961479
vt 0.097935 0.938501
vt 0.058708 0.928891
vt 0.374127 0.011270
vt 0.368685 0.003195
vt 0.089078 0.890876
vt 0.376073 0.003181
vt 0.174564 0.357425
vt 0.416599 0.343737
vt 0.335264 0.472198
vt 0.389857 0.818096
vt 0.050091 0.267857
vt 0.042374 0.258981
vt 0.414871 0.174424
vt 0.392586 0.242716
vt 0.378046 0.230882
vt 0.339201 0.477406
vt 0.341808 0.499810
vt 0.380165 0.521867
vt 0.369027 0.564240
vt 0.304708 0.534649
vt 0.144417 0.752855
vt 0.162087 0.726080
vt 0.305519 0.197804
vt 0.247435 0.177351
vt 0.155617 0.688937
vt 0.143386 0.685871
vt 0.152434 0.670279
vt 0.463778 0.238386
vt 0.144600 0.615902
vt 0.499316 0.268732
vt 0.525964 0.216398
vt 0.542515 0.214031
vt 0.168740 0.848501
vt 0.340876 0.015931
vt 0.308624 0.022835
vt 0.048104 0.870941
vt 0.033597 0.833038
vt 0.063965 0.827032
vt 0.029963 0.826550
vt 0.031786 0.808125
vt 0.317585 0.089393
vt 0.027868 0.817886
vt 0.219094 0.052459
vt 0.110140 0.685015
vt 0.481674 0.039418
vt 0.034303 0.706823
vt 0.044318 0.723678
vt 0.032743 0.733438
vt 0.527647 0.108040
vt 0.530034 0.061380
vt 0.176458 0.117261
vt 0.148944 0.127185
vt 0.151483 0.131994
vt 0.219687 0.311880
vt 0.229133 0.323566
vt 0.212238 0.329039
vt 0.256024 0.300749
vt 0.235682 0.298932
vt 0.552462 0.324540
vt 0.519774 0.320621
vt 0.521954 0.303251
vt 0.545734 0.345354
vt 0.511705 0.332157
vt 0.509541 0.351229
vt 0.500739 0.322057
vt 0.528444 0.349668
vt 0.519105 0.369620
vt 0.507500 0.371188
vt 0.534765 0.364335
vt 0.538423 0.381767
vt 0.510916 0.386646
vt 0.489499 0.369169
vt 0.569565 0.327691
vt 0.561802 0.356706
vt 0.584599 0.341511
vt 0.595092 0.355373
vt 0.590777 0.372627
vt 0.577441 0.360212
vt 0.607506 0.378460
vt 0.563879 0.375857
vt 0.547868 0.372773
vt 0.564617 0.394326
vt 0.584278 0.383852
vt 0.559753 0.407122
vt 0.543913 0.408503
vt 0.585380 0.406735
vt 0.195091 0.304741
vt 0.194153 0.316840
vt 0.176405 0.307709
vt 0.229046 0.286221
vt 0.211867 0.290214
vt 0.221741 0.273945
vt 0.207358 0.278460
vt 0.186827 0.291499
vt 0.160318 0.293498
vt 0.190122 0.272869
vt 0.199195 0.267219
vt 0.210173 0.258603
vt 0.154747 0.275486
vt 0.170440 0.285257
vt 0.168873 0.265569
vt 0.152387 0.266445
vt 0.183178 0.283145
vt 0.200850 0.254755
vt 0.191228 0.249448
vt 0.175328 0.258096
vt 0.260300 0.284245
vt 0.242971 0.272137
vt 0.265255 0.254987
vt 0.220180 0.252735
vt 0.231485 0.254843
vt 0.247136 0.251616
vt 0.208149 0.234467
vt 0.223485 0.229789
vt 0.216945 0.216931
vt 0.274221 0.240780
vt 0.246575 0.235463
vt 0.245353 0.217784
vt 0.261722 0.223665
vt 0.229255 0.214219
vt 0.276838 0.225247
vt 0.240735 0.195541
vt 0.144565 0.251706
vt 0.142197 0.281242
vt 0.156319 0.250353
vt 0.167490 0.239471
vt 0.131515 0.247808
vt 0.130935 0.257720
vt 0.139325 0.232806
vt 0.146737 0.230388
vt 0.110413 0.248143
vt 0.095036 0.248230
vt 0.110357 0.234826
vt 0.126388 0.234012
vt 0.113660 0.216949
vt 0.138760 0.214632
vt 0.121909 0.199082
vt 0.180591 0.236251
vt 0.184036 0.227336
vt 0.192914 0.219987
vt 0.157546 0.224088
vt 0.131990 0.191836
vt 0.151062 0.205412
vt 0.169754 0.209750
vt 0.178980 0.206164
vt 0.158554 0.191452
vt 0.160862 0.207720
vt 0.139934 0.181608
vt 0.151861 0.182421
vt 0.147835 0.172545
vt 0.158023 0.176055
vt 0.199548 0.210292
vt 0.204447 0.204581
vt 0.214446 0.198857
vt 0.224229 0.208695
vt 0.225142 0.196893
vt 0.192117 0.197068
vt 0.204089 0.189383
vt 0.736425 0.954682
vt 0.762061 0.944323
vt 0.731945 0.967716
vt 0.174490 0.180655
vt 0.697541 0.973137
vt 0.719129 0.958308
vt 0.716276 0.949059
vt 0.754840 0.931668
vt 0.781831 0.926655
vt 0.732432 0.943558
vt 0.093237 0.228710
vt 0.068963 0.222183
vt 0.093541 0.215302
vt 0.065325 0.208649
vt 0.077577 0.198011
vt 0.056328 0.198917
vt 0.098978 0.198721
vt 0.046845 0.192259
vt 0.057945 0.184043
vt 0.045746 0.210035
vt 0.071515 0.140449
vt 0.080952 0.146321
vt 0.075082 0.156686
vt 0.060745 0.169679
vt 0.062396 0.156295
vt 0.144895 0.159118
vt 0.158492 0.156248
vt 0.142920 0.169093
vt 0.660710 0.979570
vt 0.661166 0.972613
vt 0.682974 0.972553
vt 0.822961 0.298931
vt 0.810579 0.287485
vt 0.824748 0.281235
vt 0.821819 0.269974
vt 0.831073 0.264264
vt 0.834796 0.276357
vt 0.828787 0.294416
vt 0.805558 0.322456
vt 0.794846 0.308366
vt 0.808591 0.308205
vt 0.632928 0.986933
vt 0.628016 0.977950
vt 0.650030 0.967300
vt 0.668756 0.956683
vt 0.704594 0.955630
vt 0.626533 0.961681
vt 0.826271 0.329256
vt 0.813511 0.328035
vt 0.829491 0.304391
vt 0.109890 0.151050
vt 0.094755 0.140772
vt 0.118853 0.145897
vt 0.821815 0.351770
vt 0.837649 0.350400
vt 0.829120 0.369363
vt 0.831876 0.339762
vt 0.082452 0.140678
vt 0.842180 0.367306
vt 0.802022 0.844396
vt 0.797678 0.828657
vt 0.815198 0.819044
vt 0.809152 0.802575
vt 0.796106 0.801594
vt 0.781032 0.852495
vt 0.775714 0.820451
vt 0.820737 0.836880
vt 0.633807 0.405002
vt 0.620014 0.399609
vt 0.645644 0.376497
vt 0.617315 0.368608
vt 0.263121 0.202953
vt 0.284454 0.203619
vt 0.628702 0.346918
vt 0.651530 0.357755
vt 0.637004 0.366762
vt 0.612887 0.342509
vt 0.813681 0.858566
vt 0.806656 0.884791
vt 0.796713 0.881768
vt 0.788981 0.872365
vt 0.817376 0.779933
vt 0.826149 0.771223
vt 0.826964 0.802423
vt 0.617693 0.432790
vt 0.624224 0.440045
vt 0.614787 0.442441
vt 0.611220 0.405685
vt 0.797028 0.778049
vt 0.806313 0.766943
vt 0.778571 0.782900
vt 0.786432 0.756543
vt 0.769434 0.763783
vt 0.773810 0.743578
vt 0.780154 0.893194
vt 0.788595 0.910375
vt 0.766562 0.905516
vt 0.770680 0.913842
vt 0.741713 0.932875
vt 0.746773 0.913625
vt 0.754386 0.893325
vt 0.732320 0.907664
vt 0.728253 0.900331
vt 0.769441 0.867059
vt 0.762084 0.840436
vt 0.747069 0.869972
vt 0.721633 0.882611
vt 0.728021 0.859522
vt 0.750712 0.846157
vt 0.725004 0.847740
vt 0.733435 0.833285
vt 0.744616 0.815174
vt 0.757220 0.823931
vt 0.765013 0.794792
vt 0.749637 0.802335
vt 0.726236 0.811129
vt 0.706209 0.826780
vt 0.737363 0.774858
vt 0.747886 0.787742
vt 0.725476 0.795847
vt 0.745672 0.751157
vt 0.762038 0.774610
vt 0.705809 0.779635
vt 0.720546 0.781743
vt 0.705975 0.789479
vt 0.704997 0.763317
vt 0.713707 0.936528
vt 0.728107 0.926751
vt 0.716707 0.918456
vt 0.696392 0.944534
vt 0.694548 0.911158
vt 0.696639 0.924732
vt 0.678234 0.922623
vt 0.679723 0.936475
vt 0.700361 0.892490
vt 0.711221 0.871998
vt 0.681190 0.902329
vt 0.687245 0.885338
vt 0.686555 0.866640
vt 0.696806 0.857601
vt 0.656015 0.943116
vt 0.678698 0.949584
vt 0.658780 0.925629
vt 0.625537 0.948965
vt 0.647374 0.955402
vt 0.620513 0.939330
vt 0.636600 0.927462
vt 0.636475 0.916668
vt 0.661266 0.912239
vt 0.656186 0.903284
vt 0.623014 0.899544
vt 0.615744 0.891329
vt 0.629374 0.878019
vt 0.654159 0.886233
vt 0.656658 0.866141
vt 0.687844 0.832109
vt 0.682387 0.809587
vt 0.704162 0.804863
vt 0.671390 0.875378
vt 0.675308 0.852828
vt 0.676203 0.826613
vt 0.655447 0.850475
vt 0.710924 0.845296
vt 0.658607 0.817986
vt 0.645319 0.825643
vt 0.642433 0.839855
vt 0.636779 0.865835
vt 0.626117 0.852903
vt 0.616118 0.833723
vt 0.621694 0.826242
vt 0.637198 0.811416
vt 0.619660 0.809604
vt 0.687827 0.785709
vt 0.673616 0.797648
vt 0.682857 0.770762
vt 0.658988 0.787522
vt 0.666490 0.766115
vt 0.659593 0.775488
vt 0.669575 0.756209
vt 0.688310 0.753109
vt 0.628956 0.794210
vt 0.643374 0.791822
vt 0.639262 0.781660
vt 0.639839 0.764451
vt 0.613297 0.795244
vt 0.620430 0.781579
vt 0.655766 0.759227
vt 0.613228 0.774620
vt 0.493007 0.419505
vt 0.485563 0.417462
vt 0.484869 0.404097
vt 0.479259 0.428835
vt 0.454647 0.448221
vt 0.467007 0.443893
vt 0.465572 0.448107
vt 0.465902 0.434051
vt 0.480884 0.442042
vt 0.475203 0.452953
vt 0.458086 0.453478
vt 0.447102 0.443471
vt 0.542666 0.424183
vt 0.557320 0.434802
vt 0.550295 0.438350
vt 0.456361 0.459823
vt 0.443595 0.460138
vt 0.500552 0.473751
vt 0.489085 0.466487
vt 0.499464 0.463004
vt 0.486964 0.475675
vt 0.474971 0.473003
vt 0.472265 0.468740
vt 0.476267 0.481249
vt 0.468982 0.478313
vt 0.496688 0.486065
vt 0.478087 0.488545
vt 0.476107 0.502282
vt 0.471617 0.491651
vt 0.487911 0.500427
vt 0.470968 0.509651
vt 0.492293 0.506413
vt 0.488043 0.511646
vt 0.465295 0.513770
vt 0.475165 0.516825
vt 0.466246 0.501458
vt 0.479335 0.526018
vt 0.464311 0.526875
vt 0.510996 0.505758
vt 0.502710 0.510638
vt 0.512767 0.498912
vt 0.503968 0.497362
vt 0.516362 0.489244
vt 0.520393 0.518647
vt 0.524178 0.497006
vt 0.533608 0.505583
vt 0.539013 0.499053
vt 0.539108 0.512002
vt 0.502761 0.524858
vt 0.416756 0.511980
vt 0.426429 0.528773
vt 0.416181 0.526299
vt 0.439717 0.541650
vt 0.447099 0.529993
vt 0.407984 0.540941
vt 0.415153 0.535507
vt 0.424492 0.540755
vt 0.405849 0.549255
vt 0.438948 0.546568
vt 0.424718 0.549787
vt 0.451096 0.554629
vt 0.448235 0.541396
vt 0.456098 0.540588
vt 0.458231 0.537104
vt 0.466254 0.537559
vt 0.466725 0.545069
vt 0.457794 0.547464
vt 0.476342 0.549328
vt 0.485879 0.534610
vt 0.015331 0.195920
vt 0.022359 0.182421
vt 0.035465 0.196617
vt 0.009203 0.178626
vt 0.031085 0.177433
vt 0.036001 0.166915
vt 0.046144 0.177849
vt 0.026378 0.168242
vt 0.018343 0.168942
vt 0.429632 0.558404
vt 0.408964 0.565169
vt 0.424673 0.577327
vt 0.408069 0.579749
vt 0.441444 0.574255
vt 0.458894 0.568157
vt 0.445835 0.561912
vt 0.003821 0.154902
vt 0.000107 0.162215
vt 0.452951 0.585776
vt 0.463741 0.580662
vt 0.473078 0.582543
vt 0.466263 0.589665
vt 0.470665 0.573264
vt 0.462428 0.603809
vt 0.442374 0.589570
vt 0.457429 0.595742
vt 0.453583 0.590253
vt 0.481874 0.588309
vt 0.465626 0.596806
vt 0.485817 0.580777
vt 0.480062 0.577702
vt 0.493486 0.572866
vt 0.498848 0.583961
vt 0.055586 0.147530
vt 0.050290 0.161214
vt 0.046343 0.137703
vt 0.037831 0.146573
vt 0.055180 0.128629
vt 0.048329 0.123201
vt 0.060679 0.125004
vt 0.035308 0.125199
vt 0.859474 0.376973
vt 0.845793 0.384701
vt 0.856068 0.372801
vt 0.872498 0.370439
vt 0.628051 0.554271
vt 0.616620 0.554034
vt 0.619664 0.542261
vt 0.026074 0.141686
vt 0.027567 0.129230
vt 0.862856 0.384455
vt 0.853796 0.391607
vt 0.613513 0.548441
vt 0.017681 0.136004
vt 0.000488 0.134009
vt 0.007832 0.130701
vt 0.011091 0.117892
vt 0.020844 0.155210
vt 0.655554 0.571194
vt 0.651057 0.558995
vt 0.659519 0.555414
vt 0.687022 0.566617
vt 0.661102 0.583930
vt 0.638885 0.590246
vt 0.641402 0.569526
vt 0.628552 0.568590
vt 0.611300 0.584684
vt 0.610734 0.568854
vt 0.548201 0.520470
vt 0.536801 0.521687
vt 0.551009 0.508523
vt 0.535422 0.537836
vt 0.537954 0.528286
vt 0.546644 0.529773
vt 0.566942 0.514639
vt 0.786753 0.688450
vt 0.792262 0.694654
vt 0.785456 0.703013
vt 0.784791 0.718740
vt 0.789906 0.713565
vt 0.789420 0.732235
vt 0.773416 0.731126
vt 0.778758 0.726928
vt 0.774505 0.719102
vt 0.686124 0.621003
vt 0.664738 0.618473
vt 0.679354 0.611754
vt 0.671284 0.635793
vt 0.694486 0.632770
vt 0.662073 0.649278
vt 0.691495 0.645259
vt 0.666059 0.655540
vt 0.671158 0.664422
vt 0.640880 0.597877
vt 0.665342 0.597172
vt 0.657421 0.604321
vt 0.625942 0.595618
vt 0.621501 0.608972
vt 0.606735 0.600108
vt 0.647651 0.609621
vt 0.638250 0.605335
vt 0.621624 0.620231
vt 0.653879 0.619242
vt 0.635237 0.615639
vt 0.598780 0.611201
vt 0.641382 0.639953
vt 0.645036 0.632333
vt 0.651130 0.649317
vt 0.647670 0.655552
vt 0.636115 0.642730
vt 0.607329 0.636606
vt 0.616764 0.637689
vt 0.627392 0.628023
vt 0.615277 0.645497
vt 0.619636 0.649708
vt 0.621595 0.658681
vt 0.633984 0.658006
vt 0.602849 0.651228
vt 0.600918 0.625923
vt 0.655814 0.704105
vt 0.663748 0.679614
vt 0.672820 0.697674
vt 0.650485 0.684826
vt 0.702663 0.747527
vt 0.701045 0.733742
vt 0.718024 0.746404
vt 0.663341 0.729335
vt 0.699453 0.720771
vt 0.680172 0.741070
vt 0.660273 0.747335
vt 0.679440 0.717051
vt 0.652802 0.736661
vt 0.626070 0.737176
vt 0.643502 0.722990
vt 0.624950 0.751105
vt 0.614042 0.725745
vt 0.601557 0.745434
vt 0.647592 0.669254
vt 0.635185 0.675235
vt 0.621879 0.676021
vt 0.601752 0.670894
vt 0.632971 0.695921
vt 0.653714 0.674858
vt 0.761449 0.363114
vt 0.759690 0.343063
vt 0.777489 0.330080
vt 0.743068 0.361618
vt 0.730241 0.382394
vt 0.749993 0.379826
vt 0.785513 0.340483
vt 0.684919 0.398179
vt 0.679309 0.383953
vt 0.705308 0.382418
vt 0.687813 0.368914
vt 0.717829 0.363550
vt 0.599133 0.981330
vt 0.608494 0.999258
vt 0.598145 0.967914
vt 0.597197 0.945736
vt 0.588077 0.952920
vt 0.562530 0.984122
vt 0.571725 0.973140
vt 0.548434 0.962666
vt 0.576235 0.961741
vt 0.555939 0.945328
vt 0.571533 0.944833
vt 0.547275 0.982975
vt 0.557619 0.999946
vt 0.514890 0.977326
vt 0.532041 0.973470
vt 0.501716 0.964616
vt 0.497806 0.978347
vt 0.528725 0.957644
vt 0.504257 0.950201
vt 0.519601 0.938791
vt 0.491087 0.962555
vt 0.487750 0.949852
vt 0.498572 0.938111
vt 0.466862 0.944680
vt 0.477413 0.932400
vt 0.801012 0.334692
vt 0.805646 0.355406
vt 0.799661 0.372156
vt 0.812993 0.366718
vt 0.812037 0.386722
vt 0.801028 0.393928
vt 0.825369 0.379980
vt 0.816169 0.400143
vt 0.837055 0.398465
vt 0.785986 0.395479
vt 0.780606 0.373418
vt 0.825574 0.415742
vt 0.812105 0.420759
vt 0.782783 0.357205
vt 0.755695 0.398851
vt 0.771423 0.385999
vt 0.764539 0.414067
vt 0.780697 0.410586
vt 0.800643 0.420221
vt 0.806392 0.440815
vt 0.791518 0.441261
vt 0.776088 0.435959
vt 0.790404 0.417476
vt 0.779326 0.453145
vt 0.706657 0.449417
vt 0.695339 0.463022
vt 0.697465 0.452241
vt 0.743189 0.438098
vt 0.728110 0.426673
vt 0.750000 0.424012
vt 0.693624 0.441540
vt 0.703271 0.436008
vt 0.719906 0.440344
vt 0.709104 0.462094
vt 0.729255 0.446294
vt 0.715890 0.469830
vt 0.725209 0.454420
vt 0.732687 0.461354
vt 0.726162 0.479396
vt 0.746055 0.477882
vt 0.735321 0.484999
vt 0.747396 0.458008
vt 0.758166 0.466621
vt 0.771633 0.458664
vt 0.762138 0.442248
vt 0.605952 0.933415
vt 0.582971 0.932457
vt 0.582855 0.925244
vt 0.615166 0.922243
vt 0.600939 0.915270
vt 0.564095 0.914259
vt 0.560244 0.922148
vt 0.577603 0.912845
vt 0.564905 0.935433
vt 0.548794 0.921101
vt 0.606335 0.886222
vt 0.599027 0.894747
vt 0.577005 0.895903
vt 0.589347 0.904704
vt 0.582187 0.886015
vt 0.598884 0.880818
vt 0.584320 0.873010
vt 0.594152 0.868758
vt 0.586182 0.854456
vt 0.558067 0.881551
vt 0.563528 0.872306
vt 0.610283 0.864328
vt 0.528359 0.923729
vt 0.542744 0.933763
vt 0.512624 0.929014
vt 0.501247 0.915135
vt 0.514150 0.910825
vt 0.528280 0.915765
vt 0.484972 0.919612
vt 0.545082 0.907766
vt 0.517932 0.906315
vt 0.524222 0.898992
vt 0.505041 0.895696
vt 0.480659 0.891853
vt 0.507463 0.888705
vt 0.527334 0.885048
vt 0.511582 0.873656
vt 0.531060 0.870189
vt 0.538753 0.884806
vt 0.523189 0.855898
vt 0.539856 0.860541
vt 0.481066 0.878916
vt 0.488927 0.865388
vt 0.507269 0.848134
vt 0.521921 0.841952
vt 0.478604 0.842162
vt 0.490100 0.828807
vt 0.599360 0.847209
vt 0.601328 0.814889
vt 0.600570 0.829709
vt 0.582921 0.820460
vt 0.563365 0.831755
vt 0.569164 0.843749
vt 0.561449 0.859508
vt 0.547148 0.847094
vt 0.562824 0.814266
vt 0.575519 0.805245
vt 0.560746 0.799122
vt 0.600462 0.791666
vt 0.595235 0.779191
vt 0.581775 0.786631
vt 0.584865 0.771653
vt 0.573503 0.776984
vt 0.558345 0.787521
vt 0.565399 0.772808
vt 0.594262 0.758457
vt 0.607253 0.783682
vt 0.563083 0.763458
vt 0.553845 0.752738
vt 0.575911 0.752961
vt 0.549409 0.777894
vt 0.534153 0.832138
vt 0.526395 0.802757
vt 0.542908 0.805001
vt 0.508305 0.821640
vt 0.510790 0.800206
vt 0.487642 0.806078
vt 0.538942 0.785914
vt 0.515865 0.777378
vt 0.535514 0.760194
vt 0.516148 0.758057
vt 0.499844 0.792668
vt 0.500410 0.772124
vt 0.495764 0.746506
vt 0.481280 0.774055
vt 0.484284 0.741674
vt 0.632617 0.425804
vt 0.655894 0.435482
vt 0.623710 0.433578
vt 0.644023 0.417745
vt 0.661040 0.427704
vt 0.664874 0.420654
vt 0.649211 0.409762
vt 0.674700 0.436486
vt 0.666733 0.413144
vt 0.680606 0.420957
vt 0.632156 0.410879
vt 0.628780 0.319852
vt 0.636229 0.299789
vt 0.638457 0.317408
vt 0.635418 0.336926
vt 0.659370 0.333308
vt 0.640642 0.349491
vt 0.650783 0.311940
vt 0.670471 0.320738
vt 0.664518 0.294426
vt 0.664417 0.308027
vt 0.668159 0.345851
vt 0.652161 0.282267
vt 0.656220 0.393358
vt 0.665209 0.389159
vt 0.673209 0.403572
vt 0.649413 0.401334
vt 0.698279 0.344835
vt 0.701656 0.358024
vt 0.684812 0.358335
vt 0.646365 0.390141
vt 0.650959 0.386136
vt 0.689493 0.326393
vt 0.704788 0.332255
vt 0.452123 0.980144
vt 0.470063 0.969435
vt 0.479675 0.988776
vt 0.456643 0.962209
vt 0.711832 0.343593
vt 0.707878 0.360341
vt 0.431485 0.968957
vt 0.440679 0.966839
vt 0.700673 0.314164
vt 0.690664 0.304924
vt 0.704693 0.290945
vt 0.679448 0.308141
vt 0.683007 0.282140
vt 0.714569 0.276390
vt 0.733821 0.287211
vt 0.633102 0.267261
vt 0.653357 0.266480
vt 0.635931 0.289114
vt 0.643694 0.253179
vt 0.667696 0.240716
vt 0.681521 0.250182
vt 0.670905 0.267620
vt 0.652155 0.238459
vt 0.638820 0.236860
vt 0.646333 0.220772
vt 0.666937 0.222531
vt 0.663570 0.207172
vt 0.650611 0.201591
vt 0.641830 0.184637
vt 0.657745 0.190004
vt 0.693660 0.260091
vt 0.691281 0.278573
vt 0.693373 0.232895
vt 0.720897 0.244822
vt 0.718745 0.258415
vt 0.708408 0.229440
vt 0.687737 0.208979
vt 0.686328 0.184568
vt 0.713667 0.207382
vt 0.697162 0.199151
vt 0.716115 0.190162
vt 0.726565 0.215051
vt 0.455000 0.946436
vt 0.433434 0.945286
vt 0.431885 0.931847
vt 0.445364 0.929399
vt 0.413248 0.931609
vt 0.439907 0.919403
vt 0.452435 0.908051
vt 0.472363 0.918805
vt 0.468830 0.900493
vt 0.433135 0.907101
vt 0.431789 0.890623
vt 0.445708 0.884754
vt 0.423411 0.898983
vt 0.744367 0.317886
vt 0.740762 0.304315
vt 0.749522 0.289512
vt 0.414265 0.911426
vt 0.400293 0.914117
vt 0.386427 0.910447
vt 0.754208 0.275222
vt 0.766297 0.287978
vt 0.786160 0.268264
vt 0.392983 0.897349
vt 0.406552 0.883557
vt 0.388310 0.868476
vt 0.412172 0.864584
vt 0.768616 0.256967
vt 0.736657 0.267206
vt 0.754582 0.258538
vt 0.737911 0.229356
vt 0.739468 0.248286
vt 0.764739 0.243068
vt 0.760998 0.254793
vt 0.744460 0.203013
vt 0.749838 0.217900
vt 0.763701 0.206191
vt 0.735559 0.176863
vt 0.770108 0.190577
vt 0.805551 0.191018
vt 0.789417 0.182912
vt 0.809169 0.181259
vt 0.775650 0.176700
vt 0.789042 0.202588
vt 0.775852 0.209042
vt 0.788794 0.225281
vt 0.449031 0.871910
vt 0.461992 0.883321
vt 0.461800 0.867440
vt 0.465998 0.856899
vt 0.447689 0.856467
vt 0.455945 0.842852
vt 0.466587 0.813789
vt 0.474773 0.796609
vt 0.465790 0.828024
vt 0.435901 0.810979
vt 0.429033 0.867260
vt 0.432715 0.833980
vt 0.411954 0.840090
vt 0.413404 0.816500
vt 0.387112 0.836047
vt 0.392348 0.813646
vt 0.461244 0.777290
vt 0.465593 0.754591
vt 0.447748 0.784075
vt 0.460896 0.798465
vt 0.432902 0.797316
vt 0.442241 0.771651
vt 0.442888 0.755530
vt 0.420838 0.775496
vt 0.448374 0.745439
vt 0.411772 0.794104
vt 0.414365 0.754553
vt 0.395208 0.784234
vt 0.822631 0.174760
vt 0.828972 0.196453
vt 0.387139 0.759617
vt 0.392443 0.742008
vt 0.806326 0.215469
vt 0.819744 0.224155
vt 0.849805 0.406483
vt 0.835972 0.425942
vt 0.836766 0.411307
vt 0.592330 0.549344
vt 0.605668 0.554740
vt 0.592859 0.568470
vt 0.857867 0.438945
vt 0.844605 0.431582
vt 0.848954 0.415388
vt 0.867190 0.437481
vt 0.854844 0.451599
vt 0.818906 0.432600
vt 0.841599 0.442317
vt 0.576939 0.566156
vt 0.583009 0.582060
vt 0.601609 0.577046
vt 0.590519 0.587867
vt 0.600154 0.591447
vt 0.594211 0.591637
vt 0.601937 0.585967
vt 0.586287 0.594301
vt 0.577238 0.595019
vt 0.566154 0.588625
vt 0.832741 0.446304
vt 0.819700 0.454794
vt 0.812038 0.445687
vt 0.811102 0.466477
vt 0.807751 0.455385
vt 0.796204 0.472716
vt 0.798381 0.455185
vt 0.827945 0.472659
vt 0.834757 0.459129
vt 0.815120 0.474198
vt 0.812078 0.483164
vt 0.857254 0.489673
vt 0.848281 0.492404
vt 0.832826 0.492335
vt 0.843590 0.468771
vt 0.841801 0.500510
vt 0.509838 0.602375
vt 0.505207 0.589690
vt 0.514902 0.585776
vt 0.758754 0.480510
vt 0.772075 0.474508
vt 0.768496 0.484300
vt 0.748688 0.490736
vt 0.761812 0.492284
vt 0.755486 0.503044
vt 0.752391 0.523088
vt 0.767217 0.513741
vt 0.778779 0.494985
vt 0.794790 0.506070
vt 0.777400 0.484130
vt 0.782731 0.480045
vt 0.798817 0.481967
vt 0.778135 0.526423
vt 0.760638 0.522991
vt 0.755043 0.541774
vt 0.768550 0.537587
vt 0.765004 0.547403
vt 0.765346 0.529246
vt 0.751320 0.552445
vt 0.759321 0.565398
vt 0.780005 0.539359
vt 0.794210 0.519430
vt 0.806590 0.496950
vt 0.813447 0.511264
vt 0.807402 0.521190
vt 0.815800 0.520823
vt 0.818585 0.497057
vt 0.823830 0.516288
vt 0.824777 0.507258
vt 0.827767 0.532213
vt 0.840758 0.522910
vt 0.836882 0.510621
vt 0.822046 0.537672
vt 0.798626 0.537766
vt 0.847470 0.535968
vt 0.854356 0.530325
vt 0.590038 0.615889
vt 0.585241 0.609513
vt 0.575975 0.617920
vt 0.562988 0.607285
vt 0.568183 0.611945
vt 0.565750 0.620437
vt 0.599292 0.632631
vt 0.588966 0.625661
vt 0.587496 0.635965
vt 0.576374 0.631866
vt 0.582131 0.637404
vt 0.593900 0.645195
vt 0.570177 0.629465
vt 0.569505 0.642922
vt 0.559899 0.634414
vt 0.559389 0.627980
vt 0.562243 0.645506
vt 0.580166 0.652047
vt 0.582261 0.643242
vt 0.552611 0.642248
vt 0.545973 0.648487
vt 0.556628 0.657671
vt 0.563423 0.652384
vt 0.530128 0.631857
vt 0.525623 0.640534
vt 0.524136 0.627379
vt 0.558338 0.666009
vt 0.543613 0.667991
vt 0.582283 0.730276
vt 0.553341 0.735625
vt 0.655539 0.013207
vt 0.655329 0.016468
vt 0.647325 0.016442
vt 0.641758 0.038635
vt 0.646819 0.023879
vt 0.659279 0.033687
vt 0.652208 0.047162
vt 0.643431 0.050830
vt 0.634749 0.058337
vt 0.650345 0.041428
vt 0.660156 0.055143
vt 0.651046 0.060101
vt 0.652036 0.065673
vt 0.810313 0.582348
vt 0.811713 0.572334
vt 0.817062 0.568394
vt 0.799527 0.575219
vt 0.818693 0.582916
vt 0.820911 0.553787
vt 0.829417 0.571198
vt 0.820958 0.577102
vt 0.826895 0.575222
vt 0.827232 0.582077
vt 0.727879 0.040172
vt 0.728341 0.028630
vt 0.737075 0.034313
vt 0.834934 0.588519
vt 0.726818 0.065551
vt 0.719140 0.057997
vt 0.735564 0.051345
vt 0.719088 0.048601
vt 0.716618 0.030775
vt 0.716057 0.068610
vt 0.736162 0.072420
vt 0.652113 0.172001
vt 0.669607 0.169821
vt 0.633754 0.168854
vt 0.628525 0.157713
vt 0.657625 0.142008
vt 0.661716 0.160952
vt 0.690450 0.170282
vt 0.706845 0.161069
vt 0.706874 0.151610
vt 0.717976 0.157813
vt 0.701027 0.149467
vt 0.714851 0.148480
vt 0.652163 0.077562
vt 0.660532 0.071043
vt 0.759111 0.044126
vt 0.749255 0.035318
vt 0.755442 0.033679
vt 0.843328 0.587122
vt 0.836527 0.584296
vt 0.843121 0.580930
vt 0.852104 0.585299
vt 0.425266 0.651906
vt 0.428452 0.639702
vt 0.436701 0.642844
vt 0.421429 0.634887
vt 0.446042 0.636502
vt 0.437703 0.618782
vt 0.438810 0.650062
vt 0.422195 0.654931
vt 0.414461 0.667169
vt 0.413700 0.655428
vt 0.728792 0.158518
vt 0.449745 0.725932
vt 0.472734 0.737206
vt 0.428683 0.730292
vt 0.396816 0.687659
vt 0.409562 0.678929
vt 0.405340 0.702816
vt 0.420444 0.685193
vt 0.425966 0.710702
vt 0.426051 0.702727
vt 0.399386 0.726565
vt 0.825937 0.147000
vt 0.829102 0.140267
vt 0.828634 0.157483
vt 0.598854 0.331297
vt 0.817536 0.763021
vt 0.636955 0.441106
vt 0.486966 0.385173
vt 0.499608 0.452256
vt 0.443781 0.472302
vt 0.450055 0.469247
vt 0.462632 0.496090
vt 0.436864 0.516945
vt 0.423447 0.505037
vt 0.456494 0.514944
vt 0.461050 0.519522
vt 0.522253 0.530924
vt 0.499464 0.533402
vt 0.455630 0.528603
vt 0.697125 0.558304
vt 0.682527 0.551021
vt 0.707473 0.564543
vt 0.532169 0.545077
vt 0.029750 0.113556
vt 0.604535 0.545220
vt 0.644806 0.544855
vt 0.547330 0.490921
vt 0.542476 0.540774
vt 0.772596 0.618151
vt 0.761831 0.613521
vt 0.763824 0.608793
vt 0.777562 0.704017
vt 0.799048 0.721053
vt 0.606159 0.618214
vt 0.710726 0.710716
vt 0.583736 0.996724
vt 0.531903 0.989906
vt 0.740626 0.407899
vt 0.682921 0.414827
vt 0.551473 0.901309
vt 0.511378 0.739036
vt 0.626208 0.344438
vt 0.784783 0.240605
vt 0.804965 0.242963
vt 0.772216 0.226837
vt 0.806002 0.163106
vt 0.566744 0.568625
vt 0.522598 0.596354
vt 0.852200 0.503794
vt 0.786597 0.548604
vt 0.500754 0.596831
vt 0.522479 0.610230
vt 0.506579 0.611228
vt 0.451832 0.624283
vt 0.460626 0.620678
vt 0.464545 0.627439
vt 0.594971 0.660563
vt 0.532372 0.728901
vt 0.489961 0.723950
vt 0.811394 0.553405
vt 0.817196 0.593022
vt 0.744171 0.047780
vt 0.708283 0.041859
vt 0.705178 0.047181
vt 0.703941 0.038167
vt 0.720934 0.091184
vt 0.713060 0.078314
vt 0.738576 0.059083
vt 0.702776 0.080179
vt 0.768446 0.043296
vt 0.445221 0.649840
vt 0.264692 0.445095
vt 0.296600 0.459289
vt 0.246480 0.494564
vt 0.279162 0.457239
vt 0.285690 0.471962
vt 0.270585 0.465336
vt 0.260975 0.474519
vt 0.289727 0.483699
vt 0.261053 0.466950
vt 0.144711 0.867172
vt 0.125474 0.967373
vt 0.110718 0.943602
vt 0.101071 0.948376
vt 0.103682 0.984328
vt 0.128074 0.974142
vt 0.096897 0.985468
vt 0.095341 0.962696
vt 0.410588 0.023342
vt 0.416222 0.025107
vt 0.401586 0.034089
vt 0.256898 0.509954
vt 0.266625 0.527936
vt 0.247118 0.519074
vt 0.087898 0.953080
vt 0.108653 0.959229
vt 0.393257 0.045822
vt 0.418519 0.045891
vt 0.395966 0.022815
vt 0.384389 0.017605
vt 0.382455 0.062995
vt 0.386537 0.038065
vt 0.388426 0.025009
vt 0.368745 0.054285
vt 0.413106 0.330154
vt 0.407747 0.314743
vt 0.201805 0.367181
vt 0.474065 0.312085
vt 0.465455 0.320569
vt 0.468749 0.294816
vt 0.187867 0.350172
vt 0.442418 0.309107
vt 0.426656 0.300906
vt 0.427963 0.318462
vt 0.446743 0.331182
vt 0.434124 0.349779
vt 0.450533 0.354590
vt 0.463174 0.345722
vt 0.163868 0.326703
vt 0.180359 0.325462
vt 0.179747 0.333565
vt 0.187836 0.333352
vt 0.151295 0.327253
vt 0.137041 0.310043
vt 0.162144 0.312168
vt 0.152888 0.314466
vt 0.140490 0.303325
vt 0.410298 0.373140
vt 0.433067 0.368813
vt 0.439126 0.383944
vt 0.422946 0.389516
vt 0.457092 0.374631
vt 0.418784 0.393368
vt 0.417467 0.403743
vt 0.430367 0.420935
vt 0.420647 0.420397
vt 0.435191 0.409113
vt 0.410499 0.448868
vt 0.387183 0.428324
vt 0.428440 0.432180
vt 0.368661 0.450651
vt 0.353101 0.469834
vt 0.345735 0.471993
vt 0.362725 0.467618
vt 0.354320 0.479531
vt 0.314117 0.465637
vt 0.391789 0.449313
vt 0.383713 0.465286
vt 0.406892 0.476368
vt 0.424794 0.465224
vt 0.422379 0.445227
vt 0.423852 0.473894
vt 0.414104 0.479827
vt 0.373327 0.484655
vt 0.373040 0.469259
vt 0.380165 0.490374
vt 0.389894 0.479102
vt 0.358468 0.486790
vt 0.401698 0.485087
vt 0.390186 0.488596
vt 0.393251 0.501340
vt 0.416736 0.489886
vt 0.408582 0.494405
vt 0.405896 0.504184
vt 0.097721 0.279614
vt 0.114892 0.290600
vt 0.127905 0.292731
vt 0.084202 0.269398
vt 0.095057 0.262671
vt 0.100774 0.269936
vt 0.061131 0.251422
vt 0.070017 0.248713
vt 0.079773 0.254555
vt 0.040543 0.244200
vt 0.056137 0.237898
vt 0.025510 0.243870
vt 0.029902 0.236516
vt 0.016653 0.227567
vt 0.039585 0.230492
vt 0.031451 0.225463
vt 0.023523 0.219748
vt 0.469176 0.160283
vt 0.300303 0.479178
vt 0.307500 0.484693
vt 0.302295 0.492295
vt 0.370165 0.496857
vt 0.343996 0.490606
vt 0.391837 0.514278
vt 0.380199 0.569664
vt 0.394324 0.563712
vt 0.385890 0.576265
vt 0.381416 0.557254
vt 0.390654 0.552772
vt 0.390001 0.528276
vt 0.397662 0.523627
vt 0.395989 0.528548
vt 0.386843 0.544791
vt 0.396863 0.541303
vt 0.284395 0.524034
vt 0.432956 0.057289
vt 0.406234 0.067978
vt 0.415250 0.055651
vt 0.371726 0.582267
vt 0.383798 0.077653
vt 0.376096 0.081082
vt 0.363075 0.075163
vt 0.361783 0.615684
vt 0.371972 0.610092
vt 0.382323 0.624198
vt 0.348044 0.594238
vt 0.361854 0.602500
vt 0.352789 0.592799
vt 0.387493 0.613305
vt 0.382140 0.608471
vt 0.394035 0.615014
vt 0.404933 0.618836
vt 0.711534 0.492730
vt 0.719819 0.506855
vt 0.710606 0.503013
vt 0.415332 0.609665
vt 0.724902 0.518842
vt 0.723038 0.526956
vt 0.714767 0.514532
vt 0.236164 0.180808
vt 0.406174 0.609315
vt 0.430135 0.611227
vt 0.424202 0.603707
vt 0.150898 0.654697
vt 0.130959 0.674338
vt 0.129657 0.632086
vt 0.326828 0.568675
vt 0.334387 0.592025
vt 0.338560 0.580715
vt 0.347236 0.586545
vt 0.317226 0.561359
vt 0.295081 0.544179
vt 0.311866 0.551864
vt 0.566165 0.259337
vt 0.602839 0.319691
vt 0.598873 0.298604
vt 0.595199 0.265903
vt 0.609957 0.310306
vt 0.610273 0.298575
vt 0.561807 0.242555
vt 0.555808 0.228549
vt 0.564038 0.218007
vt 0.573547 0.235314
vt 0.577844 0.212375
vt 0.593897 0.219519
vt 0.591435 0.235688
vt 0.605795 0.248405
vt 0.614602 0.264352
vt 0.586412 0.255309
vt 0.621849 0.257025
vt 0.607874 0.221661
vt 0.616695 0.217978
vt 0.617365 0.234982
vt 0.597152 0.200394
vt 0.602040 0.188113
vt 0.599440 0.159158
vt 0.615710 0.178229
vt 0.613895 0.204338
vt 0.622952 0.190510
vt 0.158324 0.859506
vt 0.148570 0.832156
vt 0.126110 0.836250
vt 0.129028 0.824729
vt 0.134279 0.813039
vt 0.111524 0.857547
vt 0.090851 0.828567
vt 0.108472 0.828014
vt 0.104628 0.801239
vt 0.120900 0.778192
vt 0.091532 0.815821
vt 0.105177 0.781983
vt 0.090722 0.810658
vt 0.085389 0.800824
vt 0.127613 0.762589
vt 0.115714 0.748018
vt 0.077543 0.764204
vt 0.091763 0.779139
vt 0.096297 0.749018
vt 0.089159 0.745026
vt 0.081386 0.869282
vt 0.094733 0.873467
vt 0.076194 0.881950
vt 0.072790 0.861079
vt 0.087515 0.843611
vt 0.063795 0.806423
vt 0.073501 0.810091
vt 0.080845 0.808180
vt 0.074373 0.788321
vt 0.074613 0.773944
vt 0.063964 0.778504
vt 0.063140 0.759875
vt 0.020536 0.834598
vt 0.016950 0.850343
vt 0.285125 0.060790
vt 0.015143 0.825860
vt 0.236787 0.067350
vt 0.007336 0.801682
vt 0.022022 0.772008
vt 0.253061 0.072819
vt 0.261083 0.090827
vt 0.218033 0.164411
vt 0.199649 0.161554
vt 0.731168 0.536188
vt 0.718901 0.548730
vt 0.715193 0.533773
vt 0.739919 0.542318
vt 0.197611 0.169586
vt 0.054087 0.687195
vt 0.077196 0.679536
vt 0.084843 0.726361
vt 0.061565 0.729124
vt 0.069369 0.740750
vt 0.049215 0.747104
vt 0.014657 0.746074
vt 0.024122 0.738678
vt 0.005760 0.746696
vt 0.004367 0.730704
vt 0.007503 0.756417
vt 0.191294 0.065778
vt 0.201200 0.067401
vt 0.188036 0.074110
vt 0.504839 0.002767
vt 0.513550 0.006758
vt 0.510676 0.014649
vt 0.087393 0.665571
vt 0.066579 0.658512
vt 0.046163 0.659057
vt 0.041550 0.643708
vt 0.196001 0.098837
vt 0.196986 0.092049
vt 0.203570 0.107610
vt 0.172445 0.084798
vt 0.187516 0.101122
vt 0.189524 0.110317
vt 0.174655 0.107578
vt 0.159891 0.109448
vt 0.547480 0.030323
vt 0.528691 0.029099
vt 0.547894 0.054806
vt 0.537040 0.068989
vt 0.529723 0.015687
vt 0.569574 0.032286
vt 0.564917 0.019122
vt 0.558454 0.047028
vt 0.571659 0.062850
vt 0.554817 0.073741
vt 0.189082 0.150428
vt 0.201042 0.154515
vt 0.193958 0.154790
vt 0.191751 0.159427
vt 0.175521 0.149228
vt 0.176803 0.156029
vt 0.161377 0.140115
vt 0.160974 0.148146
vt 0.138605 0.124747
vt 0.592640 0.032348
vt 0.580700 0.047132
vt 0.140107 0.145782
vt 0.146267 0.136899
vt 0.589832 0.053110
vt 0.599982 0.044559
vt 0.600564 0.066289
vt 0.613906 0.030325
vt 0.613683 0.060959
vt 0.538464 0.092653
vt 0.570097 0.082334
vt 0.603886 0.140115
vt 0.608517 0.133247
vt 0.612336 0.134241
vt 0.608082 0.118004
vt 0.599200 0.102544
vt 0.613654 0.088482
vt 0.608402 0.095258
vt 0.588645 0.087879
vt 0.618434 0.080557
vt 0.224048 0.502321
vt 0.084098 0.961897
vt 0.204373 0.344034
vt 0.206788 0.355839
vt 0.468038 0.327910
vt 0.446192 0.390544
vt 0.058460 0.230131
vt 0.014313 0.218344
vt 0.013596 0.213705
vt 0.409472 0.518828
vt 0.380888 0.579794
vt 0.367198 0.604456
vt 0.399338 0.608529
vt 0.611692 0.164946
vt 0.003305 0.817421
vt 0.732346 0.527515
vt 0.048755 0.631188
vt 0.151704 0.153407
vt 0.149402 0.150182
vt 0.163847 0.155534
vt 0.619294 0.039621
vt 0.616066 0.153156
vt 0.613615 0.113057
vt 0.613943 0.096461
vt 0.433881 0.425040
vt 0.446362 0.417582
vt 0.130996 0.277158
vt 0.037845 0.219729
vt 0.360565 0.588728
vt 0.375712 0.600978
vt 0.395397 0.604137
vt 0.724017 0.495653
vt 0.326875 0.559611
vt 0.497618 0.304414
vt 0.222342 0.346651
vt 0.486828 0.342609
vt 0.480080 0.350242
vt 0.526513 0.396445
vt 0.571562 0.428165
vt 0.151145 0.299495
vt 0.116916 0.266140
vt 0.102139 0.259681
vt 0.082792 0.243968
vt 0.071322 0.235373
vt 0.048746 0.223053
vt 0.118511 0.182442
vt 0.087564 0.182538
vt 0.095722 0.171661
vt 0.077141 0.172657
vt 0.091438 0.159112
vt 0.122156 0.172485
vt 0.120483 0.163379
vt 0.110341 0.160145
vt 0.607400 0.450545
vt 0.595415 0.427915
vt 0.816770 0.735020
vt 0.829379 0.749181
vt 0.467077 0.362118
vt 0.459079 0.399619
vt 0.443619 0.428308
vt 0.509358 0.411964
vt 0.502863 0.403421
vt 0.503585 0.428583
vt 0.523871 0.414450
vt 0.505670 0.442498
vt 0.525412 0.429908
vt 0.539158 0.445372
vt 0.550626 0.447544
vt 0.538198 0.466705
vt 0.521306 0.465341
vt 0.430404 0.446740
vt 0.457155 0.471119
vt 0.438161 0.477369
vt 0.444270 0.494513
vt 0.434017 0.489737
vt 0.443131 0.510403
vt 0.437624 0.506386
vt 0.452697 0.508016
vt 0.452251 0.494083
vt 0.449217 0.520018
vt 0.457621 0.486924
vt 0.528760 0.483235
vt 0.543158 0.489469
vt 0.509384 0.541730
vt 0.399787 0.531560
vt 0.470760 0.557215
vt 0.501315 0.540828
vt 0.394303 0.576084
vt 0.024443 0.207489
vt 0.495702 0.559815
vt 0.515760 0.549753
vt 0.506569 0.568323
vt 0.488695 0.567543
vt 0.720231 0.591740
vt 0.708346 0.581721
vt 0.724597 0.581309
vt 0.751623 0.593939
vt 0.587445 0.461777
vt 0.562019 0.450818
vt 0.563980 0.466261
vt 0.589134 0.484190
vt 0.811435 0.712484
vt 0.813537 0.697561
vt 0.617044 0.464356
vt 0.573320 0.491864
vt 0.563590 0.501639
vt 0.775460 0.626369
vt 0.785240 0.632005
vt 0.764649 0.630938
vt 0.773887 0.651975
vt 0.791210 0.651973
vt 0.775157 0.656241
vt 0.781167 0.666833
vt 0.777968 0.671722
vt 0.793823 0.669277
vt 0.754704 0.653876
vt 0.738451 0.616428
vt 0.733707 0.627530
vt 0.714548 0.618421
vt 0.747928 0.645276
vt 0.724203 0.655052
vt 0.718518 0.635308
vt 0.802016 0.698317
vt 0.802140 0.731929
vt 0.768952 0.685622
vt 0.753223 0.686809
vt 0.764072 0.668914
vt 0.761605 0.723337
vt 0.763595 0.704149
vt 0.725988 0.730731
vt 0.738240 0.742391
vt 0.734351 0.708474
vt 0.728010 0.694843
vt 0.750938 0.671451
vt 0.737260 0.686276
vt 0.712193 0.675037
vt 0.697938 0.593385
vt 0.697633 0.611777
vt 0.675430 0.601416
vt 0.682109 0.585690
vt 0.697428 0.625967
vt 0.707096 0.656083
vt 0.697701 0.653759
vt 0.701861 0.657202
vt 0.694422 0.666133
vt 0.683114 0.681537
vt 0.695799 0.697746
vt 0.619597 0.707581
vt 0.583660 0.684415
vt 0.625223 0.689276
vt 0.585565 0.706648
vt 0.719407 0.399279
vt 0.692201 0.405283
vt 0.705465 0.409599
vt 0.689633 0.426105
vt 0.678233 0.454730
vt 0.711668 0.428708
vt 0.730925 0.413339
vt 0.717528 0.488349
vt 0.705581 0.482728
vt 0.654030 0.444247
vt 0.344458 0.575530
vt 0.328975 0.550062
vt 0.617437 0.329883
vt 0.622781 0.300146
vt 0.619130 0.278244
vt 0.413047 0.949362
vt 0.716815 0.318273
vt 0.725242 0.324605
vt 0.721815 0.297079
vt 0.629404 0.203550
vt 0.868409 0.468016
vt 0.859381 0.468934
vt 0.554785 0.594457
vt 0.557134 0.588993
vt 0.867054 0.477009
vt 0.856606 0.477445
vt 0.868483 0.484126
vt 0.535755 0.594755
vt 0.531080 0.603856
vt 0.738111 0.512482
vt 0.834334 0.562192
vt 0.836000 0.546120
vt 0.496588 0.595333
vt 0.495988 0.607400
vt 0.861358 0.517178
vt 0.860291 0.543479
vt 0.488174 0.610304
vt 0.483416 0.603761
vt 0.469944 0.599865
vt 0.474278 0.608773
vt 0.465946 0.606885
vt 0.553208 0.611348
vt 0.539982 0.610065
vt 0.550365 0.622373
vt 0.547643 0.636401
vt 0.491195 0.624729
vt 0.509378 0.623328
vt 0.542172 0.629429
vt 0.503680 0.633617
vt 0.508147 0.641703
vt 0.534121 0.640410
vt 0.510971 0.659586
vt 0.519972 0.652284
vt 0.519199 0.645694
vt 0.528250 0.661680
vt 0.473785 0.627744
vt 0.478776 0.618547
vt 0.485937 0.626063
vt 0.483890 0.650370
vt 0.484162 0.638180
vt 0.470026 0.638170
vt 0.461329 0.633071
vt 0.463240 0.648044
vt 0.486052 0.657643
vt 0.461848 0.663527
vt 0.465154 0.617014
vt 0.583611 0.674070
vt 0.562665 0.679743
vt 0.542164 0.684113
vt 0.559353 0.693061
vt 0.598098 0.713579
vt 0.564886 0.710878
vt 0.537785 0.700892
vt 0.511007 0.698630
vt 0.523281 0.690056
vt 0.531362 0.717336
vt 0.515486 0.723030
vt 0.503608 0.725372
vt 0.495102 0.701758
vt 0.509987 0.673782
vt 0.537122 0.689008
vt 0.485470 0.685694
vt 0.491521 0.673145
vt 0.497556 0.688104
vt 0.484063 0.699601
vt 0.490923 0.690604
vt 0.464135 0.700689
vt 0.475538 0.683122
vt 0.649773 0.000070
vt 0.655394 0.006436
vt 0.635938 0.010289
vt 0.656826 0.003005
vt 0.166339 0.165237
vt 0.185208 0.163076
vt 0.660962 0.001339
vt 0.770994 0.567492
vt 0.771797 0.558910
vt 0.674877 0.019033
vt 0.784820 0.575538
vt 0.789229 0.559694
vt 0.665985 0.024794
vt 0.672713 0.030511
vt 0.762317 0.579194
vt 0.625425 0.045430
vt 0.630969 0.019524
vt 0.627453 0.068214
vt 0.671209 0.055579
vt 0.680588 0.040032
vt 0.676038 0.069637
vt 0.793411 0.568443
vt 0.696680 0.037992
vt 0.686650 0.034258
vt 0.689454 0.056926
vt 0.708841 0.063179
vt 0.690206 0.072450
vt 0.622593 0.172335
vt 0.626932 0.143272
vt 0.640501 0.126385
vt 0.668399 0.119399
vt 0.690000 0.151948
vt 0.685375 0.125124
vt 0.715126 0.139578
vt 0.642766 0.076862
vt 0.634419 0.102349
vt 0.629502 0.087715
vt 0.659055 0.087747
vt 0.661411 0.098360
vt 0.684487 0.087652
vt 0.687563 0.099081
vt 0.714876 0.096277
vt 0.708996 0.116968
vt 0.850488 0.572643
vt 0.765964 0.055199
vt 0.454162 0.614707
vt 0.774677 0.058179
vt 0.748651 0.062196
vt 0.746919 0.074509
vt 0.754577 0.058688
vt 0.766145 0.082655
vt 0.784087 0.072073
vt 0.774718 0.076424
vt 0.787490 0.064828
vt 0.404586 0.654019
vt 0.794743 0.098178
vt 0.760052 0.170005
vt 0.754225 0.150242
vt 0.741776 0.129261
vt 0.779883 0.150159
vt 0.750412 0.091739
vt 0.732733 0.091017
vt 0.767595 0.107374
vt 0.755139 0.113588
vt 0.772051 0.099451
vt 0.734967 0.113389
vt 0.724531 0.125311
vt 0.758282 0.132092
vt 0.761663 0.120500
vt 0.770216 0.119862
vt 0.787424 0.133304
vt 0.446693 0.658399
vt 0.444642 0.669963
vt 0.454391 0.677889
vt 0.461036 0.679556
vt 0.446137 0.690059
vt 0.429050 0.684726
vt 0.429890 0.678847
vt 0.426218 0.668837
vt 0.433862 0.674724
vt 0.471967 0.708510
vt 0.456910 0.703784
vt 0.813460 0.140568
vt 0.797390 0.115888
vt 0.388347 0.691394
vt 0.399691 0.674077
vt 0.011550 0.204899
vt 0.312283 0.543282
vt 0.703534 0.576833
vt 0.495996 0.591678
vt 0.504709 0.584854
vt 0.587365 0.514197
vt 0.692626 0.469637
vt 0.543795 0.595277
vt 0.867866 0.459894
vt 0.185463 0.171498
vt 0.846623 0.564005
vt 0.851536 0.567624
vt 0.751546 0.583626
vt 0.800015 0.593840
vt 0.807192 0.594068
vn -0.6348 -0.2408 -0.7342
vn -0.6791 -0.4612 -0.5710
vn -0.6870 -0.3707 -0.6250
vn -0.6336 -0.6410 -0.4333
vn -0.4290 -0.7433 -0.5132
vn -0.4152 -0.8693 -0.2682
vn 0.1502 -0.8575 -0.4921
vn -0.7634 -0.3669 -0.5316
vn -0.7152 -0.0243 -0.6985
vn -0.6964 0.0863 -0.7124
vn -0.7424 0.0238 -0.6696
vn -0.8108 -0.1657 -0.5614
vn -0.7734 -0.0500 -0.6319
vn -0.7823 -0.1101 -0.6131
vn -0.7298 0.0994 -0.6764
vn -0.7686 0.0941 -0.6328
vn -0.7090 0.1201 -0.6949
vn -0.7426 -0.0185 -0.6695
vn -0.7605 0.1262 -0.6369
vn -0.5880 -0.6716 -0.4507
vn -0.3543 -0.9025 -0.2449
vn -0.5584 -0.7234 -0.4060
vn -0.7084 -0.5465 -0.4468
vn -0.7114 -0.5563 -0.4294
vn -0.1273 -0.9909 -0.0445
vn -0.0081 -1.0000 0.0052
vn -0.0549 -0.9941 -0.0937
vn -0.7666 -0.2623 -0.5861
vn -0.8298 -0.0458 -0.5562
vn -0.8122 0.1196 -0.5709
vn -0.8642 0.1191 -0.4889
vn -0.8386 -0.2285 -0.4945
vn -0.8553 0.3554 -0.3769
vn -0.7258 0.4618 -0.5099
vn -0.0415 -0.9932 -0.1086
vn -0.0968 -0.9789 -0.1801
vn -0.0483 -0.9953 -0.0836
vn -0.2204 -0.8800 -0.4207
vn -0.2641 -0.7840 -0.5618
vn -0.1056 -0.9736 -0.2025
vn 0.0549 -0.9971 0.0529
vn -0.1112 -0.9925 -0.0509
vn -0.4936 -0.4984 -0.7127
vn -0.4015 -0.6348 -0.6602
vn -0.1136 -0.8749 -0.4709
vn -0.0412 -0.9990 0.0143
vn 0.0061 -0.9975 -0.0703
vn -0.0373 -0.9966 -0.0732
vn 0.0296 -0.9964 0.0795
vn 0.0695 -0.9965 -0.0470
vn 0.0294 -0.9985 0.0454
vn 0.1246 -0.9912 0.0448
vn -0.0035 -0.9994 -0.0345
vn -0.0379 -0.9960 -0.0810
vn -0.5039 -0.4222 -0.7535
vn -0.4390 -0.5491 -0.7112
vn -0.3178 -0.5871 -0.7445
vn -0.4885 -0.3002 -0.8193
vn -0.4423 -0.1691 -0.8808
vn -0.4556 -0.3178 -0.8315
vn -0.3104 -0.4264 -0.8496
vn -0.5821 0.1016 -0.8067
vn -0.5681 -0.1606 -0.8072
vn -0.6985 0.1068 -0.7076
vn -0.4492 0.0940 -0.8885
vn -0.5210 -0.1311 -0.8434
vn -0.3184 -0.1913 -0.9284
vn -0.2424 -0.3926 -0.8872
vn -0.1685 -0.6229 -0.7640
vn -0.1445 -0.7286 -0.6695
vn -0.1813 -0.7282 -0.6609
vn -0.0646 -0.9737 -0.2184
vn -0.1406 -0.8599 -0.4908
vn -0.1895 -0.6804 -0.7079
vn -0.1324 -0.8951 -0.4257
vn 0.0188 -0.9978 -0.0638
vn -0.2559 -0.6383 -0.7260
vn -0.3103 -0.6665 -0.6779
vn -0.1127 -0.8302 -0.5459
vn -0.0038 -0.9938 -0.1113
vn -0.2351 -0.0694 -0.9695
vn -0.2953 -0.1932 -0.9357
vn -0.2812 -0.4121 -0.8667
vn -0.2698 -0.0239 -0.9626
vn -0.0529 -0.2624 -0.9635
vn -0.2778 -0.5769 -0.7681
vn -0.2413 0.0623 -0.9684
vn -0.0830 -0.4851 -0.8705
vn -0.0071 -0.7546 -0.6562
vn -0.1687 -0.4315 -0.8862
vn -0.0232 -0.4318 -0.9017
vn -0.0987 -0.5986 -0.7949
vn -0.1042 -0.7667 -0.6334
vn -0.1707 0.0615 -0.9834
vn -0.1485 -0.2622 -0.9535
vn -0.1672 -0.0424 -0.9850
vn 0.0417 -0.2352 -0.9711
vn -0.0602 -0.7234 -0.6878
vn -0.0460 -0.1564 -0.9866
vn -0.0087 -0.2401 -0.9707
vn -0.0444 -0.9497 -0.3101
vn -0.0280 -0.9659 -0.2574
vn -0.0515 -0.9688 -0.2424
vn 0.0004 -0.9998 -0.0188
vn 0.0249 -0.9996 0.0128
vn -0.0541 -0.8265 -0.5603
vn 0.0183 -0.9985 0.0524
vn 0.0727 -0.9964 0.0435
vn -0.0224 -0.9997 -0.0066
vn 0.0482 -0.9964 0.0702
vn 0.0302 -0.9978 0.0596
vn 0.0443 -0.9974 0.0575
vn 0.0203 -0.9974 0.0694
vn 0.0238 -0.9997 -0.0060
vn 0.0449 -0.9988 0.0204
vn 0.0087 -0.9998 -0.0154
vn 0.0342 -0.9994 0.0071
vn 0.0196 -0.9997 -0.0175
vn 0.0223 -0.9910 -0.1320
vn 0.0978 -0.9913 -0.0884
vn -0.0376 -0.9991 -0.0174
vn 0.0121 -0.9894 -0.1450
vn 0.0380 -0.9914 -0.1250
vn -0.0293 -0.9953 -0.0922
vn 0.0969 -0.9940 -0.0504
vn 0.0194 -0.9970 -0.0744
vn -0.0355 -0.9907 -0.1312
vn -0.0557 -0.9860 -0.1573
vn -0.0346 -0.9750 -0.2193
vn -0.0144 -0.9877 -0.1556
vn 0.0359 -0.9954 0.0887
vn 0.0329 -0.9981 0.0523
vn 0.0551 -0.9908 0.1240
vn 0.0077 -0.9888 0.1490
vn 0.1259 -0.9908 -0.0493
vn 0.0266 -0.9989 0.0396
vn -0.0415 -0.9990 -0.0162
vn 0.0160 -0.9982 0.0584
vn 0.0292 -0.9858 -0.1652
vn 0.0047 -1.0000 0.0006
vn -0.0374 -0.9933 -0.1093
vn 0.0052 -0.9907 -0.1356
vn -0.0137 -0.9854 -0.1695
vn 0.0312 -0.9883 -0.1495
vn 0.0396 -0.9936 -0.1062
vn -0.0186 -0.9878 -0.1549
vn 0.0137 -0.9910 -0.1329
vn 0.0239 -0.9796 -0.1995
vn -0.8499 0.2593 -0.4587
vn -0.7552 0.0136 -0.6554
vn -0.7322 0.2256 -0.6427
vn -0.6487 0.3650 -0.6678
vn -0.5943 0.6506 -0.4729
vn -0.6632 0.5729 -0.4816
vn -0.7562 0.5486 -0.3566
vn -0.6881 0.6010 -0.4065
vn -0.7570 0.2435 -0.6064
vn -0.5493 0.3436 -0.7617
vn -0.5285 0.6177 -0.5823
vn -0.5352 0.4958 -0.6839
vn -0.5627 0.3374 -0.7546
vn -0.4879 0.4419 -0.7528
vn -0.2918 0.8357 -0.4652
vn -0.6733 0.5759 -0.4637
vn -0.3497 0.0926 -0.9323
vn -0.8511 0.4221 -0.3122
vn -0.7532 0.5949 -0.2807
vn 0.3521 0.9273 -0.1271
vn -0.6903 0.7208 0.0630
vn -0.2005 0.6887 -0.6968
vn 0.2185 0.9559 -0.1963
vn -0.3661 0.9293 0.0491
vn 0.4893 0.8689 -0.0746
vn -0.5159 0.3434 -0.7848
vn -0.2421 0.8457 -0.4755
vn -0.3955 0.7763 -0.4908
vn -0.4602 0.6851 -0.5647
vn -0.1760 0.9762 -0.1271
vn -0.3287 0.9291 -0.1697
vn -0.2470 0.9218 0.2987
vn -0.2967 0.9522 -0.0724
vn -0.1696 0.9695 -0.1771
vn -0.2227 0.9185 -0.3268
vn -0.4136 0.4747 -0.7769
vn -0.3592 0.5790 -0.7319
vn -0.5138 0.2704 -0.8142
vn -0.3695 0.4893 -0.7900
vn -0.2721 0.6523 -0.7075
vn -0.2387 0.7211 -0.6504
vn -0.2601 0.8073 -0.5298
vn -0.2600 0.2803 -0.9240
vn -0.3455 0.1691 -0.9230
vn -0.3170 0.5569 -0.7677
vn -0.2173 0.4297 -0.8764
vn -0.0346 0.2952 -0.9548
vn -0.2222 0.9550 -0.1963
vn -0.2109 0.7105 -0.6713
vn -0.3089 0.5100 -0.8028
vn -0.1021 0.9196 -0.3794
vn -0.3716 0.6244 -0.6870
vn -0.3941 0.5407 -0.7432
vn -0.3248 0.6357 -0.7003
vn -0.3813 0.8207 -0.4256
vn -0.2581 0.7708 -0.5824
vn -0.2334 0.9022 -0.3628
vn -0.1575 0.9636 -0.2162
vn -0.2810 0.8851 -0.3709
vn -0.0767 0.9942 -0.0755
vn -0.2899 0.8666 -0.4061
vn -0.6202 0.7829 -0.0494
vn 0.0020 0.9776 -0.2103
vn -0.2553 0.2529 -0.9332
vn -0.4722 0.1223 -0.8729
vn -0.1845 0.3909 -0.9018
vn -0.2591 0.5226 -0.8123
vn -0.2853 0.6660 -0.6893
vn -0.1611 0.8276 -0.5378
vn -0.1415 0.6512 -0.7456
vn -0.0471 0.8541 -0.5180
vn 0.1087 0.9498 -0.2933
vn -0.0685 0.9181 -0.3903
vn -0.0978 0.4601 -0.8825
vn -0.1212 0.2422 -0.9626
vn -0.1632 0.6591 -0.7341
vn -0.0888 0.2360 -0.9677
vn 0.0228 0.0101 -0.9997
vn -0.0452 0.1431 -0.9887
vn -0.0320 0.3085 -0.9507
vn 0.2210 0.7955 -0.5642
vn -0.0796 0.5218 -0.8494
vn 0.0407 0.8628 -0.5039
vn -0.4771 0.8717 -0.1118
vn -0.1227 0.8552 -0.5036
vn 0.0004 0.9163 -0.4005
vn -0.1233 0.8042 -0.5814
vn -0.1090 0.9349 -0.3377
vn 0.0129 0.9559 -0.2934
vn 0.0876 0.8202 -0.5653
vn -0.0129 0.9962 -0.0859
vn -0.1228 0.6933 -0.7101
vn -0.0224 0.8660 -0.4995
vn -0.0132 0.9574 -0.2885
vn -0.0499 0.9221 -0.3837
vn -0.0337 0.9353 0.3521
vn 0.0546 0.9884 -0.1416
vn -0.1594 0.8178 0.5529
vn -0.0149 0.9885 -0.1504
vn 0.1480 0.8890 -0.4333
vn 0.4328 0.8959 0.1005
vn 0.5108 0.8140 -0.2766
vn 0.1927 0.9391 -0.2845
vn 0.1272 0.9448 -0.3019
vn -0.0982 0.9907 0.0940
vn 0.0417 0.9942 0.0987
vn 0.1615 0.9116 0.3781
vn 0.2632 0.8665 0.4242
vn -0.1277 0.9758 0.1776
vn -0.1499 0.9019 0.4051
vn 0.0644 0.8827 0.4655
vn 0.3647 0.9194 0.1471
vn 0.1407 0.9712 0.1924
vn 0.0933 0.9380 0.3340
vn -0.0542 0.9765 0.2086
vn -0.2006 0.8162 -0.5419
vn 0.0922 0.8761 0.4732
vn -0.9113 -0.2538 -0.3243
vn -0.8506 -0.3905 -0.3520
vn -0.7781 -0.4982 -0.3827
vn -0.9186 -0.1258 -0.3747
vn -0.9532 0.0437 -0.2991
vn -0.6352 -0.6892 -0.3486
vn -0.6023 -0.7661 -0.2244
vn -0.2995 -0.9403 -0.1615
vn -0.2355 -0.9699 -0.0627
vn -0.4742 -0.8788 -0.0530
vn -0.7922 -0.6027 -0.0961
vn -0.1956 -0.9798 -0.0409
vn -0.8416 -0.4726 -0.2615
vn -0.4630 -0.8858 -0.0324
vn -0.0617 -0.9970 -0.0460
vn 0.0130 -0.9978 -0.0646
vn 0.0304 -0.9995 0.0107
vn -0.0911 -0.9956 -0.0221
vn -0.1656 -0.9860 -0.0172
vn 0.0113 -0.9998 0.0179
vn -0.0086 -0.9954 -0.0953
vn -0.0026 -0.9999 0.0116
vn 0.0453 -0.9989 0.0134
vn 0.1124 -0.9937 -0.0030
vn 0.0738 -0.9968 -0.0296
vn 0.0897 -0.9960 0.0053
vn 0.0148 -0.9982 0.0576
vn 0.0310 -0.9990 -0.0336
vn 0.0929 -0.9956 0.0105
vn -0.0838 -0.9951 -0.0533
vn 0.0450 -0.9985 -0.0327
vn -0.0465 -0.9989 0.0085
vn 0.0526 -0.9974 0.0487
vn -0.0196 -0.9992 -0.0349
vn -0.0463 -0.9987 -0.0193
vn -0.5244 0.8046 -0.2786
vn -0.7895 0.3844 -0.4785
vn -0.9026 0.1070 -0.4169
vn -0.8873 0.3333 -0.3186
vn -0.9405 0.2266 -0.2530
vn -0.8671 0.4229 -0.2631
vn -0.8196 0.4834 -0.3075
vn -0.7114 0.6606 -0.2399
vn -0.6324 0.7450 -0.2122
vn -0.7907 0.5372 -0.2937
vn -0.7973 0.5693 -0.2005
vn -0.4901 0.7938 -0.3602
vn -0.6977 0.6133 -0.3703
vn -0.5723 0.8137 -0.1020
vn -0.2155 0.9206 -0.3257
vn -0.5066 0.8388 -0.1993
vn -0.6144 0.7755 -0.1452
vn -0.2959 0.9380 -0.1804
vn -0.5084 0.8604 -0.0360
vn -0.5572 0.5552 -0.6175
vn -0.0906 0.9773 -0.1914
vn -0.3261 0.9449 -0.0295
vn -0.4307 0.8787 -0.2061
vn -0.3142 0.9253 -0.2126
vn -0.1929 0.9783 -0.0761
vn -0.1156 0.9712 -0.2081
vn -0.1556 0.9647 -0.2126
vn -0.2488 0.9379 -0.2418
vn -0.0614 0.9889 -0.1352
vn -0.1076 0.9825 -0.1524
vn -0.0078 0.9780 -0.2083
vn -0.0100 0.9745 0.2242
vn -0.0041 -0.9997 -0.0240
vn -0.0972 -0.9928 -0.0700
vn -0.0885 -0.9958 -0.0233
vn -0.0457 -0.9985 -0.0305
vn -0.0470 -0.9975 -0.0533
vn -0.0477 -0.9975 -0.0519
vn -0.0912 -0.9952 -0.0342
vn -0.0362 -0.9937 -0.1058
vn -0.0255 -0.9966 -0.0784
vn 0.0333 -0.9967 -0.0745
vn -0.1072 -0.9934 -0.0412
vn -0.0228 -0.9917 -0.1266
vn 0.0039 -0.9951 0.0990
vn 0.0612 -0.9378 0.3417
vn 0.0383 -0.9987 0.0337
vn 0.3227 -0.9409 0.1025
vn -0.0287 -0.9945 -0.1012
vn 0.1474 -0.9644 0.2196
vn 0.3446 -0.7975 0.4952
vn 0.3924 -0.7683 0.5057
vn 0.2946 -0.8292 0.4750
vn 0.3256 -0.7037 0.6315
vn -0.0600 -0.9937 -0.0943
vn -0.0340 -0.9958 -0.0849
vn -0.0693 -0.9963 -0.0499
vn -0.0659 -0.9978 -0.0085
vn -0.0356 -0.9989 -0.0316
vn 0.0374 -0.9991 -0.0178
vn -0.0310 -0.9991 -0.0299
vn 0.5604 -0.8253 0.0701
vn 0.3469 -0.8943 0.2826
vn 0.1610 -0.9834 0.0835
vn 0.6881 -0.6944 0.2106
vn 0.7303 -0.5798 0.3612
vn 0.6553 -0.3736 0.6565
vn 0.7441 -0.0870 0.6624
vn 0.9416 -0.1656 0.2932
vn 0.3812 0.1978 0.9031
vn 0.8432 0.2275 0.4872
vn 0.5152 0.3152 0.7970
vn 0.8695 0.2950 0.3961
vn 0.9252 0.2376 0.2957
vn -0.0154 0.2552 0.9668
vn 0.2155 -0.0560 0.9749
vn 0.4033 -0.4893 0.7732
vn 0.4578 -0.5982 0.6577
vn -0.1440 -0.4939 0.8575
vn -0.2169 -0.6505 0.7279
vn 0.1160 -0.7335 0.6697
vn 0.1331 -0.6309 0.7643
vn -0.2725 -0.3072 0.9118
vn 0.1441 -0.3892 0.9098
vn 0.1663 -0.3443 0.9240
vn -0.0676 -0.9045 0.4210
vn 0.0570 -0.9970 -0.0519
vn -0.0448 -0.1163 0.9922
vn 0.1941 -0.1507 0.9693
vn 0.1420 -0.4646 0.8741
vn 0.1670 0.0630 0.9840
vn 0.2262 0.2114 0.9509
vn -0.0855 0.0995 0.9914
vn 0.1672 0.0284 0.9855
vn -0.1805 0.6700 -0.7201
vn 0.3191 0.9472 -0.0325
vn -0.1198 0.7343 -0.6681
vn 0.6466 0.5708 -0.5060
vn 0.4551 0.7956 0.3999
vn 0.4670 0.7284 0.5014
vn 0.1911 0.9484 0.2532
vn 0.1688 0.9806 0.0998
vn 0.2640 0.9640 -0.0308
vn 0.2939 0.8894 0.3502
vn -0.2531 0.9630 -0.0924
vn 0.3681 0.8889 0.2726
vn 0.0849 0.9928 -0.0849
vn 0.5231 0.7711 0.3630
vn 0.4213 0.7702 0.4789
vn 0.3105 0.9054 0.2897
vn 0.4527 0.7624 0.4624
vn -0.5553 0.8072 -0.1999
vn 0.4600 0.8831 0.0929
vn 0.4651 0.7649 0.4457
vn 0.5479 0.7414 0.3875
vn 0.6341 0.6136 0.4705
vn 0.3795 0.6785 0.6290
vn 0.2442 0.8601 0.4479
vn 0.5135 0.8039 0.3001
vn 0.3869 0.7430 0.5461
vn 0.8133 0.4826 0.3249
vn 0.7129 0.6681 0.2132
vn 0.5250 0.8510 0.0126
vn -0.2033 0.9515 -0.2310
vn 0.5710 0.7375 0.3608
vn 0.2075 0.8866 0.4133
vn 0.7573 0.5592 0.3373
vn 0.6259 0.7188 0.3028
vn 0.4470 0.8744 0.1884
vn 0.4089 0.7790 0.4753
vn 0.3450 0.7241 0.5972
vn 0.2667 0.7632 0.5885
vn 0.3585 0.7217 0.5921
vn -0.2479 0.6385 0.7286
vn 0.2124 0.8451 0.4906
vn 0.0923 0.7162 0.6918
vn 0.4268 0.7143 0.5545
vn 0.3179 0.8777 0.3585
vn 0.1502 0.9024 0.4038
vn 0.4053 0.4917 0.7707
vn 0.7885 0.2351 0.5684
vn 0.8359 0.3753 0.4004
vn 0.8542 0.2934 0.4292
vn 0.5286 0.8434 0.0964
vn 0.7922 0.3964 0.4640
vn 0.4770 0.6248 0.6181
vn 0.9177 0.3834 -0.1038
vn 0.6609 0.5765 0.4805
vn -0.0053 0.8132 0.5820
vn 0.1135 0.5976 0.7937
vn -0.1629 0.3836 0.9090
vn -0.2365 0.3219 0.9168
vn 0.1701 0.7319 0.6598
vn -0.1190 0.7611 0.6376
vn -0.0108 0.8051 0.5930
vn -0.1835 0.5965 0.7814
vn -0.3389 0.8738 0.3487
vn -0.0707 0.9047 0.4202
vn 0.0366 0.7590 0.6501
vn 0.1785 0.7300 0.6597
vn 0.0503 0.5814 0.8120
vn -0.0154 0.3794 0.9251
vn 0.0432 0.5301 0.8468
vn -0.1363 0.7790 0.6120
vn 0.2395 0.8301 0.5036
vn 0.1278 0.8710 0.4743
vn -0.2215 0.5244 0.8221
vn -0.2959 0.5909 0.7505
vn 0.1176 0.2753 0.9541
vn 0.0757 0.1337 0.9881
vn 0.0254 0.3817 0.9239
vn -0.1451 0.6715 0.7267
vn 0.1027 -0.8085 -0.5795
vn 0.1274 -0.9077 -0.3998
vn 0.0650 -0.9796 -0.1899
vn -0.0738 -0.6085 -0.7901
vn 0.1003 -0.8552 -0.5085
vn 0.2247 -0.6616 -0.7154
vn 0.0658 -0.9735 -0.2189
vn 0.0401 -0.9979 0.0516
vn 0.0721 -0.9971 -0.0229
vn 0.0349 -0.9992 0.0172
vn 0.0265 -0.9992 -0.0283
vn 0.0780 -0.9773 -0.1968
vn 0.2286 -0.6018 -0.7652
vn 0.1422 -0.3013 -0.9429
vn 0.0219 -0.1231 -0.9921
vn 0.0831 -0.0393 -0.9958
vn 0.0478 -0.2156 -0.9753
vn 0.1009 -0.1212 -0.9875
vn -0.0056 -0.1223 -0.9925
vn 0.1668 -0.5883 -0.7913
vn 0.1405 -0.0891 -0.9861
vn 0.1453 -0.3714 -0.9171
vn -0.0473 -0.9987 -0.0207
vn 0.0822 -0.9413 -0.3275
vn -0.0835 -0.9930 -0.0833
vn 0.1413 -0.8082 -0.5717
vn 0.1864 -0.8004 -0.5698
vn 0.0547 -0.9170 -0.3952
vn 0.2265 -0.6470 -0.7281
vn 0.3135 -0.5846 -0.7483
vn 0.1338 -0.7740 -0.6189
vn 0.3477 -0.4185 -0.8390
vn 0.2936 -0.6399 -0.7102
vn 0.4508 -0.3870 -0.8044
vn 0.0482 -0.9305 -0.3631
vn 0.3163 -0.4122 -0.8545
vn 0.2300 -0.5048 -0.8320
vn 0.2251 -0.2646 -0.9377
vn 0.3066 -0.0085 -0.9518
vn 0.2337 -0.0311 -0.9718
vn 0.2135 0.0625 -0.9749
vn 0.4572 -0.2045 -0.8655
vn 0.0050 -0.9974 0.0712
vn 0.0229 -0.9996 0.0134
vn 0.0225 -0.9975 0.0665
vn -0.0791 -0.9896 0.1205
vn -0.0446 -0.9961 0.0758
vn 0.0578 -0.9958 -0.0713
vn 0.2506 -0.9679 -0.0166
vn -0.0474 -0.9973 -0.0567
vn 0.0578 -0.9980 -0.0260
vn -0.0202 -0.9456 0.3247
vn 0.0178 -0.9993 -0.0336
vn -0.0308 -0.9963 0.0800
vn -0.0746 -0.9970 0.0183
vn 0.0545 -0.9972 -0.0515
vn 0.0375 -0.9943 -0.0998
vn 0.0269 -0.9871 -0.1580
vn 0.0433 -0.9933 -0.1070
vn 0.0516 -0.9899 -0.1317
vn 0.0437 -0.9917 -0.1207
vn 0.0327 -0.9845 -0.1721
vn 0.0412 -0.9928 -0.1122
vn 0.0641 -0.9878 -0.1420
vn 0.0065 -0.9895 -0.1442
vn -0.0316 -0.9784 0.2043
vn 0.0725 -0.9885 -0.1325
vn -0.0746 -0.9964 0.0411
vn 0.0219 -0.9970 -0.0746
vn -0.0187 -0.9990 0.0406
vn -0.0526 -0.9919 0.1158
vn 0.0213 -0.9998 0.0017
vn -0.0226 -0.9991 0.0356
vn -0.0374 -0.9991 0.0198
vn -0.0632 -0.9974 -0.0337
vn -0.0404 -0.9939 0.1027
vn -0.0289 -0.9995 0.0085
vn 0.0016 -1.0000 -0.0050
vn 0.0149 -0.9990 0.0414
vn -0.0144 -0.9995 -0.0292
vn -0.0065 -1.0000 0.0011
vn 0.0146 -0.9978 -0.0640
vn 0.0397 -0.9941 -0.1009
vn 0.0579 -0.9935 -0.0983
vn 0.0286 -0.9996 -0.0002
vn 0.0519 -0.9956 -0.0783
vn 0.0049 -0.9995 -0.0309
vn 0.0917 -0.9825 -0.1620
vn 0.0706 -0.9875 -0.1410
vn 0.0680 -0.9873 -0.1438
vn -0.0184 -0.9990 -0.0403
vn 0.0302 -0.9968 -0.0737
vn 0.0101 -0.9987 -0.0497
vn -0.2247 -0.7322 0.6429
vn -0.2909 -0.8837 0.3667
vn -0.3003 -0.6939 0.6545
vn -0.1498 -0.9432 0.2966
vn -0.2731 -0.6321 0.7252
vn -0.2174 -0.2225 0.9504
vn -0.2977 -0.2339 0.9256
vn -0.5387 0.2488 0.8049
vn -0.3767 0.1298 0.9172
vn 0.0402 -0.9907 -0.1300
vn -0.0624 -0.9629 0.2627
vn -0.1625 -0.8687 0.4680
vn -0.2709 -0.6413 0.7179
vn -0.4477 -0.3617 0.8177
vn -0.0008 -0.9981 0.0615
vn -0.4568 -0.0816 0.8858
vn -0.5427 -0.3547 0.7614
vn -0.6664 -0.2046 0.7169
vn -0.1116 -0.9457 0.3054
vn 0.0711 -0.9925 -0.0993
vn -0.3766 -0.5523 0.7437
vn -0.3223 -0.6436 0.6941
vn 0.0635 -0.9904 -0.1228
vn 0.0256 -0.9991 -0.0341
vn -0.0087 -0.9976 -0.0681
vn 0.0281 -0.9908 -0.1321
vn -0.3206 -0.8746 0.3637
vn 0.0127 -0.9826 0.1853
vn -0.2006 -0.7215 0.6627
vn 0.0155 -0.9946 -0.1024
vn -0.1670 -0.9839 0.0630
vn -0.4654 -0.7382 0.4884
vn -0.4720 -0.5473 0.6911
vn -0.5901 -0.6343 0.4995
vn -0.4475 -0.7332 0.5121
vn -0.5373 -0.0874 0.8388
vn 0.0118 0.0048 0.9999
vn 0.2225 0.0788 0.9717
vn 0.3680 -0.1286 0.9209
vn 0.0819 -0.0477 0.9955
vn -0.4629 0.2474 0.8512
vn -0.2040 0.1111 0.9726
vn -0.0394 0.1397 0.9894
vn -0.4618 0.0560 0.8852
vn -0.2548 -0.1909 0.9480
vn -0.5831 0.1142 0.8043
vn -0.1434 -0.0054 0.9897
vn -0.3615 0.1313 0.9231
vn -0.5728 0.1070 0.8127
vn -0.2090 0.1755 0.9620
vn -0.1457 0.5496 0.8226
vn -0.2801 0.5209 0.8064
vn 0.0738 0.5369 0.8404
vn -0.3231 -0.1767 0.9297
vn -0.1764 0.3817 0.9073
vn -0.3766 0.3336 0.8643
vn -0.2899 0.4893 0.8225
vn -0.4246 0.4178 0.8032
vn -0.6195 0.5448 0.5652
vn -0.7197 0.1292 0.6822
vn -0.4718 0.1652 0.8661
vn -0.4811 0.4807 0.7331
vn -0.6205 0.2582 0.7405
vn -0.4206 -0.0986 0.9019
vn -0.5898 0.2336 0.7730
vn -0.5494 0.4425 0.7088
vn -0.7082 0.5122 0.4859
vn -0.7466 0.3470 0.5676
vn -0.5572 0.4005 0.7274
vn -0.6681 0.5543 0.4964
vn -0.6270 0.4008 0.6680
vn 0.2329 -0.8990 -0.3708
vn 0.4089 -0.6276 -0.6625
vn 0.1465 -0.9622 -0.2296
vn 0.3889 -0.4218 -0.8191
vn 0.4096 -0.6873 -0.5999
vn -0.0555 -0.9981 0.0260
vn 0.3853 -0.3323 -0.8609
vn 0.3648 -0.2796 -0.8881
vn 0.4197 -0.0930 -0.9029
vn 0.4749 0.1396 -0.8689
vn 0.5002 -0.1080 -0.8591
vn 0.4513 -0.1466 -0.8802
vn 0.4578 -0.7524 -0.4736
vn 0.1485 -0.9685 -0.1998
vn 0.5915 -0.5002 -0.6324
vn 0.5675 -0.6810 -0.4627
vn 0.6824 0.2220 -0.6964
vn 0.7435 -0.0239 -0.6683
vn 0.6328 0.0368 -0.7735
vn -0.0481 -0.9964 0.0698
vn -0.0605 -0.9947 0.0827
vn -0.0548 -0.9983 0.0205
vn -0.0721 -0.9972 -0.0197
vn -0.0040 -0.9972 -0.0747
vn -0.0679 -0.9963 -0.0519
vn -0.0753 -0.9968 -0.0263
vn -0.0859 -0.9962 0.0143
vn -0.0978 -0.9775 -0.1871
vn 0.1300 -0.8826 -0.4517
vn -0.0015 -0.9952 -0.0980
vn 0.3091 -0.9161 -0.2553
vn -0.0537 -0.9973 -0.0504
vn 0.3336 -0.9249 -0.1825
vn -0.0657 -0.9977 0.0185
vn -0.0690 -0.9976 -0.0076
vn 0.2473 -0.9686 -0.0258
vn 0.4270 -0.8883 -0.1690
vn 0.0093 -0.9999 -0.0131
vn 0.6547 -0.5946 -0.4666
vn 0.7762 -0.2741 -0.5678
vn 0.7600 -0.4393 -0.4789
vn 0.5772 -0.6583 -0.4832
vn 0.4651 -0.8400 -0.2794
vn 0.6214 -0.6121 -0.4891
vn 0.5555 -0.7320 -0.3943
vn 0.7724 -0.5389 -0.3361
vn 0.8439 -0.3538 -0.4034
vn 0.8715 -0.2279 -0.4342
vn 0.8922 -0.2845 -0.3508
vn 0.6669 -0.5091 -0.5441
vn 0.6408 -0.1242 -0.7576
vn 0.8352 0.0582 -0.5469
vn 0.8589 -0.0211 -0.5118
vn 0.9328 0.2173 -0.2874
vn 0.7660 0.2405 -0.5961
vn 0.9086 -0.0774 -0.4103
vn 0.8739 -0.1719 -0.4546
vn 0.8988 -0.0860 -0.4299
vn 0.8787 0.0555 -0.4741
vn 0.0027 -0.9977 -0.0672
vn -0.0170 -0.9998 -0.0143
vn 0.1150 -0.9906 -0.0739
vn 0.0202 -0.9992 -0.0347
vn -0.0098 -0.9984 -0.0555
vn 0.0103 -0.9935 -0.1133
vn -0.0054 -0.9996 -0.0291
vn 0.0119 -0.9991 -0.0416
vn -0.0772 -0.9958 0.0483
vn 0.1323 -0.9791 -0.1543
vn 0.2833 -0.9561 -0.0756
vn 0.1934 -0.9633 -0.1860
vn -0.0569 -0.9972 -0.0481
vn -0.0369 -0.9993 -0.0113
vn -0.0087 -0.9992 -0.0378
vn 0.2608 -0.9415 -0.2136
vn 0.1259 -0.9913 -0.0388
vn 0.1235 -0.9876 -0.0969
vn 0.0396 -0.9950 -0.0912
vn 0.0798 -0.9942 -0.0715
vn 0.0551 -0.9964 -0.0651
vn 0.0057 -0.9993 -0.0376
vn 0.0261 -0.9973 -0.0681
vn -0.0416 -0.9990 -0.0172
vn -0.0271 -0.9995 -0.0141
vn -0.0513 -0.9987 -0.0072
vn 0.3731 -0.8911 -0.2583
vn 0.7304 -0.5984 -0.3291
vn 0.8981 0.0248 -0.4391
vn 0.9001 -0.3692 -0.2315
vn 0.7211 -0.6825 -0.1188
vn 0.8684 -0.4317 -0.2439
vn 0.6487 -0.6610 -0.3772
vn 0.9706 -0.0909 -0.2229
vn 0.8763 0.3065 -0.3716
vn 0.9246 0.0265 -0.3799
vn 0.8968 -0.2141 -0.3872
vn 0.9614 -0.0326 -0.2731
vn 0.9831 0.0791 -0.1650
vn 0.9044 -0.2849 -0.3175
vn 0.9125 0.2104 -0.3509
vn 0.0884 0.2152 -0.9726
vn 0.1740 0.1194 -0.9775
vn 0.1423 0.0986 -0.9849
vn 0.1801 0.2529 -0.9506
vn 0.2720 0.1612 -0.9487
vn 0.2460 0.3736 -0.8943
vn -0.1088 0.9643 0.2415
vn 0.0424 0.9445 0.3259
vn 0.0649 0.9978 -0.0100
vn -0.2539 0.9553 0.1517
vn -0.0165 0.9988 0.0459
vn 0.0199 0.9987 -0.0463
vn 0.2337 0.9164 0.3249
vn -0.0604 0.9774 0.2025
vn 0.3345 0.9405 -0.0593
vn 0.0168 0.9586 -0.2843
vn -0.1536 0.8823 -0.4449
vn -0.0700 0.9971 0.0287
vn -0.0802 0.9953 0.0538
vn -0.1114 0.9914 0.0683
vn -0.0802 0.9965 -0.0226
vn 0.0005 0.9890 -0.1482
vn -0.1845 0.9812 0.0566
vn -0.0723 0.9915 -0.1085
vn -0.0165 0.9906 -0.1356
vn -0.0283 0.9892 -0.1438
vn 0.1225 0.9506 -0.2851
vn 0.1199 0.9654 -0.2316
vn 0.1601 0.9194 -0.3592
vn 0.1132 0.9917 -0.0611
vn 0.2310 0.9727 0.0225
vn 0.0701 0.9948 -0.0736
vn -0.0163 0.9606 -0.2775
vn -0.1835 0.9688 0.1665
vn -0.0263 0.9576 0.2869
vn -0.2336 0.9378 0.2566
vn -0.1444 0.9446 0.2949
vn 0.0533 0.9913 0.1207
vn 0.0275 0.9831 0.1808
vn -0.0860 0.9668 0.2405
vn -0.1450 0.9395 0.3104
vn -0.1998 0.9206 0.3356
vn -0.0543 0.9577 0.2826
vn -0.1339 0.8642 0.4851
vn -0.2169 0.8276 0.5178
vn -0.1611 0.9808 -0.1097
vn -0.0995 0.9936 0.0537
vn -0.0490 0.9695 0.2400
vn 0.0379 0.9488 0.3137
vn -0.0692 0.5698 0.8189
vn -0.1088 0.6340 0.7656
vn -0.2162 0.9472 0.2368
vn -0.2587 0.9292 0.2639
vn -0.2052 0.7653 0.6101
vn 0.0301 0.7466 0.6646
vn -0.1173 0.8308 0.5441
vn -0.0845 0.4908 0.8671
vn -0.1784 0.6244 0.7605
vn -0.1911 0.5915 0.7834
vn -0.2183 0.6606 0.7183
vn -0.2373 0.5578 0.7953
vn 0.2279 0.9545 0.1922
vn 0.1985 0.9183 0.3424
vn -0.1095 0.9926 0.0533
vn -0.6379 0.7467 -0.1887
vn -0.4248 0.8942 0.1414
vn -0.3579 0.8552 -0.3748
vn -0.6079 0.4401 0.6609
vn 0.2852 0.4538 0.8442
vn -0.0529 0.7208 0.6912
vn -0.0060 0.9847 -0.1742
vn -0.1296 0.9891 -0.0701
vn -0.1222 0.9925 -0.0023
vn -0.0978 0.9506 -0.2948
vn -0.0855 0.9911 -0.1020
vn -0.3951 0.8618 -0.3181
vn -0.1941 0.9540 0.2286
vn 0.0258 0.9896 0.1412
vn -0.1639 0.9829 0.0835
vn -0.3036 0.9097 0.2832
vn -0.2051 0.9441 0.2582
vn -0.2477 0.9268 0.2822
vn -0.4423 0.5792 0.6848
vn -0.2227 0.9146 0.3374
vn -0.4442 0.7928 0.4174
vn -0.2779 0.9216 0.2710
vn -0.4203 0.8811 0.2170
vn -0.6970 0.6556 0.2904
vn -0.5605 0.8024 0.2047
vn -0.5424 0.7202 0.4326
vn -0.5131 0.6002 0.6136
vn -0.3723 0.8626 0.3426
vn -0.4615 0.7421 0.4861
vn -0.7572 0.3990 0.5172
vn -0.8014 0.4363 0.4092
vn -0.6062 0.4103 0.6813
vn -0.3624 0.8009 0.4767
vn -0.3289 0.6440 0.6907
vn -0.6150 0.4561 0.6432
vn -0.5780 0.4832 0.6576
vn -0.3314 0.5789 0.7450
vn -0.5617 0.7737 0.2931
vn -0.3186 0.8477 0.4242
vn -0.4121 0.4723 0.7792
vn -0.4183 0.8297 0.3696
vn -0.5439 0.7404 0.3949
vn -0.4270 0.8520 0.3030
vn -0.1959 0.9317 0.3058
vn -0.1287 0.9644 0.2312
vn 0.3658 0.7084 -0.6036
vn 0.4270 0.5840 -0.6903
vn 0.4446 0.4101 -0.7963
vn 0.4684 0.2662 -0.8425
vn 0.4482 0.3159 -0.8363
vn 0.5096 0.1729 -0.8429
vn 0.4732 0.3136 -0.8232
vn 0.2784 0.9318 -0.2328
vn 0.1501 0.9133 -0.3786
vn 0.1218 0.9677 -0.2209
vn 0.4752 0.7611 -0.4415
vn 0.0834 0.9631 -0.2559
vn 0.1971 0.9367 -0.2893
vn 0.4423 0.6698 -0.5965
vn 0.4074 0.8889 -0.2096
vn 0.2749 0.9261 -0.2585
vn 0.7891 0.3160 -0.5268
vn 0.9018 0.1789 -0.3933
vn 0.7932 0.2027 -0.5743
vn 0.7653 0.3292 -0.5531
vn 0.8264 0.3563 -0.4360
vn 0.7411 0.3546 -0.5702
vn 0.6239 0.4657 -0.6276
vn 0.6697 0.6063 -0.4290
vn -0.2154 0.9659 0.1434
vn -0.2398 0.9664 0.0929
vn -0.5060 0.8477 0.1592
vn -0.3692 0.8756 0.3115
vn -0.3846 0.8960 0.2218
vn -0.4352 0.8860 0.1599
vn -0.3328 0.9213 0.2010
vn -0.2039 0.9679 0.1470
vn 0.9102 0.1803 -0.3728
vn 0.8942 0.2902 -0.3408
vn 0.9364 0.2978 -0.1856
vn 0.8293 0.5373 -0.1535
vn 0.7533 0.5817 -0.3070
vn 0.7182 0.6697 -0.1890
vn 0.7073 0.6783 -0.1988
vn 0.5976 0.7648 -0.2406
vn 0.8423 0.5220 -0.1344
vn 0.9143 0.3738 -0.1562
vn -0.5422 -0.7821 -0.3070
vn -0.6089 0.2775 -0.7432
vn 0.0018 -0.9958 -0.0920
vn -0.4473 0.6575 -0.6063
vn -0.3355 0.8391 0.4283
vn -0.9742 0.1774 -0.1398
vn -0.1249 0.9510 -0.2829
vn -0.3110 0.9225 -0.2287
vn -0.0289 0.9984 0.0486
vn 0.0370 0.9882 0.1484
vn -0.0594 0.9922 -0.1096
vn -0.1443 0.9685 -0.2029
vn -0.1047 0.0115 -0.9944
vn -0.0444 0.9478 -0.3157
vn -0.4137 0.7902 -0.4522
vn 0.0518 0.9785 -0.1998
vn -0.1880 -0.9804 -0.0596
vn -0.9860 0.0545 -0.1578
vn -0.1840 0.9643 -0.1903
vn 0.8638 -0.4871 0.1290
vn 0.0194 0.1119 0.9935
vn -0.1556 0.8967 0.4144
vn 0.3068 0.9317 -0.1942
vn 0.2836 0.9398 0.1904
vn 0.4678 -0.0701 -0.8811
vn 0.3769 -0.3241 -0.8677
vn -0.8032 0.2830 0.5242
vn 0.4340 -0.4290 -0.7922
vn 0.4587 -0.3499 -0.8168
vn 0.4727 -0.4014 -0.7845
vn 0.8768 -0.3332 -0.3467
vn 0.9253 -0.1776 -0.3351
vn -0.0699 0.1349 -0.9884
vn 0.3302 0.9437 0.0209
vn -0.0743 0.9795 -0.1875
vn 0.1082 0.9770 0.1836
vn 0.0007 0.9996 0.0290
vn -0.4758 0.7527 0.4551
vn -0.3234 0.9389 0.1180
vn 0.5444 0.1207 -0.8301
vn 0.2955 0.8508 -0.4344
vn 0.2767 0.8019 -0.5295
vn 0.1156 0.9175 -0.3805
vn 0.7388 0.5402 -0.4029
vn 0.3704 0.9097 -0.1875
vn -0.4186 0.8703 0.2595
vn -0.4813 0.7259 0.4914
vn -0.5898 0.8061 0.0493
vn -0.2271 -0.9724 0.0533
vn -0.6157 -0.7805 0.1083
vn -0.3208 -0.9470 -0.0148
vn -0.7101 -0.6701 0.2163
vn -0.3995 -0.9063 0.1381
vn -0.8282 -0.5405 0.1481
vn -0.8862 -0.4157 0.2045
vn -0.8841 -0.4350 0.1704
vn -0.9560 -0.2669 0.1217
vn -0.8643 -0.4870 0.1256
vn -0.9070 -0.3630 0.2136
vn -0.9740 -0.0938 0.2060
vn -0.9956 -0.0268 0.0895
vn -0.9280 -0.2427 0.2827
vn -0.9618 -0.0601 0.2672
vn -0.9800 0.1123 0.1645
vn -0.9904 0.0100 0.1376
vn -0.6696 -0.7091 0.2211
vn -0.8779 -0.3888 0.2796
vn -0.7588 -0.5971 0.2601
vn -0.7696 -0.5401 0.3407
vn -0.8527 -0.3460 0.3913
vn -0.8533 -0.4105 0.3214
vn -0.8297 -0.3591 0.4273
vn -0.9152 -0.2397 0.3239
vn -0.9488 -0.1972 0.2466
vn -0.9430 -0.1041 0.3161
vn -0.8972 -0.2360 0.3733
vn -0.9272 0.1785 0.3294
vn -0.9171 0.2430 0.3161
vn -0.9084 0.0098 0.4180
vn -0.0130 -0.9997 -0.0229
vn -0.0757 -0.9964 -0.0384
vn 0.0171 -0.9999 -0.0005
vn -0.1739 -0.9848 -0.0030
vn -0.0568 -0.9982 0.0170
vn -0.0571 -0.9983 0.0088
vn 0.0260 -0.9996 -0.0117
vn 0.0909 -0.9958 -0.0056
vn 0.0042 -0.9998 0.0181
vn 0.0372 -0.9966 -0.0735
vn 0.0274 -0.9969 -0.0737
vn -0.0373 -0.9990 -0.0249
vn 0.0281 -0.9889 0.1461
vn -0.0405 -0.9968 0.0682
vn -0.0417 -0.9991 0.0065
vn -0.0292 -0.9989 -0.0361
vn 0.1654 -0.9862 0.0002
vn 0.0082 -0.9959 -0.0903
vn 0.0398 -0.9971 -0.0654
vn -0.0344 -0.9987 0.0386
vn -0.3331 -0.9398 0.0756
vn -0.5671 -0.7795 0.2659
vn -0.0159 -0.9998 0.0075
vn -0.0464 -0.9988 -0.0128
vn -0.2259 -0.9659 0.1262
vn 0.0297 -0.9995 -0.0088
vn 0.0353 -0.9992 0.0200
vn 0.0568 -0.9954 0.0768
vn -0.5732 -0.7603 0.3057
vn -0.1852 -0.9745 0.1263
vn -0.0564 -0.9979 0.0317
vn -0.3462 -0.9245 0.1593
vn 0.0289 -0.9996 -0.0044
vn -0.5681 -0.7633 0.3077
vn -0.0122 -0.9995 -0.0294
vn -0.0837 -0.9939 0.0719
vn 0.0103 -0.9998 -0.0156
vn -0.0346 -0.9974 0.0636
vn -0.0524 -0.9959 -0.0739
vn -0.0248 -0.9994 0.0249
vn -0.0768 -0.9964 -0.0367
vn -0.0003 -0.9988 -0.0480
vn -0.0321 -0.9962 -0.0812
vn 0.2440 -0.9198 -0.3072
vn 0.6672 -0.6896 -0.2815
vn 0.3209 -0.8964 -0.3056
vn -0.0022 -0.9969 0.0785
vn 0.4858 -0.8691 -0.0936
vn 0.0973 -0.9952 0.0048
vn 0.5802 -0.8144 0.0109
vn -0.0470 -0.9972 0.0573
vn 0.0101 -0.9995 0.0285
vn 0.0084 -0.9990 -0.0449
vn -0.0419 -0.9938 0.1026
vn 0.4425 -0.8590 0.2575
vn 0.0149 -0.9801 0.1979
vn 0.0642 -0.9966 -0.0522
vn 0.0444 -0.9981 -0.0416
vn 0.1489 -0.9857 -0.0791
vn -0.1129 -0.9783 0.1739
vn 0.4389 -0.8890 0.1304
vn 0.3377 -0.8150 -0.4710
vn 0.4598 -0.6911 -0.5577
vn 0.1771 -0.8893 -0.4217
vn 0.0290 -0.9789 0.2022
vn -0.0068 -0.9786 0.2058
vn -0.0033 -0.9673 -0.2535
vn -0.0093 -0.9991 -0.0411
vn 0.0176 -0.9841 -0.1769
vn -0.0372 -0.9990 0.0267
vn -0.0496 -0.9953 -0.0835
vn 0.0371 -0.9992 0.0167
vn -0.0397 -0.9990 0.0181
vn 0.0531 -0.9686 -0.2428
vn -0.0869 -0.9924 0.0874
vn 0.0040 -0.9999 0.0121
vn 0.0301 -0.9995 0.0134
vn 0.0656 -0.9978 -0.0038
vn 0.5962 -0.6222 -0.5074
vn 0.7729 -0.4161 -0.4791
vn 0.7297 -0.5900 -0.3456
vn 0.9071 0.0058 -0.4209
vn 0.8799 -0.3436 -0.3283
vn 0.8461 0.1952 -0.4960
vn 0.8024 -0.5895 -0.0927
vn 0.7646 0.2752 -0.5828
vn 0.7883 0.0244 -0.6148
vn 0.9010 0.2311 -0.3672
vn 0.3850 -0.0402 -0.9220
vn 0.4442 -0.4062 -0.7986
vn 0.5863 -0.4037 -0.7023
vn 0.7768 -0.1152 -0.6192
vn 0.7262 -0.0988 -0.6803
vn 0.1939 -0.7314 -0.6538
vn 0.5690 -0.6660 -0.4824
vn -0.0193 -0.9607 -0.2769
vn -0.0040 -0.9999 -0.0102
vn 0.0189 -0.9939 -0.1090
vn -0.1358 -0.6363 -0.7594
vn -0.0546 -0.7873 -0.6141
vn -0.1739 -0.5338 -0.8275
vn -0.0821 -0.6845 -0.7244
vn -0.1349 -0.9105 -0.3910
vn -0.0370 -0.7467 -0.6641
vn -0.0175 -0.9998 -0.0116
vn -0.0086 -0.9999 -0.0088
vn -0.0220 -0.9971 0.0730
vn -0.0831 -0.9875 0.1339
vn 0.0242 -0.9970 0.0740
vn -0.0057 -0.5025 -0.8646
vn -0.0746 -0.6120 -0.7873
vn -0.0459 -0.6399 -0.7671
vn -0.1075 -0.7468 -0.6563
vn -0.0223 -0.1261 -0.9918
vn -0.1983 0.0224 -0.9799
vn 0.3251 -0.3212 -0.8895
vn -0.0922 0.0996 -0.9907
vn -0.5538 -0.6337 0.5402
vn -0.5997 -0.4415 0.6674
vn -0.7026 -0.4274 0.5689
vn -0.6809 -0.1674 0.7130
vn -0.6616 -0.2000 0.7227
vn -0.4731 -0.6910 0.5465
vn -0.5908 -0.3634 0.7203
vn -0.7166 -0.5329 0.4500
vn -0.8176 -0.2543 0.5166
vn -0.8343 -0.2747 0.4781
vn -0.7467 -0.5230 0.4109
vn -0.2764 -0.9546 0.1108
vn -0.5448 -0.7459 0.3831
vn -0.6804 -0.6230 0.3859
vn -0.2336 -0.9541 0.1875
vn -0.3100 -0.8706 0.3821
vn -0.7496 -0.0538 0.6597
vn -0.8306 -0.1555 0.5347
vn -0.0728 0.2127 0.9744
vn -0.8010 0.5975 0.0377
vn -0.8634 -0.1390 0.4850
vn -0.7139 -0.1006 0.6930
vn -0.7538 0.0561 0.6547
vn -0.6455 -0.0945 0.7579
vn -0.6706 0.1986 0.7148
vn -0.5786 0.1729 0.7971
vn -0.5710 0.4006 0.7166
vn -0.0686 -0.9914 0.1118
vn 0.0320 -0.9983 -0.0493
vn 0.0519 -0.9986 -0.0108
vn 0.0389 -0.9921 0.1193
vn 0.0508 -0.9983 -0.0285
vn -0.0640 -0.9947 0.0798
vn 0.0327 -0.9957 -0.0863
vn -0.0013 -0.9993 -0.0370
vn -0.3127 -0.8729 0.3746
vn -0.4748 -0.5911 0.6521
vn -0.2771 -0.9040 0.3256
vn -0.0959 -0.9888 0.1140
vn -0.2935 -0.8320 0.4708
vn -0.4595 -0.6215 0.6345
vn -0.3338 -0.5517 0.7643
vn -0.4618 -0.4090 0.7870
vn -0.5162 -0.2519 0.8186
vn -0.4938 -0.3697 0.7870
vn -0.5429 -0.1889 0.8183
vn -0.4721 -0.1916 0.8605
vn -0.4876 -0.2457 0.8378
vn -0.3486 -0.4429 0.8261
vn -0.4623 0.1279 0.8774
vn -0.4749 -0.0920 0.8752
vn -0.4657 -0.0468 0.8837
vn -0.4822 0.2932 0.8255
vn -0.5228 0.0550 0.8507
vn -0.3280 0.0988 0.9395
vn -0.3305 0.4584 0.8250
vn -0.3143 0.1067 0.9433
vn -0.3605 0.1011 0.9273
vn 0.0235 -0.9997 0.0017
vn 0.0307 -0.9981 -0.0542
vn 0.0503 -0.9978 -0.0425
vn 0.0192 -0.9989 -0.0425
vn 0.0698 -0.9953 -0.0677
vn 0.0542 -0.9984 -0.0170
vn 0.0267 -0.9996 -0.0120
vn 0.0035 -0.9982 0.0591
vn 0.0182 -0.9993 -0.0335
vn -0.1214 -0.9492 0.2902
vn 0.0404 -0.9930 -0.1109
vn -0.0037 -0.9987 0.0501
vn -0.0550 -0.8937 0.4453
vn -0.1874 -0.7345 0.6522
vn 0.0113 -0.9963 0.0852
vn -0.0645 -0.9901 0.1248
vn -0.0109 -0.9997 0.0221
vn 0.0021 -0.9975 0.0702
vn 0.0273 -0.9914 0.1278
vn 0.0001 -0.9978 0.0660
vn 0.0171 -0.9998 -0.0077
vn 0.0363 -0.9967 -0.0731
vn -0.0195 -0.9912 -0.1307
vn -0.0088 -0.9890 -0.1476
vn 0.0586 -0.9876 -0.1456
vn 0.0175 -0.9998 0.0112
vn -0.0022 -0.9595 0.2817
vn 0.0192 -0.9914 0.1292
vn -0.0068 -0.8784 0.4780
vn -0.1964 -0.4886 0.8501
vn -0.2523 -0.1827 0.9502
vn -0.3209 -0.0889 0.9429
vn 0.0055 -0.9429 0.3330
vn -0.0475 -0.7233 0.6889
vn -0.1052 -0.4709 0.8759
vn -0.0415 -0.6960 0.7169
vn -0.2508 -0.5143 0.8201
vn -0.1257 -0.3289 0.9360
vn -0.1211 -0.5035 0.8555
vn -0.1138 -0.6366 0.7628
vn 0.0018 -0.8757 0.4829
vn -0.1122 -0.7589 0.6415
vn -0.0181 -0.5511 0.8343
vn -0.0467 -0.4479 0.8929
vn -0.1084 -0.1489 0.9829
vn 0.0000 -0.0522 0.9986
vn -0.3176 0.0904 0.9439
vn -0.1869 -0.0156 0.9823
vn -0.2147 0.1407 0.9665
vn -0.1294 0.0845 0.9880
vn -0.2166 0.1666 0.9620
vn -0.2256 0.1264 0.9660
vn -0.1506 0.1748 0.9730
vn -0.2297 0.2637 0.9369
vn -0.0297 -0.0237 0.9993
vn -0.1127 -0.0292 0.9932
vn -0.1162 -0.0233 0.9930
vn -0.1390 0.2074 0.9683
vn 0.0010 0.0099 1.0000
vn -0.0100 -0.0926 0.9957
vn -0.2886 0.2038 0.9355
vn 0.0398 0.1009 0.9941
vn -0.8478 0.0711 0.5255
vn -0.3872 0.4957 -0.7774
vn -0.9045 0.4249 0.0362
vn -0.4583 0.8801 0.1242
vn -0.3383 0.8398 -0.4246
vn -0.7964 0.6036 -0.0389
vn -0.9434 0.2386 -0.2306
vn -0.2892 0.9568 0.0289
vn -0.4762 0.8792 0.0138
vn -0.5054 0.8567 -0.1029
vn 0.0893 0.8379 -0.5385
vn -0.2288 0.9702 0.0795
vn -0.8308 0.4664 0.3038
vn -0.8093 0.3260 0.4887
vn -0.7200 0.3073 0.6223
vn -0.0990 0.9870 -0.1270
vn -0.2252 0.9545 -0.1954
vn -0.2769 0.9606 0.0252
vn -0.3796 0.9231 -0.0622
vn -0.5133 0.8574 0.0372
vn -0.1227 0.9924 -0.0109
vn -0.3497 0.8708 -0.3456
vn -0.2656 0.9229 -0.2789
vn 0.4418 0.8541 -0.2743
vn 0.1985 0.9011 -0.3856
vn 0.0272 0.9970 -0.0728
vn -0.0135 0.9981 -0.0605
vn 0.2253 0.9673 0.1167
vn -0.5827 0.8101 -0.0646
vn -0.0826 0.9745 -0.2084
vn -0.2359 0.9454 -0.2251
vn -0.1206 0.9728 -0.1978
vn -0.2425 0.9691 -0.0443
vn -0.4015 0.6394 -0.6557
vn -0.5781 0.6496 -0.4938
vn 0.9048 0.3719 -0.2073
vn -0.0049 0.9690 0.2469
vn 0.0324 0.9551 -0.2945
vn 0.1436 0.9894 0.0205
vn -0.0520 0.9849 -0.1653
vn -0.0815 0.9692 -0.2325
vn -0.0619 0.9348 -0.3496
vn -0.2857 0.9572 -0.0466
vn -0.1358 0.9857 -0.1002
vn -0.2569 0.9611 0.1018
vn -0.2821 0.9507 0.1292
vn -0.3810 0.9140 0.1394
vn -0.2410 0.9705 0.0105
vn -0.1833 0.9598 -0.2125
vn 0.2795 0.9480 -0.1524
vn 0.1982 0.9239 -0.3274
vn 0.3596 0.9021 -0.2384
vn 0.4118 0.8423 -0.3479
vn 0.3861 0.7094 -0.5897
vn 0.3906 0.8859 -0.2503
vn -0.0303 0.9683 -0.2479
vn 0.3850 0.8460 -0.3688
vn 0.7419 0.6383 -0.2051
vn 0.5842 0.7542 -0.2998
vn 0.4910 0.8115 -0.3169
vn 0.5027 0.8167 -0.2834
vn 0.1213 0.9642 -0.2359
vn 0.0279 0.9916 -0.1262
vn 0.7414 0.4523 -0.4957
vn 0.8696 0.4937 0.0131
vn 0.3839 0.9198 0.0809
vn 0.1966 0.9756 -0.0978
vn 0.1172 0.9297 -0.3491
vn 0.2199 0.9715 0.0888
vn 0.7448 0.5363 -0.3970
vn 0.8152 0.4141 -0.4049
vn 0.8680 0.3219 -0.3780
vn 0.6466 0.6221 -0.4415
vn 0.6506 0.2518 -0.7165
vn 0.5473 0.2555 -0.7970
vn 0.5934 0.1901 -0.7821
vn 0.3836 0.2717 -0.8826
vn 0.5574 0.5276 -0.6410
vn 0.5673 0.7322 -0.3768
vn 0.6810 0.6368 -0.3616
vn 0.5392 0.6968 -0.4730
vn 0.1296 0.8181 -0.5602
vn 0.4484 0.8150 -0.3671
vn 0.4817 0.5000 -0.7197
vn 0.3216 0.4335 -0.8418
vn -0.5644 0.8252 0.0222
vn -0.1867 0.9823 0.0144
vn 0.3586 0.8906 -0.2797
vn 0.0109 0.8667 -0.4987
vn 0.5755 0.5927 -0.5635
vn 0.7081 0.3235 -0.6277
vn 0.7624 0.3014 -0.5727
vn 0.2615 0.9074 -0.3289
vn 0.8647 0.4375 0.2466
vn 0.3955 0.6699 -0.6283
vn 0.0501 0.7000 -0.7124
vn -0.1376 0.8230 -0.5511
vn 0.6620 0.7375 0.1339
vn 0.7350 0.0063 -0.6780
vn 0.7176 0.0593 -0.6939
vn 0.7143 0.0717 -0.6962
vn 0.6201 0.2659 -0.7381
vn 0.4908 0.0621 -0.8690
vn 0.1589 -0.0561 -0.9857
vn 0.7022 0.2754 -0.6565
vn -0.3919 -0.0372 -0.9193
vn -0.2986 -0.0274 -0.9540
vn 0.3097 0.4966 -0.8108
vn -0.1667 0.6065 -0.7774
vn 0.4941 0.4835 -0.7226
vn 0.5292 0.5067 -0.6806
vn -0.3324 0.4951 -0.8028
vn 0.0037 0.1549 -0.9879
vn 0.5069 0.5743 -0.6428
vn 0.2777 0.7770 -0.5649
vn 0.4075 0.7052 -0.5802
vn 0.4665 0.5268 -0.7105
vn 0.3117 0.7529 -0.5796
vn 0.3983 0.6652 -0.6316
vn 0.3501 0.7838 -0.5130
vn 0.2413 0.8374 -0.4904
vn 0.2063 0.8376 -0.5058
vn 0.3254 0.6639 -0.6733
vn 0.1584 0.5888 -0.7926
vn -0.1212 0.8057 -0.5797
vn -0.0515 0.6539 -0.7548
vn -0.4004 0.9137 0.0704
vn -0.5310 0.8320 -0.1604
vn -0.4014 0.8933 0.2023
vn 0.2770 0.9562 0.0947
vn -0.8538 0.5169 -0.0624
vn -0.3795 0.8945 0.2365
vn -0.5374 0.8305 0.1464
vn -0.5385 0.7626 0.3584
vn -0.6298 0.6828 0.3704
vn -0.6279 0.6237 0.4656
vn -0.4877 0.8176 0.3060
vn -0.6416 0.5875 0.4932
vn -0.6809 0.3879 0.6213
vn -0.3939 0.1295 0.9100
vn 0.2278 0.1319 0.9647
vn -0.3822 0.7075 0.5945
vn 0.0892 0.9904 -0.1053
vn 0.2019 0.9513 -0.2331
vn 0.2343 0.9136 -0.3323
vn 0.0561 0.9924 -0.1092
vn -0.0347 0.9992 0.0185
vn 0.0539 0.9960 0.0719
vn 0.0125 0.9984 0.0557
vn 0.0015 0.9832 0.1824
vn -0.0879 0.9479 0.3063
vn 0.2468 0.9187 -0.3085
vn 0.1752 0.9144 -0.3648
vn 0.1438 0.9427 -0.3011
vn 0.1733 0.9163 -0.3611
vn 0.0787 0.9690 -0.2343
vn 0.0437 0.9586 -0.2813
vn 0.4385 0.8814 -0.1758
vn 0.2759 0.9343 -0.2259
vn 0.0865 0.9715 -0.2205
vn 0.1817 0.9503 -0.2527
vn 0.2630 0.9264 -0.2694
vn 0.0655 0.9557 -0.2870
vn 0.2405 0.9616 -0.1327
vn 0.2301 0.9415 -0.2462
vn 0.1794 0.9817 0.0632
vn 0.1381 0.9853 0.1001
vn 0.2319 0.9610 -0.1506
vn -0.0186 0.9803 -0.1966
vn 0.0778 0.9927 -0.0921
vn 0.1515 0.9401 -0.3055
vn 0.2864 0.9418 -0.1759
vn 0.3501 0.9277 -0.1293
vn 0.1648 0.9846 -0.0583
vn 0.0660 0.9978 0.0013
vn 0.0307 0.9901 -0.1368
vn -0.1563 0.9364 -0.3142
vn -0.2417 0.7605 0.6027
vn -0.1615 0.8870 0.4326
vn -0.2228 0.7779 0.5876
vn -0.1031 0.9194 0.3796
vn -0.3458 0.3944 0.8514
vn -0.3565 0.5135 0.7805
vn -0.4306 0.3761 0.8204
vn -0.2402 0.5653 0.7891
vn -0.3203 0.5995 0.7335
vn -0.2482 0.4323 0.8669
vn -0.2076 0.3235 0.9232
vn -0.1851 0.7126 0.6767
vn -0.1794 0.4155 0.8917
vn -0.0263 0.4529 0.8912
vn -0.1366 0.5949 0.7921
vn -0.0290 0.3498 0.9364
vn 0.0477 0.5560 0.8298
vn 0.0908 0.4289 0.8988
vn 0.0252 0.9885 0.1494
vn -0.0009 0.9798 0.2002
vn 0.0538 0.9844 0.1678
vn 0.0813 0.9966 -0.0091
vn -0.0566 0.8812 0.4693
vn 0.0005 0.9658 0.2594
vn -0.0883 -0.6336 -0.7686
vn 0.0203 -0.9303 -0.3661
vn -0.1602 -0.8514 -0.4995
vn -0.0646 -0.9016 -0.4278
vn -0.1964 -0.8217 -0.5350
vn -0.2811 -0.6483 -0.7076
vn -0.2219 -0.4666 -0.8562
vn -0.0189 -0.9676 -0.2517
vn 0.0480 -0.9988 -0.0074
vn -0.0529 -0.9709 -0.2334
vn 0.0355 -0.9991 0.0223
vn -0.0332 -0.9946 -0.0984
vn -0.0136 -0.9981 0.0599
vn 0.0106 -0.9959 0.0894
vn 0.0084 -0.9979 0.0640
vn 0.0208 -0.9985 0.0499
vn 0.0368 -0.9980 -0.0508
vn -0.0190 -0.9931 0.1156
vn 0.0073 -0.9950 0.0994
vn -0.0155 -0.9956 0.0929
vn -0.0095 -0.9997 0.0222
vn -0.0069 -1.0000 -0.0014
vn -0.0207 -0.9986 -0.0487
vn 0.0496 -0.9938 0.0993
vn 0.0524 -0.9980 0.0342
vn 0.0296 -0.9966 0.0773
vn 0.0442 -0.9948 0.0914
vn 0.0459 -0.9981 0.0404
vn 0.0215 -0.9997 -0.0102
vn 0.0313 -0.9951 0.0934
vn -0.0033 -0.9991 0.0429
vn -0.0051 -0.9988 -0.0485
vn -0.0209 -0.9997 0.0093
vn -0.0056 -0.9994 -0.0339
vn -0.1591 -0.5545 -0.8168
vn -0.0951 -0.3809 -0.9197
vn -0.2357 -0.2376 -0.9423
vn -0.2311 -0.0696 -0.9704
vn -0.2982 -0.1504 -0.9426
vn -0.1133 -0.1281 -0.9853
vn -0.3575 -0.1060 -0.9279
vn -0.0962 0.0274 -0.9950
vn -0.2699 0.1231 -0.9550
vn -0.2231 -0.2092 -0.9521
vn -0.1326 -0.3911 -0.9108
vn 0.1230 0.1519 -0.9807
vn 0.0027 0.1755 -0.9845
vn -0.2157 -0.4812 -0.8497
vn -0.3867 -0.4361 -0.8126
vn -0.2990 -0.3627 -0.8826
vn -0.4023 -0.0769 -0.9123
vn -0.4553 0.1276 -0.8812
vn -0.1244 0.1419 -0.9820
vn -0.2955 0.0948 -0.9506
vn -0.4268 0.1235 -0.8959
vn -0.4389 0.1433 -0.8870
vn -0.2703 0.1903 -0.9438
vn -0.6467 0.1257 -0.7523
vn -0.7942 -0.3823 -0.4723
vn -0.8763 -0.4256 -0.2255
vn -0.8558 -0.3184 -0.4077
vn -0.7454 -0.0348 -0.6658
vn -0.6789 -0.4366 -0.5904
vn -0.5041 -0.1443 -0.8515
vn -0.7053 -0.6465 -0.2908
vn -0.6278 -0.6195 -0.4713
vn -0.7107 -0.3223 -0.6253
vn -0.8731 -0.2574 -0.4141
vn -0.8091 -0.1758 -0.5607
vn -0.9080 -0.2323 -0.3488
vn -0.7900 -0.3338 -0.5144
vn -0.8328 -0.1497 -0.5330
vn -0.9330 -0.2087 -0.2931
vn -0.8440 -0.0178 -0.5361
vn -0.9610 0.0459 -0.2728
vn -0.8592 -0.0936 -0.5030
vn -0.8727 -0.0281 -0.4875
vn -0.8267 0.0660 -0.5587
vn -0.6710 0.0434 -0.7402
vn 0.0060 -0.9987 0.0515
vn -0.0511 -0.9986 0.0132
vn -0.0318 -0.9987 -0.0388
vn 0.0243 -0.9996 0.0120
vn -0.0084 -0.9993 -0.0362
vn -0.0322 -0.9906 -0.1328
vn -0.1330 -0.9775 -0.1634
vn -0.0790 -0.9967 -0.0185
vn -0.0245 -0.9974 0.0682
vn -0.0534 -0.9984 -0.0207
vn -0.0996 -0.9926 0.0701
vn -0.0140 -0.9948 -0.1013
vn -0.0374 -0.9970 -0.0674
vn -0.0613 -0.9925 -0.1057
vn 0.0015 -0.9997 0.0254
vn -0.1054 -0.9922 0.0670
vn 0.0586 -0.9426 0.3286
vn 0.0418 -0.8914 0.4513
vn 0.0957 -0.7622 0.6403
vn 0.0384 -0.9964 0.0757
vn 0.0689 -0.9486 0.3088
vn -0.1148 -0.8926 0.4360
vn 0.0025 -0.9986 0.0533
vn -0.0041 -0.9994 -0.0331
vn 0.0012 -0.9993 -0.0375
vn -0.0400 -0.9976 -0.0571
vn -0.1343 -0.9835 0.1212
vn 0.0074 -0.9921 0.1253
vn -0.0176 -0.9971 -0.0739
vn 0.0085 -0.9983 -0.0580
vn -0.1131 -0.9920 -0.0558
vn 0.0232 -0.9779 -0.2077
vn -0.0617 -0.9955 -0.0720
vn -0.0231 -0.9989 -0.0406
vn -0.0261 -0.9991 -0.0335
vn 0.0257 -0.9883 0.1500
vn 0.0361 -0.8755 0.4818
vn 0.1527 -0.8877 0.4344
vn 0.0309 -0.9935 0.1095
vn 0.2057 -0.7400 0.6404
vn 0.2399 -0.7801 0.5778
vn 0.0842 -0.9647 0.2497
vn 0.1459 -0.7570 0.6369
vn 0.1509 -0.6678 0.7289
vn 0.2260 -0.6037 0.7645
vn 0.2610 -0.5602 0.7861
vn 0.2353 -0.4518 0.8606
vn 0.0243 -0.6681 0.7437
vn 0.0551 -0.1850 0.9812
vn 0.0490 -0.4319 0.9006
vn 0.0939 -0.3195 0.9429
vn 0.1562 -0.4489 0.8799
vn 0.0955 -0.5879 0.8033
vn 0.1034 -0.7741 0.6245
vn 0.2164 -0.6195 0.7546
vn 0.1789 -0.2088 0.9615
vn 0.0927 -0.1055 0.9901
vn 0.1817 -0.0435 0.9824
vn -0.0134 -0.0213 0.9997
vn 0.0134 0.0943 0.9955
vn 0.0443 0.0336 0.9985
vn 0.0752 0.2333 0.9695
vn 0.0202 0.1552 0.9877
vn 0.1755 -0.0894 0.9804
vn -0.1676 0.4338 0.8853
vn 0.1026 0.2805 0.9544
vn 0.1000 -0.0800 0.9918
vn 0.0993 0.3770 0.9209
vn 0.1187 0.3609 0.9250
vn 0.1047 0.3510 0.9305
vn 0.2419 0.1035 0.9648
vn 0.2287 -0.4073 0.8842
vn 0.1941 -0.1459 0.9701
vn 0.1958 -0.1340 0.9714
vn 0.2215 -0.3524 0.9093
vn 0.2260 -0.1392 0.9641
vn 0.2736 -0.2105 0.9385
vn 0.1937 0.0144 0.9810
vn 0.2241 0.1233 0.9667
vn 0.2025 0.3152 0.9272
vn 0.2817 0.3781 0.8819
vn 0.2680 -0.0062 0.9634
vn 0.3091 0.2726 0.9111
vn 0.3175 0.4819 0.8167
vn 0.3314 0.2556 0.9082
vn 0.3282 0.5392 0.7756
vn 0.0213 -0.9982 0.0565
vn -0.2450 -0.9680 0.0540
vn 0.0867 -0.9933 -0.0757
vn -0.0743 -0.9972 -0.0115
vn -0.3407 -0.9324 0.1208
vn -0.2001 -0.9758 -0.0883
vn -0.0457 -0.9960 -0.0770
vn -0.5605 -0.8197 -0.1181
vn -0.1656 -0.9813 -0.0982
vn -0.3449 -0.8592 -0.3780
vn 0.0146 -0.9992 -0.0363
vn -0.0109 -0.9969 -0.0782
vn -0.0560 -0.9984 -0.0076
vn 0.0354 -0.9974 -0.0629
vn 0.0818 -0.9966 -0.0029
vn 0.0540 -0.9983 -0.0207
vn -0.0004 -0.9994 0.0354
vn 0.0280 -0.9972 -0.0697
vn -0.0820 -0.9963 -0.0239
vn -0.0742 -0.9959 -0.0508
vn -0.0012 -0.9988 -0.0488
vn 0.1219 -0.9920 0.0324
vn 0.0909 -0.9946 -0.0491
vn -0.0438 -0.9870 -0.1548
vn -0.0420 -0.9967 0.0696
vn -0.0874 -0.9961 0.0087
vn 0.0611 -0.9968 -0.0514
vn 0.1035 -0.9925 -0.0658
vn 0.0112 -0.9997 -0.0236
vn 0.0185 -0.9998 -0.0075
vn 0.0662 -0.9978 0.0100
vn 0.0226 -0.9995 -0.0240
vn -0.0867 -0.9962 0.0107
vn -0.0458 -0.9984 0.0339
vn -0.0144 -0.9992 -0.0376
vn -0.1299 -0.9914 0.0186
vn -0.0038 -0.9989 -0.0472
vn -0.0456 -0.9981 -0.0422
vn 0.0944 -0.9955 -0.0000
vn 0.3295 -0.9363 0.1213
vn 0.2055 -0.9703 0.1274
vn 0.1844 -0.9825 -0.0268
vn 0.3246 -0.9444 0.0517
vn -0.0385 -0.9980 -0.0506
vn 0.6799 -0.7308 0.0604
vn 0.8298 -0.5447 0.1217
vn 0.7259 -0.6722 0.1457
vn 0.3310 -0.9387 0.0966
vn 0.8625 -0.4963 0.0989
vn 0.8699 -0.4883 0.0688
vn 0.9462 -0.3194 0.0519
vn 0.9296 -0.3480 0.1217
vn 0.9840 -0.1458 0.1027
vn 0.9914 -0.1264 0.0346
vn 0.9893 0.1460 0.0063
vn 0.9985 0.0180 0.0524
vn 0.5957 -0.7910 0.1397
vn 0.2584 -0.9640 0.0624
vn 0.8725 -0.4523 0.1848
vn 0.7725 -0.5442 0.3272
vn 0.6201 -0.7247 0.3004
vn 0.8968 -0.3586 0.2591
vn 0.9664 -0.1851 0.1784
vn 0.9854 0.0356 0.1666
vn 0.9483 -0.1299 0.2896
vn 0.9738 -0.0926 0.2075
vn 0.9409 0.0675 0.3320
vn 0.9039 -0.1877 0.3843
vn -0.0287 -0.9996 -0.0045
vn -0.0173 -0.9998 -0.0134
vn -0.0292 -0.9992 -0.0256
vn -0.0097 -0.9996 -0.0277
vn -0.0805 -0.9956 -0.0483
vn -0.0360 -0.9965 -0.0758
vn -0.0247 -0.9981 -0.0571
vn -0.0375 -0.9950 -0.0930
vn -0.0054 -0.9985 -0.0554
vn 0.0214 -0.9963 -0.0834
vn 0.1476 -0.9743 0.1699
vn 0.1604 -0.9681 0.1926
vn 0.0429 -0.9983 0.0392
vn -0.1341 -0.9906 -0.0258
vn 0.2342 -0.9606 0.1496
vn -0.0528 -0.9985 -0.0110
vn -0.0171 -0.9980 -0.0605
vn 0.5095 -0.7942 0.3311
vn 0.2906 -0.9351 0.2029
vn 0.6048 -0.6810 0.4130
vn 0.3005 -0.9083 0.2911
vn 0.4657 -0.7235 0.5096
vn 0.6645 -0.6324 0.3982
vn 0.5126 -0.7739 0.3719
vn 0.5776 -0.6675 0.4699
vn 0.8147 -0.3356 0.4729
vn 0.6874 -0.5784 0.4393
vn 0.7074 -0.4924 0.5071
vn 0.6534 -0.5688 0.4995
vn 0.8725 -0.0379 0.4871
vn 0.8125 -0.2454 0.5287
vn 0.8037 -0.1111 0.5845
vn 0.8764 0.2004 0.4378
vn 0.8033 0.1320 0.5807
vn 0.7712 0.1641 0.6150
vn 0.7722 0.1936 0.6052
vn 0.7871 0.1610 0.5954
vn 0.7875 0.1721 0.5918
vn 0.8001 -0.0191 0.5996
vn 0.7843 -0.1729 0.5958
vn 0.8026 -0.2200 0.5544
vn 0.3020 -0.8408 0.4494
vn 0.1654 -0.9707 0.1744
vn 0.3254 -0.8059 0.4946
vn 0.3328 -0.6484 0.6847
vn 0.4045 -0.6644 0.6284
vn 0.4117 -0.5321 0.7398
vn 0.3640 -0.2532 0.8963
vn 0.3291 -0.0151 0.9442
vn 0.3631 -0.4439 0.8192
vn 0.5173 -0.2730 0.8111
vn 0.3614 -0.7855 0.5024
vn 0.4828 -0.4724 0.7374
vn 0.5710 -0.4672 0.6751
vn 0.6241 -0.2452 0.7419
vn 0.6924 -0.4255 0.5827
vn 0.7137 -0.1788 0.6773
vn 0.4160 0.2226 0.8817
vn 0.3829 0.4502 0.8066
vn 0.4987 0.1505 0.8536
vn 0.4206 -0.0435 0.9062
vn 0.5479 -0.0340 0.8358
vn 0.4848 0.2711 0.8316
vn 0.4615 0.4310 0.7754
vn 0.5996 0.2032 0.7741
vn 0.4277 0.4800 0.7660
vn 0.6684 -0.0199 0.7436
vn 0.5735 0.3426 0.7441
vn 0.7210 0.0731 0.6891
vn 0.7514 0.1592 0.6403
vn 0.6816 0.2864 0.6733
vn 0.7795 -0.0391 0.6252
vn -0.4213 0.3926 -0.8176
vn 0.2890 0.1814 -0.9400
vn -0.0635 0.1151 -0.9913
vn 0.0273 0.5922 -0.8054
vn -0.0109 0.6639 -0.7477
vn 0.0412 0.9863 -0.1598
vn 0.3405 0.3070 -0.8887
vn -0.5445 0.4631 -0.6993
vn -0.3735 0.8722 -0.3159
vn 0.1103 0.7463 -0.6565
vn -0.1033 0.3797 -0.9193
vn 0.4826 0.4681 -0.7403
vn 0.1569 0.7797 -0.6062
vn -0.0506 0.6999 -0.7124
vn 0.3494 0.8795 -0.3232
vn 0.3038 0.9489 -0.0856
vn 0.5171 0.8559 -0.0069
vn -0.1494 0.7785 -0.6096
vn 0.1020 0.9462 -0.3069
vn -0.0205 0.8944 -0.4468
vn -0.1405 0.8133 -0.5647
vn -0.0131 0.5213 -0.8533
vn -0.4191 0.6702 -0.6125
vn -0.4393 0.3817 -0.8132
vn -0.2635 0.7948 -0.5466
vn -0.2971 0.1964 -0.9344
vn -0.4339 0.5257 -0.7317
vn -0.4116 0.1665 -0.8960
vn -0.2748 0.6313 -0.7252
vn -0.3343 0.6026 -0.7246
vn -0.2943 0.6870 -0.6643
vn -0.3533 0.6340 -0.6879
vn -0.0479 0.8561 -0.5146
vn -0.4738 0.6720 -0.5691
vn -0.2673 0.7227 -0.6374
vn -0.1304 0.6912 -0.7108
vn -0.3020 0.7636 -0.5707
vn -0.2318 0.9190 -0.3189
vn -0.3650 0.7843 -0.5016
vn -0.7715 0.4016 -0.4936
vn -0.8500 0.4022 -0.3401
vn -0.5050 0.6511 -0.5666
vn -0.8808 0.2997 -0.3665
vn -0.7361 0.6147 -0.2833
vn -0.8371 0.5366 -0.1065
vn -0.8881 0.4585 0.0332
vn -0.8419 0.5244 -0.1275
vn -0.6246 0.6623 -0.4138
vn -0.6709 0.6094 -0.4225
vn -0.4712 0.7987 -0.3743
vn -0.7168 0.5968 -0.3606
vn -0.4573 0.6420 -0.6154
vn -0.8310 0.5358 0.1496
vn -0.9956 0.0722 -0.0591
vn -0.9075 0.3996 -0.1293
vn -0.6427 0.7518 0.1474
vn -0.6586 0.7482 0.0802
vn -0.9903 -0.1386 0.0033
vn -0.8101 0.5857 -0.0278
vn -0.6371 0.7584 -0.1374
vn -0.6533 0.7493 0.1088
vn -0.7310 0.6005 -0.3242
vn -0.4566 0.6834 -0.5696
vn -0.7382 0.3676 -0.5656
vn -0.6783 0.5265 -0.5126
vn -0.6287 0.2627 -0.7320
vn -0.3363 0.7320 -0.5925
vn -0.8422 0.2146 -0.4946
vn -0.7110 0.3980 -0.5797
vn 0.0276 0.8086 -0.5877
vn -0.7277 0.6212 -0.2909
vn -0.7901 0.4159 -0.4503
vn -0.3920 0.8440 -0.3660
vn -0.6322 0.7022 -0.3275
vn 0.5594 0.8211 -0.1137
vn -0.1082 0.6269 0.7716
vn -0.0086 0.9634 -0.2681
vn -0.0491 0.9430 -0.3291
vn -0.0946 0.9858 -0.1384
vn 0.0539 0.8877 -0.4573
vn 0.0371 0.8881 -0.4581
vn -0.1102 0.9854 -0.1296
vn -0.3053 0.9182 -0.2524
vn 0.0138 0.9596 -0.2811
vn 0.1607 0.9831 -0.0877
vn 0.2754 0.9493 -0.1518
vn 0.5672 0.8061 0.1685
vn 0.0090 0.9976 -0.0688
vn 0.1059 0.9894 -0.0996
vn -0.1221 0.9049 -0.4078
vn -0.1893 0.9816 -0.0244
vn -0.4700 0.6946 0.5446
vn -0.3962 0.7744 -0.4932
vn -0.0542 0.9731 -0.2240
vn 0.0213 0.9963 -0.0837
vn -0.1368 0.9006 -0.4127
vn 0.1067 0.9628 -0.2482
vn 0.2124 0.9719 0.1014
vn -0.2177 0.9409 -0.2592
vn -0.2453 0.8340 -0.4943
vn -0.1583 0.9854 -0.0625
vn 0.0050 0.9041 -0.4274
vn -0.0450 0.9885 0.1445
vn 0.1225 0.9850 0.1214
vn 0.1197 0.5462 0.8291
vn 0.1462 0.5428 0.8270
vn -0.4231 0.8866 0.1871
vn 0.5990 0.7557 -0.2649
vn -0.2078 0.9303 -0.3023
vn -0.1298 0.9849 -0.1147
vn -0.1847 0.9824 0.0266
vn -0.1661 0.9852 -0.0414
vn -0.0128 0.9892 0.1461
vn -0.2001 0.9716 -0.1265
vn -0.0963 0.9938 0.0563
vn 0.3462 0.9302 0.1220
vn -0.0364 0.9978 0.0561
vn 0.4553 0.8553 0.2473
vn 0.3315 0.9171 0.2214
vn -0.3139 0.8959 -0.3144
vn -0.3095 0.9318 -0.1899
vn -0.4722 0.8450 -0.2508
vn -0.2723 0.9465 -0.1733
vn -0.1335 0.9672 -0.2160
vn -0.4731 0.8779 -0.0742
vn -0.4974 0.8642 0.0762
vn -0.0626 0.9026 -0.4260
vn -0.7219 0.5389 0.4341
vn 0.3470 0.7708 0.5343
vn -0.0963 0.9684 0.2299
vn -0.0073 0.9492 0.3145
vn 0.1179 0.9774 0.1756
vn 0.1768 0.9684 0.1757
vn 0.1390 0.9765 0.1649
vn 0.1445 0.9727 0.1815
vn -0.2202 0.9562 -0.1927
vn -0.0762 0.9455 0.3165
vn 0.0754 0.9971 0.0089
vn 0.9821 0.1838 -0.0420
vn 0.9825 0.1820 0.0398
vn 0.9878 0.1557 0.0079
vn 0.9931 0.1119 0.0352
vn 0.9291 0.3675 0.0408
vn 0.9789 0.2044 -0.0048
vn 0.9673 0.1589 0.1979
vn 0.9515 0.1185 0.2840
vn 0.9377 0.3461 -0.0304
vn 0.8389 0.2744 0.4701
vn 0.8701 0.4929 0.0058
vn 0.4940 0.4981 0.7126
vn 0.0264 0.9779 0.2073
vn 0.0816 0.9966 0.0119
vn 0.0703 0.9963 -0.0486
vn -0.1849 0.9674 -0.1729
vn -0.4451 0.8459 -0.2938
vn -0.5173 0.8414 -0.1565
vn -0.0504 0.9985 -0.0201
vn 0.6238 0.6859 0.3746
vn 0.1051 0.5672 -0.8169
vn -0.0345 0.9923 0.1190
vn 0.2063 0.9762 -0.0662
vn -0.0267 0.9957 0.0882
vn 0.2619 0.8440 0.4680
vn 0.2260 0.8983 0.3768
vn 0.0918 0.9379 0.3347
vn 0.0152 0.9969 0.0773
vn 0.8307 0.3548 0.4289
vn 0.3963 0.5334 0.7473
vn 0.3330 0.5532 0.7636
vn 0.4890 0.4913 0.7208
vn 0.7760 0.6208 0.1116
vn 0.1170 0.9419 0.3149
vn 0.4032 0.6975 0.5924
vn 0.4098 0.8601 0.3038
vn 0.4342 0.6759 0.5954
vn 0.3709 0.7872 0.4927
vn 0.4587 0.5732 0.6791
vn 0.4120 0.2408 0.8788
vn -0.6358 0.1460 0.7579
vn -0.9591 0.2699 0.0855
vn -0.6095 0.7883 0.0845
vn 0.1592 0.9867 -0.0334
vn -0.6871 0.6180 0.3820
vn 0.0278 0.6525 -0.7573
vn 0.4000 0.7550 -0.5196
vn 0.2662 0.9478 -0.1756
vn -0.5949 0.7373 -0.3202
vn -0.7432 0.5489 -0.3825
vn -0.2443 0.9194 -0.3081
vn -0.1600 0.9839 0.0800
vn 0.5882 0.6827 -0.4335
vn 0.1045 0.9885 -0.1095
vn -0.5468 0.8176 0.1804
vn 0.4697 0.7798 0.4140
vn -0.1762 0.9824 -0.0618
vn -0.5589 0.6471 0.5185
vn -0.6299 0.6073 0.4842
vn -0.0192 0.9681 -0.2500
vn -0.3325 0.6491 0.6842
vn -0.3140 -0.5242 -0.7916
vn -0.2508 -0.9600 -0.1242
vn -0.0387 -0.9991 -0.0157
vn 0.2780 0.5899 0.7581
vn 0.7421 -0.4418 0.5042
vn 0.8033 -0.2597 0.5360
vn 0.7581 0.2307 0.6100
vn -0.6506 0.7567 -0.0642
vn -0.0865 0.8638 -0.4964
vn -0.1346 0.9521 -0.2745
vn -0.0906 0.9488 -0.3025
vn -0.1515 0.9705 -0.1877
vn -0.7002 0.4701 -0.5373
vn -0.8174 0.5746 -0.0410
vn -0.0329 0.9902 -0.1358
vn 0.2678 0.6016 0.7526
vn 0.2714 0.6554 0.7048
vn -0.5047 0.8368 -0.2121
vn -0.0353 0.9986 0.0393
vn 0.1011 0.6432 -0.7590
vn 0.3453 0.1428 -0.9276
vn 0.1026 0.7443 -0.6600
vn 0.2363 0.9623 0.1343
vn -0.0558 0.9459 0.3196
vn 0.1422 0.9674 -0.2093
vn 0.2057 0.9786 -0.0009
vn 0.2836 0.8245 0.4896
vn -0.2420 0.9170 -0.3170
vn -0.0787 0.9969 -0.0079
vn 0.0452 0.9973 0.0575
vn -0.1394 0.9850 -0.1015
vn -0.0548 0.9928 0.1066
vn -0.2025 0.9779 0.0524
vn -0.0148 0.9994 0.0301
vn -0.0376 0.9861 0.1619
vn 0.1340 0.9793 -0.1518
vn 0.0811 0.5129 -0.8546
vn -0.1130 0.9924 -0.0492
vn -0.0773 0.9766 -0.2006
vn -0.4377 0.8950 -0.0857
vn -0.1521 0.9807 0.1226
vn -0.0686 0.9965 -0.0485
vn -0.5028 0.3690 0.7817
vn -0.1413 0.9736 0.1794
vn 0.0994 0.9334 0.3448
vn -0.0352 0.9835 0.1776
vn 0.0097 0.9341 0.3568
vn -0.1181 0.9731 0.1980
vn -0.1499 0.9887 -0.0015
vn -0.0179 0.9368 0.3493
vn 0.0029 0.9017 0.4323
vn -0.0455 0.9341 0.3541
vn 0.4576 0.8733 0.1675
vn 0.0057 0.9223 0.3865
vn -0.9738 -0.1264 -0.1889
vn -0.9121 -0.3554 -0.2044
vn -0.6950 -0.7190 -0.0064
vn -0.8551 -0.5179 0.0241
vn -0.9143 -0.4050 0.0026
vn -0.2476 -0.9688 0.0067
vn -0.8784 -0.4743 -0.0585
vn -0.8860 -0.4458 -0.1279
vn -0.9208 -0.3782 -0.0959
vn -0.9672 -0.2472 -0.0591
vn -0.9882 -0.0092 -0.1529
vn -0.9969 -0.0071 -0.0781
vn -0.9706 -0.2402 -0.0140
vn 0.0690 -0.9975 -0.0146
vn -0.0572 -0.9973 0.0459
vn -0.0903 -0.9938 0.0650
vn -0.1422 -0.9843 0.1048
vn 0.0294 -0.9965 -0.0780
vn -0.0326 -0.9971 -0.0684
vn 0.0044 -0.9985 -0.0542
vn 0.0121 -0.9991 0.0398
vn -0.0248 -0.9978 -0.0607
vn -0.9200 0.3588 -0.1574
vn -0.9585 0.2369 -0.1585
vn -0.8990 0.4166 -0.1352
vn -0.7752 0.6130 -0.1525
vn -0.9676 0.2522 -0.0070
vn -0.8523 0.4999 -0.1539
vn -0.8155 0.5681 -0.1105
vn -0.5943 0.7823 -0.1867
vn -0.4806 0.8768 0.0129
vn -0.7533 0.6539 -0.0708
vn -0.1425 0.9828 0.1177
vn -0.3926 0.9168 -0.0731
vn -0.2353 0.9719 0.0041
vn -0.0446 0.9964 0.0724
vn -0.0119 0.9462 0.3232
vn 0.0815 0.8972 0.4340
vn 0.0110 0.9743 0.2250
vn 0.1672 0.9280 0.3330
vn 0.0117 0.9951 -0.0980
vn -0.0741 0.9953 0.0621
vn 0.2017 0.9678 0.1506
vn 0.2095 0.9737 0.0896
vn 0.0168 0.9998 0.0076
vn -0.2388 0.9645 0.1129
vn 0.1084 0.9876 -0.1140
vn 0.2734 0.9618 0.0160
vn 0.0453 0.9819 0.1837
vn 0.1245 0.9787 0.1634
vn 0.1083 0.9842 0.1401
vn 0.0577 0.9920 0.1119
vn -0.0947 0.9606 0.2612
vn 0.1188 0.9788 0.1667
vn 0.0326 0.9913 0.1271
vn 0.2653 0.9358 0.2320
vn 0.2654 0.9580 -0.1082
vn 0.1943 0.9803 0.0343
vn 0.2403 0.9702 0.0316
vn 0.1010 -0.9949 -0.0010
vn -0.0545 -0.9985 0.0009
vn -0.0347 -0.9994 0.0019
vn 0.5215 -0.8511 0.0598
vn 0.5084 -0.8477 0.1514
vn 0.1704 -0.9853 -0.0097
vn 0.8573 -0.4705 0.2090
vn 0.7741 -0.6053 0.1854
vn 0.7351 -0.6393 0.2257
vn 0.9936 0.0417 0.1050
vn 0.9495 -0.3111 0.0405
vn 0.9441 0.3051 0.1248
vn 0.8814 0.4175 0.2207
vn 0.9506 0.3048 0.0591
vn 0.9320 0.3523 0.0849
vn 0.9055 0.4188 0.0686
vn 0.0936 0.9954 -0.0225
vn 0.2025 0.9740 -0.1016
vn -0.0837 0.9964 -0.0119
vn -0.0976 0.9370 0.3353
vn 0.1386 0.9154 0.3780
vn 0.2696 0.9528 0.1396
vn 0.7322 0.5816 0.3545
vn 0.7438 0.6682 -0.0161
vn 0.6855 0.7229 0.0867
vn 0.7170 0.6124 0.3330
vn 0.6741 0.6459 0.3584
vn 0.4054 0.9124 0.0562
vn 0.1641 0.9825 0.0881
vn 0.2977 0.9515 0.0777
vn 0.6134 0.7586 0.2198
vn 0.6552 0.7528 0.0635
vn 0.0672 0.9420 0.3288
vn 0.0314 0.8874 0.4599
vn 0.1112 0.8799 0.4619
vn 0.1311 0.8805 0.4556
vn 0.1905 0.8677 0.4592
vn -0.0684 0.8510 0.5206
vn -0.4612 -0.6438 0.6106
vn -0.3477 -0.3324 0.8767
vn -0.5992 -0.0807 0.7965
vn -0.6265 -0.5968 0.5013
vn -0.5534 -0.5011 0.6653
vn -0.7632 -0.5720 0.3005
vn -0.5364 0.2104 0.8173
vn -0.3796 0.0048 0.9251
vn -0.5340 0.1897 0.8239
vn -0.5694 0.3280 0.7538
vn -0.8763 0.0024 0.4817
vn -0.9656 0.2027 0.1629
vn -0.7586 0.2881 0.5844
vn -0.9395 0.3008 0.1637
vn -0.8819 0.3690 0.2932
vn -0.7546 0.2774 0.5947
vn 0.5380 -0.4142 -0.7342
vn 0.5848 -0.1947 -0.7875
vn 0.6559 -0.2428 -0.7147
vn 0.0633 -0.9966 0.0529
vn -0.1992 -0.9703 0.1369
vn -0.2589 -0.9656 0.0232
vn -0.7225 -0.6682 0.1775
vn 0.0728 -0.9973 0.0068
vn -0.0107 -0.9998 -0.0181
vn 0.0534 -0.9954 0.0797
vn 0.3113 -0.9453 -0.0973
vn -0.0471 -0.9988 -0.0100
vn 0.1377 -0.9890 -0.0536
vn -0.0975 -0.9937 0.0555
vn -0.0074 -1.0000 0.0046
vn 0.6999 -0.7031 -0.1260
vn 0.8370 -0.4519 -0.3086
vn 0.9547 -0.0557 -0.2924
vn 0.7949 -0.5764 -0.1895
vn 0.9225 -0.2351 -0.3061
vn 0.9274 -0.3299 -0.1761
vn 0.8234 -0.5360 -0.1863
vn 0.6677 -0.7420 -0.0612
vn 0.1952 -0.9805 0.0219
vn 0.4521 -0.8778 -0.1582
vn 0.4855 -0.8740 -0.0180
vn 0.9184 -0.3828 -0.1001
vn 0.9386 -0.3430 -0.0387
vn 0.8532 -0.5188 -0.0538
vn 0.9647 -0.2066 -0.1633
vn 0.9936 -0.0238 -0.1102
vn 0.9752 0.2144 -0.0548
vn 0.9827 0.1850 0.0094
vn 0.9743 -0.2065 -0.0905
vn 0.9991 0.0408 -0.0147
vn -0.0394 0.3474 -0.9369
vn 0.1334 0.3732 -0.9181
vn 0.1138 0.5571 -0.8226
vn 0.1406 0.4942 -0.8579
vn 0.1252 0.4151 -0.9011
vn 0.0062 0.8145 -0.5801
vn 0.0782 0.8871 -0.4549
vn 0.1235 0.6937 -0.7096
vn 0.2128 0.6057 -0.7667
vn 0.3062 0.3888 -0.8690
vn -0.0544 0.8233 -0.5650
vn 0.2771 0.5441 -0.7919
vn -0.0198 0.7559 -0.6544
vn 0.2954 0.7236 -0.6238
vn 0.3660 0.2033 -0.9081
vn 0.4206 0.2559 -0.8704
vn 0.2965 0.7151 -0.6330
vn 0.2694 0.6386 -0.7209
vn 0.3783 0.4958 -0.7817
vn 0.3776 0.5556 -0.7407
vn -0.6837 0.5014 0.5302
vn -0.0255 0.9635 -0.2665
vn -0.0009 0.9686 -0.2485
vn -0.0609 0.9873 -0.1469
vn 0.0451 0.9425 -0.3311
vn 0.1598 0.9583 -0.2368
vn 0.2110 0.8169 -0.5368
vn 0.0908 0.8629 -0.4971
vn 0.0855 0.8241 -0.5600
vn 0.1453 0.2483 -0.9577
vn -0.3933 0.9159 0.0802
vn 0.1629 0.8791 -0.4480
vn -0.1132 0.9802 0.1625
vn -0.1525 0.9509 0.2693
vn -0.2732 0.9601 0.0596
vn -0.2112 0.9649 0.1564
vn -0.0567 0.9753 -0.2133
vn -0.2571 0.9340 0.2482
vn -0.2794 0.9049 0.3211
vn -0.6788 0.6895 0.2525
vn -0.6840 0.7294 0.0096
vn -0.8760 0.4625 0.1369
vn -0.8520 0.5203 0.0572
vn 0.4757 0.6504 -0.5922
vn 0.6255 0.4011 -0.6693
vn 0.4403 0.4941 -0.7497
vn 0.3359 0.7381 -0.5851
vn 0.3339 0.7351 -0.5901
vn 0.1512 0.9001 -0.4085
vn -0.0478 0.9684 -0.2447
vn 0.0556 0.9648 -0.2572
vn -0.1820 0.9777 -0.1050
vn 0.1411 0.9715 -0.1907
vn -0.2648 0.9641 -0.0198
vn -0.0856 0.9943 0.0629
vn 0.6422 0.2891 -0.7099
vn 0.6629 0.3982 -0.6340
vn 0.5549 0.5184 -0.6507
vn -0.3684 0.9213 -0.1240
vn -0.2351 0.9704 0.0551
vn -0.3128 0.9265 0.2090
vn -0.1804 0.9832 -0.0278
vn -0.1635 0.9775 0.1334
vn -0.3592 0.9087 0.2127
vn -0.3737 0.9174 0.1370
vn -0.3009 0.9426 0.1445
vn 0.0438 0.9898 -0.1355
vn 0.0868 0.9637 -0.2525
vn 0.3742 0.8700 -0.3210
vn 0.3699 0.8986 -0.2360
vn -0.0127 0.9970 0.0765
vn 0.2279 0.9563 -0.1830
vn 0.3405 0.9144 -0.2191
vn 0.4553 0.8327 -0.3151
vn -0.3846 0.9203 -0.0712
vn -0.6050 0.7929 -0.0731
vn -0.4170 0.8814 -0.2218
vn -0.5414 0.8216 -0.1786
vn -0.4572 0.8847 -0.0911
vn -0.4309 0.8813 -0.1941
vn -0.3286 0.9428 0.0556
vn -0.3793 0.9236 -0.0556
vn -0.2074 0.9714 0.1155
vn 0.0246 0.9976 -0.0642
vn -0.2286 0.9703 0.0789
vn -0.4246 0.9035 -0.0587
vn 0.0527 0.9981 -0.0305
vn -0.1328 0.9839 0.1196
vn 0.2256 0.9737 -0.0304
vn -0.0373 0.9940 0.1024
vn 0.5618 0.7952 -0.2280
vn 0.4829 0.8253 -0.2926
vn 0.9504 0.2947 -0.0994
vn 0.9569 0.2638 0.1217
vn 0.9179 0.3753 0.1287
vn 0.7791 0.6263 0.0264
vn 0.7244 0.6722 -0.1526
vn 0.4599 0.8755 -0.1486
vn 0.5676 0.8124 -0.1335
vn 0.5475 0.8191 -0.1713
vn 0.3255 0.9455 -0.0074
vn -0.3891 -0.9210 0.0186
vn -0.5898 -0.8075 -0.0070
vn -0.9578 -0.2862 -0.0248
vn -0.8922 0.4479 -0.0577
vn 0.9702 -0.1879 -0.1529
vn 0.7475 0.6448 0.1593
vn 0.2802 0.9592 -0.0382
vn -0.1221 -0.4077 0.9049
vn -0.5761 0.1172 0.8089
vn 0.9832 0.1742 0.0546
vn -0.9171 0.3979 0.0234
vn -0.2859 0.9502 -0.1237
vn -0.3585 0.8710 -0.3359
vn -0.3211 0.9320 -0.1679
vn 0.1992 0.9175 -0.3442
vn 0.9769 0.2121 -0.0262
vn 0.7611 0.6470 0.0464
vn 0.6252 0.7770 -0.0735
vn -0.3293 0.9091 -0.2550
vn -0.6325 0.7725 0.0561
vn -0.0567 -0.9983 0.0116
vn 0.9376 0.2800 -0.2062
vn -0.7891 -0.6121 -0.0515
vn -0.7599 -0.3783 0.5286
vn -0.8967 -0.0808 0.4353
vn -0.9991 0.0343 -0.0235
vn 0.0789 -0.9955 -0.0526
vn -0.7258 -0.6838 0.0751
vn -0.9530 -0.2882 0.0930
vn -0.9794 -0.1674 0.1127
vn -0.9607 0.1246 0.2482
vn -0.8602 0.3660 0.3551
vn -0.0078 -0.9995 0.0303
vn 0.0076 -0.9995 -0.0297
vn 0.4695 -0.8827 0.0199
vn 0.6978 -0.7062 0.1201
vn 0.7175 -0.6450 -0.2631
vn 0.9620 0.1426 -0.2329
vn 0.6867 -0.7251 0.0518
vn 0.8004 -0.5542 -0.2286
vn 0.8167 -0.5669 -0.1079
vn 0.8483 -0.3393 -0.4066
vn 0.5196 -0.6582 -0.5448
vn 0.6335 -0.7582 0.1543
vn 0.5747 -0.7658 -0.2885
vn 0.5713 -0.7410 -0.3530
vn -0.8842 0.2519 0.3934
vn -0.8718 0.1666 0.4607
vn -0.7810 0.3606 0.5099
vn -0.9978 0.0572 0.0342
vn -0.8410 0.5408 0.0188
vn -0.2877 0.9416 0.1748
vn -0.8388 0.5113 0.1870
vn -0.9067 0.3849 0.1722
vn -0.6912 0.6823 0.2381
vn -0.8339 0.4661 0.2955
vn -0.6951 0.6956 0.1814
vn -0.7322 0.6153 0.2921
vn -0.7629 0.6269 0.1581
vn -0.7456 0.5939 0.3024
vn -0.6314 0.7305 0.2602
vn -0.5716 0.8068 0.1494
vn -0.1926 0.9754 0.1070
vn -0.1994 0.9762 -0.0849
vn -0.0166 0.9988 -0.0453
vn 0.0551 0.9985 0.0009
vn 0.1809 0.9757 -0.1238
vn 0.1753 0.7405 -0.6487
vn 0.2332 0.6047 -0.7615
vn 0.0383 0.9831 0.1793
vn -0.0887 0.9312 -0.3536
vn 0.1060 0.7679 -0.6318
vn -0.0153 0.9948 -0.1011
vn -0.4049 0.8933 0.1951
vn -0.4619 0.8601 0.2166
vn -0.1304 0.9409 -0.3125
vn 0.3752 0.9141 0.1537
vn 0.2146 0.9147 -0.3425
vn 0.0629 0.9295 -0.3634
vn 0.7424 0.6200 -0.2538
vn 0.8749 0.4136 -0.2519
vn 0.0527 0.8782 -0.4753
vn -0.1027 0.9594 -0.2627
vn -0.0781 0.9471 -0.3114
vn -0.0319 0.7749 -0.6313
vn 0.0557 0.9562 -0.2873
vn 0.1700 0.9843 0.0471
vn -0.7799 0.4750 0.4076
vn -0.8051 0.5106 0.3020
vn -0.6615 0.6789 0.3186
vn -0.6339 0.6955 0.3383
vn -0.7559 0.5581 0.3421
vn -0.3075 0.8504 0.4270
vn -0.4459 0.8381 0.3143
vn -0.2949 0.9555 -0.0097
vn -0.4913 0.8583 0.1480
vn -0.4424 0.8828 0.1580
vn -0.2589 0.7035 0.6618
vn -0.4032 0.7160 0.5698
vn -0.6621 0.7113 0.2358
vn -0.3396 0.9190 0.2004
vn -0.1500 0.9783 -0.1432
vn -0.1806 0.9836 0.0000
vn -0.0238 0.9903 -0.1369
vn -0.2880 0.9505 0.1168
vn -0.2623 0.9486 0.1774
vn -0.1315 0.9904 0.0435
vn -0.6209 0.6836 0.3836
vn -0.6870 0.4416 0.5771
vn -0.5216 0.7422 0.4209
vn -0.5202 0.7142 0.4683
vn -0.4689 0.8341 0.2904
vn -0.5229 0.5409 0.6588
vn -0.4602 0.6935 0.5544
vn -0.4266 0.4958 0.7564
vn -0.4771 0.4059 0.7795
vn -0.4658 0.6119 0.6392
vn -0.3721 0.7160 0.5907
vn -0.3918 0.8750 0.2845
vn -0.4257 0.7809 0.4572
vn -0.2468 0.8803 0.4051
vn 0.1932 0.9330 -0.3038
vn 0.0676 0.9591 -0.2750
vn 0.2090 0.9112 -0.3551
vn 0.2675 0.8712 -0.4116
vn 0.0246 0.9995 -0.0210
vn -0.4062 0.8956 -0.1813
vn 0.1479 0.8736 -0.4637
vn -0.9706 0.2200 0.0977
vn -0.1226 0.8954 0.4280
vn -0.1745 0.8500 0.4971
vn -0.2254 0.7730 0.5930
vn 0.0130 0.7752 0.6315
vn 0.0828 0.9440 0.3195
vn 0.0056 0.9341 0.3569
vn 0.1352 0.8015 0.5825
vn -0.2791 -0.7771 -0.5641
vn -0.1679 -0.9114 -0.3758
vn -0.3913 -0.7956 -0.4624
vn -0.4343 -0.8403 -0.3244
vn -0.5094 -0.6712 -0.5385
vn -0.4759 -0.6164 -0.6274
vn -0.9505 -0.3105 0.0126
vn -0.3930 -0.9195 0.0095
vn 0.0609 -0.9981 -0.0010
vn -0.0353 -0.9994 0.0022
vn 0.0005 -0.9999 -0.0151
vn -0.0131 -0.9994 -0.0319
vn -0.0290 -0.9978 -0.0599
vn -0.0753 -0.9946 -0.0709
vn 0.9857 -0.1627 0.0440
vn -0.4010 0.8979 -0.1813
vn -0.0150 0.7328 -0.6803
vn -0.1906 0.9780 -0.0845
vn -0.2018 0.9248 -0.3224
vn 0.0441 0.6932 -0.7194
vn -0.1275 0.9831 -0.1316
vn 0.0167 0.9839 -0.1777
vn -0.9488 0.3153 -0.0172
vn -0.3576 0.9107 -0.2067
vn 0.2375 0.9506 -0.1998
vn -0.5226 0.8396 -0.1481
vn -0.1503 0.9821 -0.1134
vn 0.2621 0.8976 0.3544
vn -0.1333 0.9907 -0.0264
vn -0.2657 0.9041 -0.3347
vn -0.2209 0.9428 0.2495
vn -0.1869 0.9702 -0.1540
vn -0.0346 0.9438 -0.3286
vn -0.0525 0.9555 -0.2904
vn 0.0637 0.9629 -0.2622
vn -0.0097 0.9522 -0.3054
vn -0.0817 0.9858 -0.1467
vn -0.0806 0.9773 -0.1958
vn -0.1413 0.9678 -0.2084
vn -0.0161 0.9728 -0.2310
vn 0.0817 0.9646 -0.2506
vn -0.1017 0.9929 -0.0618
vn 0.0676 0.9976 0.0156
vn -0.0501 0.9981 -0.0357
vn -0.0233 0.9980 0.0587
vn 0.0999 0.9950 -0.0077
vn -0.4916 0.7792 -0.3888
vn 0.0273 0.9976 -0.0642
vn -0.0133 0.9853 -0.1701
vn -0.0677 0.9931 -0.0956
vn -0.0298 0.9888 -0.1465
vn -0.3908 0.9204 0.0098
vn -0.2722 0.9590 0.0785
vn -0.0858 0.9695 0.2294
vn 0.0649 0.9978 0.0093
vn 0.2255 0.9367 0.2678
vn -0.7016 0.7125 -0.0091
vn 0.0137 0.9970 0.0756
vn 0.0701 0.9676 0.2424
vn 0.0642 0.9709 0.2306
vn 0.1089 0.8988 0.4247
vn 0.1227 0.6829 0.7201
vn 0.1284 0.7618 0.6350
vn 0.1672 0.8311 0.5304
vn 0.2146 0.8139 0.5400
vn 0.2507 0.8861 0.3898
vn 0.2901 0.7033 0.6490
vn 0.2944 0.6941 0.6570
vn 0.2215 0.6877 0.6913
vn 0.1638 0.7229 0.6712
vn 0.1114 0.9698 0.2168
vn -0.0488 0.9877 0.1486
vn 0.2604 0.9558 0.1367
vn 0.1159 0.9791 0.1670
vn -0.0625 0.9394 0.3371
vn 0.2575 0.7658 0.5892
vn 0.0648 0.9978 0.0126
vn 0.2297 0.8638 0.4484
vn 0.1569 0.9563 0.2467
vn -0.1009 0.9788 -0.1783
vn -0.0976 0.9947 0.0329
vn 0.0927 0.9846 0.1480
vn -0.6263 0.7560 -0.1900
vn -0.5657 0.8012 0.1949
vn -0.6900 0.6809 0.2455
vn -0.3329 0.9416 0.0508
vn -0.5729 0.8164 -0.0719
vn -0.0655 0.9959 0.0630
vn -0.2172 0.9717 -0.0926
vn -0.1457 0.9874 0.0618
vn -0.0189 0.9883 0.1513
vn 0.0073 0.9972 -0.0750
vn -0.1091 0.9930 -0.0457
vn 0.1223 0.9909 -0.0572
vn -0.5311 0.8393 -0.1160
vn -0.0889 0.9811 -0.1718
vn -0.1463 0.9891 -0.0195
vn -0.0363 0.9991 0.0241
vn 0.1036 0.9946 0.0032
vn 0.1050 0.9940 0.0291
vn 0.9747 0.2139 0.0651
vn 0.9408 0.3361 -0.0439
vn 0.8157 0.5781 -0.0214
vn 0.7381 0.6692 0.0854
vn 0.9138 0.3732 0.1605
vn 0.7488 0.6421 0.1645
vn 0.7530 0.5832 0.3049
vn 0.1596 0.9800 0.1186
vn 0.6358 0.7707 0.0427
vn 0.4228 0.8986 0.1176
vn 0.2789 0.9596 0.0356
vn 0.4952 0.8676 0.0446
vn 0.2738 0.9608 0.0444
vn 0.4969 0.8615 0.1047
vn 0.4264 0.8919 0.1508
vn 0.6527 0.7284 0.2081
vn -0.3245 0.9409 -0.0973
vn -0.0286 0.9967 0.0766
vn -0.3233 0.9452 -0.0447
vn 0.2353 0.9719 -0.0106
vn -0.1169 0.9912 0.0625
vn 0.2106 0.9625 0.1712
vn 0.0915 0.9724 0.2144
vn 0.2809 0.9372 0.2068
vn 0.8294 0.2319 0.5083
vn 0.8137 0.3838 0.4366
vn 0.7235 0.5806 0.3734
vn 0.7622 0.3685 0.5322
vn 0.3342 0.9227 0.1921
vn 0.2483 0.9438 0.2184
vn 0.4241 0.8531 0.3039
vn 0.5011 0.8483 0.1709
vn 0.4254 0.8474 0.3176
vn 0.5371 0.7940 0.2847
vn 0.6996 0.6657 0.2596
vn 0.7331 0.5415 0.4114
vn 0.6630 0.6456 0.3790
vn 0.4445 0.6835 0.5790
vn 0.6111 0.6065 0.5087
vn 0.2326 0.8514 0.4701
vn -0.1990 0.9749 0.0997
vn 0.1736 0.9610 -0.2154
vn 0.2526 0.9616 0.1073
vn 0.0375 0.9614 0.2724
vn 0.5981 0.2865 0.7485
vn 0.2524 0.9676 -0.0068
vn 0.0741 0.9972 -0.0111
vn -0.4051 0.8274 -0.3890
vn 0.2087 0.6916 0.6914
vn 0.2861 0.8000 0.5274
vn 0.6358 0.5391 0.5524
vn 0.7198 0.5135 0.4671
vn 0.6319 0.6874 -0.3580
s 1
f 1/1/1 2/2/2 3/3/3
f 3/3/3 2/2/2 4/4/4
f 5/5/5 6/6/6 4/4/4
f 7/7/7 6/8/6 5/9/5
f 3/3/3 4/4/4 8/10/8
f 9/11/9 1/1/1 3/3/3
f 2/2/2 5/5/5 4/4/4
f 10/12/10 9/11/9 11/13/11
f 11/13/11 9/11/9 8/10/8
f 8/10/8 12/14/12 11/13/11
f 13/15/13 11/13/11 12/14/12
f 14/16/14 13/15/13 12/14/12
f 11/13/11 15/17/15 10/12/10
f 15/17/15 11/13/11 16/18/16
f 10/12/10 1/1/1 9/11/9
f 10/12/10 15/17/15 17/19/17
f 18/20/18 1/1/1 10/12/10
f 16/18/16 19/21/19 15/17/15
f 20/22/20 21/23/21 22/24/22
f 23/25/23 20/22/20 24/26/24
f 22/24/22 24/26/24 20/22/20
f 4/4/4 21/23/21 20/22/20
f 25/27/25 26/28/26 21/29/21
f 27/30/27 21/29/21 26/28/26
f 28/31/28 23/25/23 24/26/24
f 28/31/28 29/32/29 14/16/14
f 29/32/29 13/15/13 14/16/14
f 29/32/29 30/33/30 13/15/13
f 30/33/30 29/32/29 31/34/31
f 31/34/31 29/32/29 32/35/32
f 30/33/30 31/34/31 33/36/33
f 34/37/34 30/33/30 33/36/33
f 35/38/35 36/39/36 37/40/37
f 38/41/38 35/38/35 37/40/37
f 39/42/39 40/43/40 38/41/38
f 36/39/36 41/44/41 42/45/42
f 43/46/43 44/47/44 5/48/5
f 44/47/44 38/41/38 5/48/5
f 45/49/45 40/43/40 39/42/39
f 46/50/46 37/51/37 36/52/36
f 38/41/38 40/43/40 35/38/35
f 26/28/26 47/53/47 48/54/48
f 26/28/26 48/54/48 49/55/49
f 50/56/50 48/54/48 42/57/42
f 48/54/48 50/56/50 49/55/49
f 50/56/50 51/58/51 49/55/49
f 50/56/50 42/57/42 52/59/52
f 53/60/53 49/55/49 51/58/51
f 49/55/49 53/60/53 26/28/26
f 51/58/51 54/61/54 53/60/53
f 48/54/48 46/50/46 42/57/42
f 55/62/55 44/47/44 43/46/43
f 55/62/55 56/63/56 44/47/44
f 39/42/39 56/63/56 57/64/57
f 57/64/57 45/49/45 39/42/39
f 58/65/58 56/63/56 55/62/55
f 58/65/58 55/62/55 59/66/59
f 57/64/57 58/65/58 60/67/60
f 57/64/57 60/67/60 61/68/61
f 58/65/58 57/64/57 56/63/56
f 62/69/62 59/66/59 63/70/63
f 63/71/63 18/20/18 64/72/64
f 59/66/59 62/69/62 58/65/58
f 65/73/65 60/67/60 66/74/66
f 60/67/60 58/65/58 66/74/66
f 60/67/60 67/75/67 68/76/68
f 65/73/65 67/75/67 60/67/60
f 64/72/64 62/77/62 63/71/63
f 58/65/58 62/69/62 66/74/66
f 69/78/69 70/79/70 57/64/57
f 71/80/71 72/81/72 73/82/73
f 71/80/71 73/82/73 74/83/74
f 70/79/70 74/83/74 73/82/73
f 71/80/71 75/84/75 72/81/72
f 76/85/76 72/81/72 75/84/75
f 74/83/74 69/78/69 77/86/77
f 77/86/77 78/87/78 75/84/75
f 78/87/78 79/88/79 75/84/75
f 45/49/45 70/79/70 73/82/73
f 80/89/80 73/82/73 72/81/72
f 69/78/69 74/83/74 70/79/70
f 77/86/77 75/84/75 74/83/74
f 81/90/81 82/91/82 68/76/68
f 67/75/67 81/90/81 68/76/68
f 83/92/83 82/91/82 84/93/84
f 83/92/83 85/94/85 86/95/86
f 82/91/82 87/96/87 84/93/84
f 68/76/68 69/78/69 61/68/61
f 88/97/88 89/98/89 90/99/90
f 90/99/90 89/98/89 91/100/91
f 88/97/88 92/101/92 93/102/93
f 94/103/94 95/104/95 96/105/96
f 96/105/96 95/104/95 97/106/97
f 96/105/96 97/106/97 85/94/85
f 92/101/92 98/107/98 93/102/93
f 99/108/99 88/97/88 95/104/95
f 100/109/100 92/101/92 88/97/88
f 75/84/75 79/88/79 101/110/101
f 89/98/89 102/111/102 79/88/79
f 79/88/79 102/111/102 101/110/101
f 89/98/89 93/102/93 103/112/103
f 103/112/103 102/111/102 89/98/89
f 91/100/91 89/98/89 79/88/79
f 101/110/101 104/113/104 75/84/75
f 102/111/102 103/112/103 105/114/105
f 102/111/102 105/114/105 101/110/101
f 105/114/105 104/113/104 101/110/101
f 106/115/106 103/112/103 93/102/93
f 103/112/103 107/116/107 105/114/105
f 72/81/72 76/85/76 80/89/80
f 108/117/108 41/44/41 35/38/35
f 108/117/108 35/38/35 109/118/109
f 80/89/80 108/117/108 109/118/109
f 41/44/41 108/117/108 110/119/110
f 41/44/41 110/119/110 52/120/52
f 111/121/111 112/122/112 113/123/113
f 80/89/80 111/121/111 113/123/113
f 80/89/80 76/85/76 111/121/111
f 108/117/108 80/89/80 113/123/113
f 114/124/114 113/123/113 112/122/112
f 114/124/114 110/119/110 113/123/113
f 113/123/113 110/119/110 108/117/108
f 114/124/114 115/125/115 110/119/110
f 115/125/115 114/124/114 116/126/116
f 114/124/114 117/127/117 116/126/116
f 112/122/112 117/127/117 114/124/114
f 118/128/118 119/129/119 120/130/120
f 52/59/52 118/128/118 120/130/120
f 121/131/121 119/132/119 118/133/118
f 119/129/119 122/134/122 120/130/120
f 120/130/120 122/134/122 54/61/54
f 51/58/51 120/130/120 54/61/54
f 115/125/115 123/135/123 121/131/121
f 123/135/123 124/136/124 121/131/121
f 121/131/121 124/136/124 119/132/119
f 125/137/125 126/138/126 124/136/124
f 127/139/127 119/132/119 124/136/124
f 122/134/122 119/129/119 127/140/127
f 128/141/128 127/139/127 124/136/124
f 124/136/124 129/142/129 128/141/128
f 127/140/127 130/143/130 122/134/122
f 125/137/125 124/136/124 123/135/123
f 116/126/116 125/137/125 123/135/123
f 131/144/131 76/85/76 105/114/105
f 131/144/131 111/121/111 76/85/76
f 105/114/105 132/145/132 131/144/131
f 111/121/111 131/144/131 133/146/133
f 133/146/133 134/147/134 135/148/135
f 136/149/136 137/150/137 134/147/134
f 133/146/133 136/149/136 134/147/134
f 131/144/131 136/149/136 133/146/133
f 135/148/135 134/147/134 138/151/138
f 138/151/138 137/150/137 139/152/139
f 137/150/137 138/151/138 134/147/134
f 136/149/136 140/153/140 137/150/137
f 131/144/131 132/145/132 136/149/136
f 129/142/129 126/138/126 141/154/141
f 116/126/116 141/154/141 126/138/126
f 142/155/142 143/156/143 141/154/141
f 139/152/139 142/155/142 141/154/141
f 129/142/129 141/154/141 143/156/143
f 144/157/144 145/158/145 146/159/146
f 144/157/144 146/159/146 143/156/143
f 129/142/129 143/156/143 146/159/146
f 139/152/139 141/154/141 116/126/116
f 142/155/142 147/160/147 143/156/143
f 144/157/144 143/156/143 147/160/147
f 144/157/144 148/161/148 145/158/145
f 149/162/149 150/163/150 19/21/19
f 151/164/151 149/162/149 19/21/19
f 152/165/152 153/166/153 154/167/154
f 153/166/153 149/162/149 154/167/154
f 155/168/155 34/37/34 33/36/33
f 34/37/34 156/169/156 154/167/154
f 157/170/157 149/162/149 153/166/153
f 155/168/155 156/169/156 34/37/34
f 158/171/158 17/19/17 150/163/150
f 159/172/159 158/171/158 153/166/153
f 160/173/160 161/174/161 158/171/158
f 159/172/159 160/173/160 158/171/158
f 160/173/160 162/175/162 161/174/161
f 163/176/163 164/177/164 152/165/152
f 163/176/163 152/165/152 165/178/165
f 166/179/166 165/178/165 152/165/152
f 166/179/166 152/165/152 167/180/167
f 168/181/168 163/176/163 165/178/165
f 168/181/168 165/178/165 166/179/166
f 169/182/169 159/172/159 153/166/153
f 153/166/153 164/177/164 169/182/169
f 170/183/170 169/182/169 164/177/164
f 171/184/171 172/185/172 170/183/170
f 173/186/173 171/184/171 170/183/170
f 163/176/163 173/186/173 174/187/174
f 163/176/163 174/187/174 164/177/164
f 174/187/174 170/183/170 164/177/164
f 173/186/173 163/176/163 171/184/171
f 168/181/168 171/184/171 163/176/163
f 164/177/164 153/166/153 152/165/152
f 175/188/175 176/189/176 159/172/159
f 177/190/177 175/188/175 159/172/159
f 178/191/178 179/192/179 180/193/180
f 169/182/169 180/193/180 179/192/179
f 181/194/181 178/191/178 172/185/172
f 172/185/172 178/191/178 180/193/180
f 172/185/172 182/195/182 181/194/181
f 182/195/182 172/185/172 183/196/183
f 184/197/184 161/174/161 185/198/185
f 184/197/184 186/199/186 161/174/161
f 162/175/162 185/198/185 161/174/161
f 187/200/187 65/73/65 184/201/184
f 188/202/188 187/200/187 189/203/189
f 189/203/189 187/200/187 184/201/184
f 190/204/190 189/205/189 185/198/185
f 189/205/189 184/197/184 185/198/185
f 191/206/191 87/96/87 192/207/192
f 87/96/87 81/90/81 192/207/192
f 192/207/192 193/208/193 191/206/191
f 194/209/194 195/210/195 193/208/193
f 194/209/194 193/208/193 196/211/196
f 193/208/193 197/212/197 196/211/196
f 198/213/198 199/214/199 197/212/197
f 199/214/199 200/215/200 196/211/196
f 199/214/199 198/213/198 201/216/201
f 199/214/199 196/211/196 197/212/197
f 188/202/188 202/217/202 198/213/198
f 188/202/188 203/218/203 204/219/204
f 202/217/202 201/216/201 198/213/198
f 188/202/188 198/213/198 197/212/197
f 205/220/205 190/204/190 176/189/176
f 205/220/205 206/221/206 190/204/190
f 207/222/207 208/223/208 209/224/209
f 209/224/209 208/223/208 210/225/210
f 210/225/210 211/226/211 209/224/209
f 207/222/207 206/221/206 208/223/208
f 208/223/208 211/226/211 210/225/210
f 207/222/207 190/204/190 206/221/206
f 212/227/212 84/93/84 87/96/87
f 213/228/213 212/227/212 87/96/87
f 195/210/195 213/228/213 87/96/87
f 213/228/213 195/210/195 194/209/194
f 212/227/212 94/103/94 96/105/96
f 214/229/214 94/103/94 212/227/212
f 214/229/214 194/209/194 215/230/215
f 194/209/194 212/227/212 213/228/213
f 201/216/201 216/231/216 215/230/215
f 201/216/201 215/230/215 200/215/200
f 217/232/217 216/231/216 204/219/204
f 202/217/202 204/219/204 216/231/216
f 218/233/218 215/230/215 216/231/216
f 218/233/218 216/231/216 219/234/219
f 217/232/217 219/234/219 216/231/216
f 220/235/220 221/236/221 219/234/219
f 222/237/222 223/238/223 214/229/214
f 222/237/222 214/229/214 224/239/224
f 225/240/225 226/241/226 227/242/227
f 228/243/228 225/240/225 227/242/227
f 223/238/223 227/242/227 94/103/94
f 223/238/223 228/243/228 227/242/227
f 222/237/222 229/244/229 230/245/230
f 231/246/231 229/244/229 232/247/232
f 229/244/229 222/237/222 224/239/224
f 224/239/224 232/247/232 229/244/229
f 231/246/231 232/247/232 224/239/224
f 231/246/231 224/239/224 233/248/233
f 234/249/234 231/246/231 233/248/233
f 233/248/233 235/250/235 221/236/221
f 234/249/234 236/251/236 237/252/237
f 236/251/236 234/249/234 233/248/233
f 238/253/238 239/254/239 240/255/240
f 229/244/229 240/255/240 230/245/230
f 241/256/241 240/255/240 231/246/231
f 229/244/229 231/246/231 240/255/240
f 234/249/234 241/256/241 231/246/231
f 242/257/242 234/249/234 237/252/237
f 235/250/235 233/248/233 224/239/224
f 221/236/221 236/251/236 233/248/233
f 243/258/243 237/252/237 236/251/236
f 244/259/244 245/260/245 246/261/246
f 247/262/247 248/263/248 249/264/249
f 248/263/248 250/265/250 249/264/249
f 251/266/251 252/267/252 253/268/253
f 253/268/253 252/267/252 247/262/247
f 254/269/254 253/268/253 247/262/247
f 249/264/249 254/269/254 247/262/247
f 255/270/255 256/271/256 254/269/254
f 245/260/245 250/265/250 248/263/248
f 257/272/257 249/264/249 250/265/250
f 258/273/258 257/274/257 259/275/259
f 260/276/260 255/277/255 261/278/261
f 262/279/262 261/278/261 263/280/263
f 264/281/264 262/279/262 263/280/263
f 261/278/261 259/275/259 263/280/263
f 265/282/265 262/279/262 264/281/264
f 266/283/266 267/284/267 268/285/268
f 269/286/269 32/35/32 267/284/267
f 266/283/266 269/286/269 267/284/267
f 270/287/270 269/286/269 266/283/266
f 268/285/268 271/288/271 272/289/272
f 271/288/271 273/290/273 272/289/272
f 273/291/273 274/292/274 272/293/272
f 272/293/272 274/292/274 275/294/275
f 276/295/276 272/293/272 275/294/275
f 274/292/274 277/296/277 275/294/275
f 276/297/276 278/298/278 272/289/272
f 276/295/276 275/294/275 279/299/279
f 27/30/27 280/300/280 273/291/273
f 27/30/27 281/301/281 280/300/280
f 280/300/280 274/292/274 273/291/273
f 280/300/280 282/302/282 283/303/283
f 283/303/283 274/292/274 280/300/280
f 283/303/283 284/304/284 274/292/274
f 280/300/280 281/301/281 285/305/285
f 280/300/280 285/305/285 282/302/282
f 286/306/286 281/301/281 287/307/287
f 285/305/285 281/301/281 288/308/288
f 289/309/289 290/310/290 286/306/286
f 281/301/281 286/306/286 290/310/290
f 286/306/286 291/311/291 289/309/289
f 287/307/287 291/311/291 286/306/286
f 288/308/288 281/301/281 290/310/290
f 288/308/288 292/312/292 285/305/285
f 290/310/290 293/313/293 288/308/288
f 282/302/282 294/314/294 283/303/283
f 295/315/295 283/303/283 294/314/294
f 283/303/283 295/315/295 284/304/284
f 295/315/295 294/314/294 296/316/296
f 294/314/294 297/317/297 298/318/298
f 296/316/296 294/314/294 298/318/298
f 282/302/282 299/319/299 297/317/297
f 299/319/299 300/320/300 297/317/297
f 301/321/301 302/322/302 303/323/303
f 304/324/304 301/321/301 303/323/303
f 270/287/270 304/324/304 303/323/303
f 304/324/304 305/325/305 306/326/306
f 270/287/270 305/325/305 304/324/304
f 304/324/304 307/327/307 302/322/302
f 304/324/304 302/322/302 301/321/301
f 155/168/155 33/36/33 307/327/307
f 307/327/307 308/328/308 155/168/155
f 309/329/309 310/330/310 311/331/311
f 309/329/309 312/332/312 308/328/308
f 308/328/308 310/330/310 309/329/309
f 156/169/156 308/328/308 313/333/313
f 308/328/308 307/327/307 310/330/310
f 309/329/309 311/331/311 314/334/314
f 315/335/315 316/336/316 313/333/313
f 313/333/313 316/336/316 167/180/167
f 317/337/317 315/335/315 313/333/313
f 315/335/315 317/337/317 318/338/318
f 319/339/319 320/340/320 312/332/312
f 321/341/321 320/340/320 319/339/319
f 322/342/322 316/336/316 318/338/318
f 318/338/318 316/336/316 315/335/315
f 323/343/323 324/344/324 318/338/318
f 318/338/318 317/337/317 312/332/312
f 324/344/324 322/342/322 318/338/318
f 318/338/318 325/345/325 323/343/323
f 318/338/318 312/332/312 325/345/325
f 325/345/325 312/332/312 321/341/321
f 321/341/321 312/332/312 320/340/320
f 326/346/326 327/347/327 324/344/324
f 328/348/328 329/349/329 323/343/323
f 330/350/330 327/347/327 331/351/331
f 327/347/327 330/350/330 182/195/182
f 326/346/326 331/351/331 327/347/327
f 326/346/326 329/349/329 331/351/331
f 329/349/329 326/346/326 323/343/323
f 329/349/329 328/348/328 332/352/332
f 324/344/324 323/343/323 326/346/326
f 291/311/291 333/353/333 289/309/289
f 53/60/53 334/354/334 333/353/333
f 335/355/335 334/354/334 336/356/336
f 334/354/334 335/355/335 337/357/337
f 334/354/334 337/357/337 333/353/333
f 293/313/293 335/355/335 338/358/338
f 293/313/293 337/357/337 335/355/335
f 339/359/339 338/358/338 335/355/335
f 54/61/54 340/360/340 334/354/334
f 341/361/341 339/359/339 336/356/336
f 336/356/336 340/360/340 341/361/341
f 340/360/340 336/356/336 334/354/334
f 341/361/341 342/362/342 339/359/339
f 130/143/130 341/361/341 340/360/340
f 342/362/342 343/363/343 339/359/339
f 336/356/336 339/359/339 335/355/335
f 344/364/344 146/365/146 345/366/345
f 346/367/346 146/159/146 145/158/145
f 346/368/346 345/366/345 146/365/146
f 341/361/341 347/369/347 348/370/348
f 347/371/347 349/372/349 350/373/350
f 350/373/350 351/374/351 347/371/347
f 352/375/352 350/373/350 353/376/353
f 350/373/350 352/375/352 351/374/351
f 346/368/346 353/376/353 345/366/345
f 345/366/345 350/373/350 349/372/349
f 354/377/354 353/376/353 346/368/346
f 349/378/349 347/369/347 130/143/130
f 344/364/344 345/366/345 349/372/349
f 345/366/345 353/376/353 350/373/350
f 288/308/288 293/313/293 299/319/299
f 338/358/338 343/363/343 355/379/355
f 338/358/338 355/379/355 356/380/356
f 357/381/357 358/382/358 300/320/300
f 356/380/356 357/381/357 300/320/300
f 355/379/355 359/383/359 357/381/357
f 357/381/357 356/380/356 355/379/355
f 357/381/357 359/383/359 358/382/358
f 293/313/293 356/380/356 299/319/299
f 293/313/293 338/358/338 356/380/356
f 360/384/360 361/385/361 343/363/343
f 348/370/348 362/386/362 360/384/360
f 362/386/362 363/387/363 360/384/360
f 360/384/360 363/387/363 361/385/361
f 361/385/361 363/387/363 364/388/364
f 363/387/363 365/389/365 364/388/364
f 362/386/362 366/390/366 365/389/365
f 365/389/365 363/387/363 362/386/362
f 348/391/348 351/374/351 366/392/366
f 366/390/366 362/386/362 348/370/348
f 366/392/366 367/393/367 368/394/368
f 367/393/367 366/392/366 351/374/351
f 366/392/366 368/394/368 369/395/369
f 368/394/368 370/396/370 371/397/371
f 370/396/370 372/398/372 371/397/371
f 371/397/371 372/398/372 373/399/373
f 371/397/371 373/399/373 374/400/374
f 372/398/372 370/396/370 375/401/375
f 368/394/368 376/402/376 370/396/370
f 369/395/369 371/397/371 374/400/374
f 353/376/353 377/403/377 378/404/378
f 379/405/379 380/406/380 381/407/381
f 381/407/381 382/408/382 354/377/354
f 354/377/354 382/408/382 353/376/353
f 380/406/380 382/408/382 381/407/381
f 382/408/382 383/409/383 384/410/384
f 377/403/377 384/410/384 385/411/385
f 386/412/386 145/158/145 387/413/387
f 382/408/382 380/406/380 383/409/383
f 383/409/383 388/414/388 384/410/384
f 382/408/382 377/403/377 353/376/353
f 382/408/382 384/410/384 377/403/377
f 388/414/388 385/411/385 384/410/384
f 377/403/377 389/415/389 390/416/390
f 391/417/391 389/415/389 385/411/385
f 377/403/377 385/411/385 389/415/389
f 391/417/391 392/418/392 393/419/393
f 391/417/391 385/411/385 394/420/394
f 391/417/391 394/420/394 392/418/392
f 395/421/395 396/422/396 397/423/397
f 398/424/398 396/422/396 395/421/395
f 396/422/396 398/424/398 399/425/399
f 399/425/399 398/424/398 400/426/400
f 401/427/401 402/428/402 403/429/403
f 401/427/401 403/429/403 404/430/404
f 405/431/405 396/422/396 406/432/406
f 403/429/403 407/433/407 406/432/406
f 408/434/408 409/435/409 410/436/410
f 408/434/408 411/437/411 409/435/409
f 403/429/403 412/438/412 407/433/407
f 410/436/410 406/432/406 396/422/396
f 410/436/410 413/439/413 408/434/408
f 404/430/404 406/432/406 409/435/409
f 406/432/406 410/436/410 409/435/409
f 408/434/408 414/440/414 415/441/415
f 416/442/416 417/443/417 418/444/418
f 416/442/416 419/445/419 420/446/420
f 420/446/420 421/447/421 416/442/416
f 420/446/420 415/441/415 414/440/414
f 416/442/416 422/448/422 417/443/417
f 423/449/423 422/448/422 421/447/421
f 423/449/423 424/450/424 422/448/422
f 422/448/422 416/442/416 421/447/421
f 425/451/425 426/452/426 419/445/419
f 419/445/419 427/453/427 425/451/425
f 419/445/419 428/454/428 427/453/427
f 429/455/429 430/456/430 411/457/411
f 430/456/430 431/458/431 432/459/432
f 431/458/431 433/460/433 432/459/432
f 434/461/434 435/462/435 432/459/432
f 432/459/432 433/460/433 434/461/434
f 436/463/436 437/464/437 438/465/438
f 438/465/438 435/462/435 434/461/434
f 437/464/437 439/466/439 438/465/438
f 372/398/372 440/467/440 441/468/441
f 442/469/442 443/470/443 441/468/441
f 443/470/443 442/469/442 444/471/444
f 430/456/430 445/472/445 440/467/440
f 440/467/440 445/472/445 442/469/442
f 446/473/446 445/474/445 447/475/447
f 444/471/444 442/469/442 448/476/448
f 448/476/448 442/469/442 445/472/445
f 449/477/449 446/473/446 447/475/447
f 449/477/449 447/475/447 429/478/429
f 441/468/441 440/467/440 442/469/442
f 450/479/450 451/480/451 452/481/452
f 453/482/453 454/483/454 452/481/452
f 455/484/455 452/481/452 456/485/456
f 453/482/453 452/481/452 455/484/455
f 457/486/457 458/487/458 455/484/455
f 452/481/452 451/480/451 456/485/456
f 440/467/440 459/488/459 460/489/460
f 393/419/393 461/490/461 462/491/462
f 462/491/462 459/488/459 440/467/440
f 463/492/463 464/493/464 461/490/461
f 393/419/393 392/418/392 461/490/461
f 392/418/392 463/492/463 461/490/461
f 459/488/459 465/494/465 460/489/460
f 465/494/465 464/493/464 466/495/466
f 465/494/465 459/488/459 464/493/464
f 467/496/467 464/493/464 463/492/463
f 467/496/467 468/497/468 464/493/464
f 469/498/469 470/499/470 463/492/463
f 467/496/467 463/492/463 471/500/471
f 467/496/467 472/501/472 468/497/468
f 461/490/461 464/493/464 459/488/459
f 473/502/473 474/503/474 475/504/475
f 98/107/98 476/505/476 473/502/473
f 477/506/477 473/502/473 478/507/478
f 473/502/473 477/506/477 474/503/474
f 479/508/479 474/503/474 477/506/477
f 479/508/479 475/504/475 474/503/474
f 480/509/480 475/504/475 479/508/479
f 481/510/481 482/511/482 483/512/483
f 480/509/480 479/508/479 483/512/483
f 484/513/484 481/510/481 479/508/479
f 484/513/484 479/508/479 477/506/477
f 479/508/479 481/510/481 483/512/483
f 92/101/92 100/109/100 476/505/476
f 478/507/478 485/514/485 486/515/486
f 487/516/487 100/109/100 226/241/226
f 100/109/100 488/517/488 489/518/489
f 489/518/489 485/514/485 476/505/476
f 489/518/489 488/517/488 486/515/486
f 486/515/486 488/517/488 490/519/490
f 486/515/486 485/514/485 489/518/489
f 491/520/491 490/519/490 487/516/487
f 100/109/100 487/516/487 488/517/488
f 478/507/478 486/515/486 492/521/492
f 493/522/493 494/523/494 486/515/486
f 476/505/476 100/109/100 489/518/489
f 100/109/100 99/108/99 226/241/226
f 493/522/493 486/515/486 490/519/490
f 495/524/495 496/525/496 497/526/497
f 496/525/496 498/527/498 499/528/499
f 496/525/496 495/524/495 484/513/484
f 484/513/484 495/524/495 481/510/481
f 496/525/496 499/528/499 500/529/500
f 497/526/497 496/525/496 500/529/500
f 501/530/501 499/528/499 498/527/498
f 492/521/492 501/530/501 498/527/498
f 499/528/499 502/531/502 503/532/503
f 503/532/503 500/529/500 499/528/499
f 502/531/502 499/528/499 501/530/501
f 504/533/504 505/534/505 506/535/506
f 506/535/506 505/534/505 502/531/502
f 505/534/505 503/532/503 502/531/502
f 500/529/500 503/532/503 507/536/507
f 508/537/508 509/538/509 510/539/510
f 511/540/511 508/537/508 512/541/512
f 510/539/510 512/541/512 508/537/508
f 512/541/512 510/539/510 513/542/513
f 506/535/506 508/537/508 514/543/514
f 508/537/508 506/535/506 502/531/502
f 511/540/511 514/543/514 508/537/508
f 515/544/515 516/545/516 517/546/517
f 517/546/517 516/545/516 136/149/136
f 482/511/482 515/544/515 517/546/517
f 515/544/515 518/547/518 516/545/516
f 482/511/482 517/546/517 483/512/483
f 482/511/482 519/548/519 515/544/515
f 515/544/515 519/548/519 518/547/518
f 520/549/520 521/550/521 522/551/522
f 522/551/522 140/153/140 520/549/520
f 516/545/516 520/549/520 140/153/140
f 520/549/520 523/552/523 521/550/521
f 520/549/520 518/547/518 524/553/524
f 518/547/518 523/552/523 524/553/524
f 482/511/482 525/554/525 519/548/519
f 519/548/519 525/554/525 518/547/518
f 518/547/518 526/555/526 527/556/527
f 523/552/523 518/547/518 527/556/527
f 516/545/516 518/547/518 520/549/520
f 147/160/147 528/557/528 529/558/529
f 528/557/528 530/559/530 529/558/529
f 529/558/529 531/560/531 148/161/148
f 148/161/148 144/157/144 529/558/529
f 148/161/148 531/560/531 387/413/387
f 531/560/531 529/558/529 532/561/532
f 533/562/533 534/563/534 531/560/531
f 534/563/534 387/413/387 531/560/531
f 535/564/535 532/561/532 530/559/530
f 535/564/535 533/562/533 531/560/531
f 535/564/535 531/560/531 532/561/532
f 536/565/536 533/562/533 535/564/535
f 533/562/533 536/565/536 534/563/534
f 534/563/534 536/565/536 537/566/537
f 387/413/387 534/563/534 538/567/538
f 537/566/537 536/565/536 539/568/539
f 534/563/534 537/566/537 538/567/538
f 529/558/529 530/559/530 532/561/532
f 495/524/495 540/569/540 541/570/541
f 525/554/525 541/570/541 540/569/540
f 542/571/542 543/572/543 497/526/497
f 497/526/497 543/572/543 540/569/540
f 497/526/497 540/569/540 495/524/495
f 525/554/525 540/569/540 544/573/544
f 544/573/544 545/574/545 526/555/526
f 543/572/543 545/574/545 544/573/544
f 540/569/540 543/572/543 544/573/544
f 546/575/546 547/576/547 545/574/545
f 547/576/547 548/577/548 545/574/545
f 543/572/543 546/575/546 545/574/545
f 548/577/548 549/578/549 545/574/545
f 550/579/550 549/578/549 548/577/548
f 507/536/507 542/571/542 497/526/497
f 526/555/526 545/574/545 551/580/551
f 552/581/552 551/580/551 545/574/545
f 545/574/545 549/578/549 552/581/552
f 548/577/548 553/582/553 550/579/550
f 554/583/554 555/584/555 535/564/535
f 535/564/535 555/584/555 556/585/556
f 555/584/555 557/586/557 558/587/558
f 555/584/555 559/588/559 557/586/557
f 554/583/554 559/588/559 555/584/555
f 555/584/555 558/587/558 556/585/556
f 560/589/560 561/590/561 562/591/562
f 559/588/559 550/579/550 563/592/563
f 564/593/564 558/587/558 563/592/563
f 559/588/559 563/592/563 557/586/557
f 558/587/558 557/586/557 563/592/563
f 563/592/563 553/582/553 565/594/565
f 564/593/564 563/592/563 565/594/565
f 553/582/553 563/592/563 550/579/550
f 564/593/564 562/591/562 561/590/561
f 558/587/558 564/593/564 561/590/561
f 558/587/558 561/590/561 556/585/556
f 566/595/566 567/596/567 568/597/568
f 566/595/566 538/567/538 567/596/567
f 537/566/537 569/598/569 538/567/538
f 570/599/570 568/597/568 569/598/569
f 567/596/567 538/567/538 569/598/569
f 567/596/567 569/598/569 568/597/568
f 571/600/571 566/595/566 568/597/568
f 568/597/568 570/599/570 572/601/572
f 571/600/571 568/597/568 572/601/572
f 573/602/573 574/603/574 572/604/572
f 571/605/571 572/604/572 574/603/574
f 537/566/537 539/568/539 569/598/569
f 575/606/575 569/598/569 539/568/539
f 576/607/576 569/598/569 575/606/575
f 576/607/576 570/599/570 569/598/569
f 577/608/577 578/609/578 570/599/570
f 576/607/576 577/608/577 570/599/570
f 579/610/579 570/599/570 578/609/578
f 575/606/575 580/611/580 576/607/576
f 570/599/570 579/610/579 581/612/581
f 582/613/582 583/614/583 579/610/579
f 584/615/584 580/611/580 585/616/585
f 585/616/585 575/606/575 560/589/560
f 539/568/539 560/589/560 575/606/575
f 585/616/585 580/611/580 575/606/575
f 584/615/584 586/617/586 587/618/587
f 560/589/560 562/591/562 588/619/588
f 585/616/585 588/619/588 589/620/589
f 585/616/585 560/589/560 588/619/588
f 562/591/562 590/621/590 591/622/591
f 591/622/591 588/619/588 562/591/562
f 588/619/588 591/622/591 589/620/589
f 592/623/592 593/624/593 589/620/589
f 589/620/589 593/624/593 585/616/585
f 593/624/593 592/623/592 594/625/594
f 593/624/593 594/625/594 584/615/584
f 585/616/585 593/624/593 584/615/584
f 591/622/591 595/626/595 589/620/589
f 595/626/595 596/627/596 589/620/589
f 596/627/596 592/623/592 589/620/589
f 561/590/561 560/589/560 539/568/539
f 594/625/594 597/628/597 598/629/598
f 594/625/594 598/629/598 586/617/586
f 599/630/599 597/628/597 592/623/592
f 597/628/597 594/625/594 592/623/592
f 592/623/592 600/631/600 599/630/599
f 598/629/598 601/632/601 586/617/586
f 602/633/602 603/634/603 604/635/604
f 603/634/603 602/633/602 605/636/605
f 606/637/606 607/638/607 602/633/602
f 574/603/574 606/637/606 608/639/608
f 608/639/608 606/637/606 602/633/602
f 608/639/608 602/633/602 388/414/388
f 604/635/604 388/414/388 602/633/602
f 607/638/607 609/640/609 610/641/610
f 602/633/602 607/638/607 610/641/610
f 605/636/605 602/633/602 610/641/610
f 606/637/606 611/642/611 609/640/609
f 606/637/606 609/640/609 607/638/607
f 612/643/612 470/499/470 605/636/605
f 613/644/613 612/643/612 605/636/605
f 610/641/610 613/644/613 605/636/605
f 471/500/471 470/499/470 612/643/612
f 609/640/609 613/644/613 610/641/610
f 614/645/614 615/646/615 613/644/613
f 616/647/616 615/646/615 617/648/617
f 618/649/618 619/650/619 615/646/615
f 620/651/620 612/643/612 619/650/619
f 621/652/621 622/653/622 617/648/617
f 617/648/617 615/646/615 621/652/621
f 621/652/621 615/646/615 614/645/614
f 616/647/616 618/649/618 615/646/615
f 618/649/618 620/651/620 619/650/619
f 622/653/622 623/654/623 624/655/624
f 625/656/625 606/637/606 581/657/581
f 583/658/583 626/659/626 625/656/625
f 627/660/627 628/661/628 626/662/626
f 626/662/626 583/614/583 629/663/629
f 627/660/627 629/663/629 601/632/601
f 629/663/629 627/660/627 626/662/626
f 630/664/630 627/660/627 601/632/601
f 628/661/628 627/660/627 631/665/631
f 632/666/632 623/654/623 631/667/631
f 632/666/632 633/668/633 624/655/624
f 634/669/634 633/670/633 635/671/635
f 635/671/635 632/672/632 631/665/631
f 636/673/636 634/669/634 635/671/635
f 631/665/631 627/660/627 636/673/636
f 637/674/637 505/534/505 638/675/638
f 542/571/542 637/674/637 639/676/639
f 504/533/504 640/677/640 505/534/505
f 641/678/641 639/676/639 638/675/638
f 639/676/639 642/679/642 546/575/546
f 640/677/640 638/675/638 505/534/505
f 639/676/639 637/674/637 638/675/638
f 643/680/643 644/681/644 645/682/645
f 646/683/646 647/684/647 648/685/648
f 641/678/641 649/686/649 650/687/650
f 649/686/649 651/688/651 652/689/652
f 653/690/653 654/691/654 655/692/655
f 656/693/656 657/694/657 548/577/548
f 656/693/656 548/577/548 547/576/547
f 553/582/553 548/577/548 657/694/657
f 658/695/658 657/694/657 656/693/656
f 553/582/553 659/696/659 660/697/660
f 553/582/553 660/697/660 565/594/565
f 661/698/661 659/696/659 662/699/662
f 658/695/658 663/700/663 657/694/657
f 657/694/657 663/700/663 659/696/659
f 659/696/659 553/582/553 657/694/657
f 659/696/659 661/698/661 660/697/660
f 660/697/660 664/701/664 665/702/665
f 565/594/565 660/697/660 665/702/665
f 666/703/666 661/698/661 662/699/662
f 663/700/663 662/699/662 659/696/659
f 658/695/658 667/704/667 668/705/668
f 650/687/650 667/704/667 658/695/658
f 668/705/668 669/706/669 670/707/670
f 668/705/668 670/707/670 663/700/663
f 671/708/671 663/700/663 670/707/670
f 669/706/669 668/705/668 667/704/667
f 670/707/670 669/706/669 672/709/672
f 667/710/667 673/711/673 669/712/669
f 671/708/671 672/709/672 674/713/674
f 670/707/670 672/709/672 671/708/671
f 663/700/663 671/708/671 662/699/662
f 675/714/675 676/715/676 677/716/677
f 678/717/678 679/718/679 680/719/680
f 681/720/681 680/719/680 679/718/679
f 679/718/679 678/717/678 682/721/682
f 683/722/683 684/723/684 685/724/685
f 676/715/676 675/714/675 686/725/686
f 687/726/687 654/691/654 676/727/676
f 688/728/688 689/729/689 690/730/690
f 690/730/690 689/729/689 691/731/691
f 692/732/692 693/733/693 688/728/688
f 689/729/689 688/728/688 693/733/693
f 693/733/693 676/715/676 689/729/689
f 694/734/694 693/733/693 692/732/692
f 691/735/691 689/736/689 654/691/654
f 694/734/694 684/723/684 693/733/693
f 688/728/688 695/737/695 692/732/692
f 664/701/664 666/703/666 696/738/696
f 590/621/590 664/701/664 696/738/696
f 697/739/697 696/738/696 666/703/666
f 591/622/591 590/621/590 698/740/698
f 697/739/697 699/741/699 696/738/696
f 699/741/699 700/742/700 701/743/701
f 699/741/699 697/739/697 700/742/700
f 701/743/701 702/744/702 703/745/703
f 701/743/701 703/745/703 699/741/699
f 700/742/700 704/746/704 674/713/674
f 705/747/705 674/748/674 706/749/706
f 707/750/707 705/747/705 679/718/679
f 702/744/702 708/751/708 709/752/709
f 674/748/674 705/747/705 708/753/708
f 700/742/700 674/713/674 708/751/708
f 700/742/700 708/751/708 701/743/701
f 710/754/710 707/750/707 711/755/711
f 707/750/707 712/756/712 705/747/705
f 710/754/710 712/756/712 707/750/707
f 712/756/712 710/754/710 708/753/708
f 706/749/706 679/718/679 705/747/705
f 705/747/705 712/756/712 708/753/708
f 713/757/713 714/758/714 715/759/715
f 714/758/714 716/760/716 715/759/715
f 709/752/709 717/761/717 702/744/702
f 717/761/717 718/762/718 714/758/714
f 702/744/702 717/761/717 714/758/714
f 716/760/716 714/758/714 718/762/718
f 717/761/717 719/763/719 718/762/718
f 709/752/709 719/763/719 717/761/717
f 720/764/720 719/765/719 710/754/710
f 719/765/719 720/764/720 721/766/721
f 722/767/722 679/718/679 723/768/723
f 722/767/722 723/768/723 711/755/711
f 695/737/695 724/769/724 694/734/694
f 725/770/725 726/771/726 727/772/727
f 728/773/728 727/772/727 726/771/726
f 727/772/727 729/774/729 725/770/725
f 730/775/730 727/772/727 728/773/728
f 724/769/724 731/776/731 732/777/732
f 732/777/732 731/776/731 725/770/725
f 732/777/732 694/734/694 724/769/724
f 731/776/731 733/778/733 725/770/725
f 733/778/733 734/779/734 735/780/735
f 736/781/736 734/779/734 733/778/733
f 733/778/733 735/780/735 726/771/726
f 737/782/737 738/783/738 491/520/491
f 739/784/739 740/785/740 513/542/513
f 512/541/512 513/542/513 741/786/741
f 740/785/740 741/786/741 513/542/513
f 740/785/740 742/787/742 741/786/741
f 512/541/512 741/786/741 511/540/511
f 743/788/743 744/789/744 745/790/745
f 744/789/744 746/791/746 747/792/747
f 744/789/744 743/788/743 748/793/748
f 744/789/744 748/793/748 749/794/749
f 746/791/746 744/789/744 749/794/749
f 750/795/750 746/796/746 749/797/749
f 749/794/749 748/793/748 254/269/254
f 751/798/751 752/799/752 753/800/753
f 752/799/752 751/798/751 754/801/754
f 751/798/751 753/800/753 755/802/755
f 755/802/755 745/790/745 747/792/747
f 756/803/756 757/804/757 754/801/754
f 754/801/754 758/805/758 756/803/756
f 758/805/758 754/801/754 755/802/755
f 755/802/755 747/792/747 758/805/758
f 754/801/754 751/798/751 755/802/755
f 759/806/759 760/807/760 757/804/757
f 761/808/761 762/809/762 763/810/763
f 762/809/762 761/808/761 760/807/760
f 764/811/764 765/812/765 763/810/763
f 766/813/766 764/811/764 763/810/763
f 766/813/766 767/814/767 768/815/768
f 769/816/769 764/811/764 768/815/768
f 760/807/760 759/806/759 762/809/762
f 763/810/763 762/809/762 766/813/766
f 759/806/759 766/813/766 762/809/762
f 768/815/768 764/811/764 766/813/766
f 770/817/770 771/818/771 772/819/772
f 771/818/771 770/817/770 773/820/773
f 773/820/773 770/817/770 774/821/774
f 773/820/773 774/821/774 775/822/775
f 750/795/750 774/821/774 770/817/770
f 776/823/776 771/818/771 773/820/773
f 773/820/773 775/822/775 777/824/777
f 777/824/777 775/822/775 262/279/262
f 262/279/262 778/825/778 777/824/777
f 772/819/772 779/826/779 780/827/780
f 779/826/779 771/818/771 776/823/776
f 779/826/779 772/819/772 771/818/771
f 781/828/781 782/829/782 746/796/746
f 772/819/772 781/828/781 746/796/746
f 783/830/783 758/805/758 784/831/784
f 784/832/784 781/828/781 780/827/780
f 785/833/785 756/803/756 783/830/783
f 786/834/786 787/835/787 472/501/472
f 788/836/788 777/824/777 789/837/789
f 787/835/787 790/838/790 791/839/791
f 792/840/792 788/836/788 789/837/789
f 792/840/792 789/837/789 791/839/791
f 791/839/791 793/841/793 794/842/794
f 791/839/791 789/837/789 793/841/793
f 789/837/789 457/486/457 793/841/793
f 787/835/787 616/647/616 795/843/795
f 791/839/791 790/838/790 792/840/792
f 795/843/795 796/844/796 797/845/797
f 795/843/795 797/845/797 790/838/790
f 798/846/798 799/847/799 800/848/800
f 798/846/798 800/848/800 801/849/801
f 802/850/802 801/849/801 803/851/803
f 804/852/804 801/849/801 802/850/802
f 802/850/802 797/845/797 804/852/804
f 790/838/790 797/845/797 802/850/802
f 790/838/790 802/850/802 792/840/792
f 805/853/805 799/847/799 798/846/798
f 796/844/796 806/854/806 797/845/797
f 797/845/797 806/854/806 805/853/805
f 804/852/804 797/845/797 805/853/805
f 616/647/616 796/844/796 795/843/795
f 807/855/807 767/814/767 808/856/808
f 809/857/809 807/855/807 808/856/808
f 810/858/810 807/855/807 811/859/811
f 767/814/767 807/855/807 768/815/768
f 812/860/812 813/861/813 814/862/814
f 813/861/813 815/863/815 814/862/814
f 816/864/816 817/865/817 818/866/818
f 819/867/819 820/868/820 821/869/821
f 813/861/813 822/870/822 823/871/823
f 816/864/816 822/870/822 813/861/813
f 816/864/816 813/861/813 817/865/817
f 824/872/824 825/873/825 826/874/826
f 824/872/824 826/874/826 827/875/827
f 828/876/828 829/877/829 825/873/825
f 829/877/829 826/874/826 825/873/825
f 830/878/830 831/879/831 832/880/832
f 824/872/824 831/879/831 830/878/830
f 819/867/819 821/869/821 833/881/833
f 834/882/834 835/883/835 833/881/833
f 835/883/835 834/882/834 836/884/836
f 836/884/836 834/882/834 837/885/837
f 833/881/833 838/886/838 839/887/839
f 840/888/840 839/887/839 838/886/838
f 840/888/840 838/886/838 835/883/835
f 835/883/835 838/886/838 833/881/833
f 839/887/839 841/889/841 816/864/816
f 841/889/841 839/887/839 842/890/842
f 827/875/827 842/890/842 839/887/839
f 839/887/839 840/888/840 827/875/827
f 843/891/843 822/870/822 841/889/841
f 844/892/844 845/893/845 843/891/843
f 845/893/845 822/870/822 843/891/843
f 839/887/839 816/864/816 833/881/833
f 846/894/846 847/895/847 848/896/848
f 849/897/849 847/895/847 850/898/850
f 847/895/847 849/897/849 848/896/848
f 851/899/851 852/900/852 646/683/646
f 853/901/853 854/902/854 855/903/855
f 856/904/856 857/905/857 858/906/858
f 857/907/857 856/908/856 859/909/859
f 860/910/860 856/904/856 858/906/858
f 858/906/858 854/911/854 861/912/861
f 855/913/855 858/906/858 857/905/857
f 695/737/695 862/914/862 863/915/863
f 695/737/695 864/916/864 862/914/862
f 864/916/864 865/917/865 862/914/862
f 866/918/866 862/914/862 865/917/865
f 867/919/867 866/918/866 865/917/865
f 868/920/868 869/921/869 867/919/867
f 867/919/867 869/921/869 866/918/866
f 815/863/815 870/922/870 871/923/871
f 828/876/828 872/924/872 845/893/845
f 873/925/873 872/924/872 874/926/874
f 874/926/874 875/927/875 876/928/876
f 874/926/874 876/928/876 877/929/877
f 863/915/863 878/930/878 731/776/731
f 731/776/731 724/769/724 863/915/863
f 863/915/863 879/931/879 878/930/878
f 866/918/866 879/931/879 863/915/863
f 736/781/736 878/930/878 880/932/880
f 881/933/881 882/934/882 883/935/883
f 878/930/878 879/931/879 880/932/880
f 866/918/866 882/934/882 879/931/879
f 884/936/884 882/934/882 885/937/885
f 883/935/883 886/938/886 881/933/881
f 881/933/881 886/938/886 880/932/880
f 886/938/886 887/939/887 880/932/880
f 2/2/2 43/940/43 5/5/5
f 23/25/23 8/10/8 4/4/4
f 8/10/8 23/25/23 12/14/12
f 12/14/12 23/25/23 28/31/28
f 25/27/25 6/8/6 37/51/37
f 1/1/1 43/940/43 2/2/2
f 12/14/12 28/31/28 14/16/14
f 9/11/9 3/3/3 8/10/8
f 11/13/11 151/164/151 16/18/16
f 11/13/11 13/15/13 30/33/30
f 64/72/64 18/20/18 17/19/17
f 10/12/10 17/19/17 18/20/18
f 151/164/151 11/13/11 30/33/30
f 23/25/23 4/4/4 20/22/20
f 22/24/22 21/23/21 888/941/888
f 22/24/22 888/941/888 24/26/24
f 4/4/4 6/6/6 21/23/21
f 26/28/26 287/307/287 27/30/27
f 24/26/24 32/35/32 28/31/28
f 25/27/25 21/29/21 6/8/6
f 28/31/28 32/35/32 29/32/29
f 151/164/151 30/33/30 34/37/34
f 31/34/31 32/35/32 303/323/303
f 7/7/7 37/51/37 6/8/6
f 37/40/37 5/48/5 38/41/38
f 42/57/42 46/50/46 36/52/36
f 109/118/109 35/38/35 40/43/40
f 44/47/44 39/42/39 38/41/38
f 7/7/7 5/9/5 37/51/37
f 35/38/35 41/44/41 36/39/36
f 37/51/37 47/53/47 25/27/25
f 25/27/25 47/53/47 26/28/26
f 41/44/41 52/120/52 42/45/42
f 26/28/26 53/60/53 291/311/291
f 291/311/291 287/307/287 26/28/26
f 52/59/52 120/130/120 50/56/50
f 120/130/120 51/58/51 50/56/50
f 37/51/37 46/50/46 47/53/47
f 46/50/46 48/54/48 47/53/47
f 56/63/56 39/42/39 44/47/44
f 63/70/63 55/62/55 43/46/43
f 63/71/63 43/940/43 1/1/1
f 63/70/63 59/66/59 55/62/55
f 18/20/18 63/71/63 1/1/1
f 68/76/68 61/68/61 60/67/60
f 889/942/889 62/77/62 64/72/64
f 186/943/186 65/73/65 66/74/66
f 186/943/186 66/74/66 62/69/62
f 45/49/45 57/64/57 70/79/70
f 45/49/45 80/89/80 40/43/40
f 73/82/73 80/89/80 45/49/45
f 74/83/74 75/84/75 71/80/71
f 61/68/61 69/78/69 57/64/57
f 86/95/86 78/87/78 77/86/77
f 83/92/83 77/86/77 68/76/68
f 69/78/69 68/76/68 77/86/77
f 83/92/83 86/95/86 77/86/77
f 83/92/83 68/76/68 82/91/82
f 84/93/84 85/94/85 83/92/83
f 81/90/81 67/75/67 192/207/192
f 96/105/96 85/94/85 84/93/84
f 87/96/87 82/91/82 81/90/81
f 78/87/78 91/100/91 79/88/79
f 91/100/91 78/87/78 90/99/90
f 88/97/88 93/102/93 89/98/89
f 85/94/85 97/106/97 90/99/90
f 90/99/90 86/95/86 85/94/85
f 95/104/95 88/97/88 90/99/90
f 97/106/97 95/104/95 90/99/90
f 99/108/99 95/104/95 94/103/94
f 99/108/99 100/109/100 88/97/88
f 86/95/86 90/99/90 78/87/78
f 92/101/92 476/505/476 98/107/98
f 104/113/104 76/85/76 75/84/75
f 103/112/103 480/509/480 107/116/107
f 105/114/105 107/116/107 132/145/132
f 104/113/104 105/114/105 76/85/76
f 80/89/80 109/118/109 40/43/40
f 110/119/110 118/133/118 52/120/52
f 121/131/121 110/119/110 115/125/115
f 110/119/110 121/131/121 118/133/118
f 115/125/115 116/126/116 123/135/123
f 122/134/122 340/360/340 54/61/54
f 340/360/340 122/134/122 130/143/130
f 126/138/126 129/142/129 124/136/124
f 133/146/133 135/148/135 112/122/112
f 112/122/112 135/148/135 117/127/117
f 133/146/133 112/122/112 111/121/111
f 117/127/117 135/148/135 139/152/139
f 138/151/138 139/152/139 135/148/135
f 517/546/517 136/149/136 132/145/132
f 140/153/140 136/149/136 516/545/516
f 140/153/140 890/944/890 137/150/137
f 125/137/125 116/126/116 126/138/126
f 139/152/139 116/126/116 117/127/117
f 129/142/129 146/159/146 344/945/344
f 139/152/139 890/944/890 147/160/147
f 139/152/139 147/160/147 142/155/142
f 147/160/147 529/558/529 144/157/144
f 890/944/890 139/152/139 137/150/137
f 128/141/128 129/142/129 344/945/344
f 158/171/158 150/163/150 157/170/157
f 157/170/157 153/166/153 158/171/158
f 157/170/157 150/163/150 149/162/149
f 151/164/151 19/21/19 16/18/16
f 149/162/149 151/164/151 154/167/154
f 151/164/151 34/37/34 154/167/154
f 17/19/17 15/17/15 150/163/150
f 17/19/17 889/942/889 64/72/64
f 17/19/17 158/171/158 889/942/889
f 161/174/161 62/77/62 889/942/889
f 891/946/891 162/175/162 160/173/160
f 19/21/19 150/163/150 15/17/15
f 161/174/161 889/942/889 158/171/158
f 152/165/152 154/167/154 156/169/156
f 167/180/167 152/165/152 156/169/156
f 168/181/168 166/179/166 892/947/892
f 166/179/166 167/180/167 892/947/892
f 173/186/173 170/183/170 174/187/174
f 172/185/172 171/184/171 183/196/183
f 177/190/177 159/172/159 169/182/169
f 179/192/179 893/948/893 169/182/169
f 177/190/177 169/182/169 893/948/893
f 170/183/170 172/185/172 169/182/169
f 176/189/176 891/946/891 160/173/160
f 176/189/176 160/173/160 159/172/159
f 177/190/177 179/192/179 175/188/175
f 179/192/179 177/190/177 893/948/893
f 178/191/178 894/949/894 179/192/179
f 172/185/172 180/193/180 169/182/169
f 183/196/183 327/347/327 182/195/182
f 65/73/65 192/207/192 67/75/67
f 187/200/187 192/207/192 65/73/65
f 190/204/190 185/198/185 891/946/891
f 185/198/185 162/175/162 891/946/891
f 891/946/891 176/189/176 190/204/190
f 197/212/197 193/208/193 187/200/187
f 62/77/62 161/174/161 186/199/186
f 184/201/184 65/73/65 186/943/186
f 188/202/188 197/212/197 187/200/187
f 193/208/193 192/207/192 187/200/187
f 191/206/191 193/208/193 195/210/195
f 87/96/87 191/206/191 195/210/195
f 203/218/203 188/202/188 189/203/189
f 201/216/201 202/217/202 216/231/216
f 199/214/199 201/216/201 200/215/200
f 203/218/203 895/950/895 204/219/204
f 204/219/204 202/217/202 188/202/188
f 207/222/207 209/224/209 189/205/189
f 209/224/209 211/226/211 203/951/203
f 200/215/200 194/209/194 196/211/196
f 209/224/209 203/951/203 189/205/189
f 190/204/190 207/222/207 189/205/189
f 896/952/896 208/223/208 206/221/206
f 897/953/897 898/954/898 402/428/402
f 96/105/96 84/93/84 212/227/212
f 223/238/223 94/103/94 214/229/214
f 214/229/214 215/230/215 218/233/218
f 194/209/194 214/229/214 212/227/212
f 194/209/194 200/215/200 215/230/215
f 235/250/235 218/233/218 219/234/219
f 219/234/219 217/232/217 220/235/220
f 899/955/899 220/235/220 217/232/217
f 227/242/227 99/108/99 94/103/94
f 228/243/228 223/238/223 222/237/222
f 224/239/224 214/229/214 218/233/218
f 227/242/227 226/241/226 99/108/99
f 230/245/230 228/243/228 222/237/222
f 235/250/235 224/239/224 218/233/218
f 221/236/221 235/250/235 219/234/219
f 900/956/900 240/255/240 239/254/239
f 241/256/241 238/253/238 240/255/240
f 234/249/234 242/257/242 241/256/241
f 899/955/899 217/232/217 901/957/901
f 243/258/243 902/958/902 248/263/248
f 248/263/248 237/252/237 243/258/243
f 895/950/895 901/957/901 204/219/204
f 204/219/204 901/957/901 217/232/217
f 248/263/248 902/958/902 245/260/245
f 237/252/237 248/263/248 247/262/247
f 255/270/255 257/272/257 258/959/258
f 244/960/244 257/274/257 250/961/250
f 242/257/242 237/252/237 903/962/903
f 237/252/237 252/267/252 903/962/903
f 252/267/252 251/266/251 903/962/903
f 237/252/237 247/262/247 252/267/252
f 748/793/748 251/266/251 253/268/253
f 253/268/253 254/269/254 748/793/748
f 255/270/255 254/269/254 249/264/249
f 249/264/249 257/272/257 255/270/255
f 246/261/246 245/260/245 902/958/902
f 244/960/244 250/961/250 245/963/245
f 261/278/261 255/277/255 259/275/259
f 259/275/259 255/277/255 258/273/258
f 262/279/262 775/822/775 261/278/261
f 265/282/265 264/281/264 263/280/263
f 32/35/32 24/26/24 268/285/268
f 268/285/268 24/26/24 271/288/271
f 268/285/268 278/298/278 266/283/266
f 267/284/267 32/35/32 268/285/268
f 303/323/303 269/286/269 270/287/270
f 888/941/888 273/290/273 271/288/271
f 268/285/268 272/289/272 278/298/278
f 274/292/274 284/304/284 277/296/277
f 271/288/271 24/26/24 888/941/888
f 275/294/275 277/296/277 295/315/295
f 275/294/275 295/315/295 904/964/904
f 275/294/275 904/964/904 279/299/279
f 21/29/21 27/30/27 273/291/273
f 21/23/21 273/290/273 888/941/888
f 281/301/281 27/30/27 287/307/287
f 285/305/285 292/312/292 282/302/282
f 284/304/284 295/315/295 277/296/277
f 295/315/295 296/316/296 904/964/904
f 294/314/294 282/302/282 297/317/297
f 292/312/292 299/319/299 282/302/282
f 292/312/292 288/308/288 299/319/299
f 269/286/269 303/323/303 32/35/32
f 33/36/33 31/34/31 302/322/302
f 303/323/303 302/322/302 31/34/31
f 307/327/307 33/36/33 302/322/302
f 307/327/307 304/324/304 310/330/310
f 305/325/305 270/287/270 905/965/905
f 155/168/155 308/328/308 156/169/156
f 306/326/306 310/330/310 304/324/304
f 313/333/313 308/328/308 317/337/317
f 312/332/312 317/337/317 308/328/308
f 309/329/309 319/339/319 312/332/312
f 306/326/306 311/331/311 310/330/310
f 313/333/313 167/180/167 156/169/156
f 322/342/322 892/947/892 316/336/316
f 168/181/168 892/947/892 322/342/322
f 328/348/328 323/343/323 325/345/325
f 316/336/316 892/947/892 167/180/167
f 332/352/332 328/348/328 325/345/325
f 327/347/327 183/196/183 171/184/171
f 171/184/171 168/181/168 322/342/322
f 324/344/324 171/184/171 322/342/322
f 395/421/395 397/423/397 906/966/906
f 906/966/906 397/423/397 331/351/331
f 171/184/171 324/344/324 327/347/327
f 906/966/906 331/351/331 329/349/329
f 333/353/333 337/357/337 290/310/290
f 333/353/333 290/310/290 289/309/289
f 290/310/290 337/357/337 293/313/293
f 291/311/291 53/60/53 333/353/333
f 339/359/339 343/363/343 338/358/338
f 341/361/341 130/143/130 347/369/347
f 342/362/342 348/370/348 360/384/360
f 54/61/54 334/354/334 53/60/53
f 127/140/127 349/378/349 130/143/130
f 127/139/127 128/141/128 349/967/349
f 349/967/349 128/141/128 344/945/344
f 351/374/351 348/391/348 347/371/347
f 341/361/341 348/370/348 342/362/342
f 378/404/378 352/375/352 353/376/353
f 346/368/346 379/405/379 381/407/381
f 381/407/381 354/377/354 346/368/346
f 356/380/356 300/320/300 299/319/299
f 361/385/361 364/388/364 359/383/359
f 342/362/342 360/384/360 343/363/343
f 378/404/378 367/393/367 352/375/352
f 361/385/361 355/379/355 343/363/343
f 361/385/361 359/383/359 355/379/355
f 367/393/367 351/374/351 352/375/352
f 366/390/366 907/968/907 365/389/365
f 366/390/366 369/969/369 907/968/907
f 390/416/390 376/402/376 378/404/378
f 367/393/367 376/402/376 368/394/368
f 378/404/378 376/402/376 367/393/367
f 369/395/369 368/394/368 371/397/371
f 376/402/376 908/970/908 370/396/370
f 375/401/375 370/396/370 908/970/908
f 379/405/379 386/971/386 380/406/380
f 145/158/145 386/412/386 346/367/346
f 346/368/346 386/971/386 379/405/379
f 148/161/148 387/413/387 145/158/145
f 386/971/386 566/972/566 380/406/380
f 566/972/566 383/409/383 380/406/380
f 390/416/390 378/404/378 377/403/377
f 389/415/389 376/402/376 390/416/390
f 908/970/908 376/402/376 389/415/389
f 393/419/393 462/491/462 391/417/391
f 391/417/391 462/491/462 375/401/375
f 375/401/375 908/970/908 391/417/391
f 469/498/469 392/418/392 394/420/394
f 604/635/604 394/420/394 388/414/388
f 388/414/388 394/420/394 385/411/385
f 394/420/394 603/634/603 469/498/469
f 389/415/389 391/417/391 908/970/908
f 909/973/909 395/421/395 906/966/906
f 405/431/405 407/433/407 396/422/396
f 909/973/909 400/426/400 395/421/395
f 423/449/423 910/974/910 424/450/424
f 399/425/399 423/449/423 413/439/413
f 910/974/910 423/449/423 399/425/399
f 400/426/400 398/424/398 395/421/395
f 403/429/403 898/954/898 412/438/412
f 406/432/406 407/433/407 405/431/405
f 413/439/413 410/436/410 399/425/399
f 415/441/415 411/437/411 408/434/408
f 402/428/402 898/954/898 403/429/403
f 404/430/404 403/429/403 406/432/406
f 399/425/399 410/436/410 396/422/396
f 414/440/414 408/434/408 413/439/413
f 419/445/419 415/441/415 420/446/420
f 418/444/418 911/975/911 416/442/416
f 420/446/420 414/440/414 423/449/423
f 420/446/420 423/449/423 421/447/421
f 414/440/414 413/439/413 423/449/423
f 426/452/426 415/441/415 419/445/419
f 429/478/429 411/437/411 415/441/415
f 911/975/911 419/445/419 416/442/416
f 446/473/446 425/451/425 448/976/448
f 426/452/426 429/478/429 415/441/415
f 426/452/426 425/451/425 446/473/446
f 428/454/428 419/445/419 911/975/911
f 433/460/433 431/458/431 460/489/460
f 435/462/435 411/457/411 432/459/432
f 409/435/409 411/437/411 435/977/435
f 435/977/435 404/430/404 409/435/409
f 431/458/431 440/467/440 460/489/460
f 401/427/401 404/430/404 435/977/435
f 434/461/434 433/460/433 436/463/436
f 438/465/438 434/461/434 436/463/436
f 438/465/438 439/466/439 435/462/435
f 450/479/450 437/464/437 433/460/433
f 432/459/432 411/457/411 430/456/430
f 440/467/440 431/458/431 430/456/430
f 437/464/437 436/463/436 433/460/433
f 443/470/443 373/399/373 441/468/441
f 375/401/375 440/467/440 372/398/372
f 443/470/443 444/471/444 448/476/448
f 445/474/445 446/473/446 448/976/448
f 445/472/445 430/456/430 429/455/429
f 447/475/447 445/474/445 429/478/429
f 429/478/429 426/452/426 449/477/449
f 446/473/446 449/477/449 426/452/426
f 373/399/373 372/398/372 441/468/441
f 451/480/451 450/479/450 466/495/466
f 452/481/452 454/483/454 450/479/450
f 454/483/454 437/464/437 450/479/450
f 472/501/472 455/484/455 456/485/456
f 458/487/458 778/825/778 265/282/265
f 458/487/458 457/486/457 778/825/778
f 464/493/464 451/480/451 466/495/466
f 794/842/794 457/486/457 455/484/455
f 375/401/375 462/491/462 440/467/440
f 462/491/462 461/490/461 459/488/459
f 392/418/392 469/498/469 463/492/463
f 460/489/460 465/494/465 433/460/433
f 465/494/465 450/479/450 433/460/433
f 450/479/450 465/494/465 466/495/466
f 464/493/464 468/497/468 451/480/451
f 472/501/472 456/485/456 468/497/468
f 468/497/468 456/485/456 451/480/451
f 603/634/603 470/499/470 469/498/469
f 470/499/470 471/500/471 463/492/463
f 794/842/794 472/501/472 787/835/787
f 455/484/455 472/501/472 794/842/794
f 471/500/471 786/834/786 467/496/467
f 786/834/786 472/501/472 467/496/467
f 98/107/98 473/502/473 106/115/106
f 106/115/106 93/102/93 98/107/98
f 485/514/485 478/507/478 473/502/473
f 476/505/476 485/514/485 473/502/473
f 480/509/480 517/546/517 107/116/107
f 477/506/477 498/527/498 484/513/484
f 477/506/477 478/507/478 492/521/492
f 475/504/475 106/115/106 473/502/473
f 475/504/475 103/112/103 106/115/106
f 475/504/475 480/509/480 103/112/103
f 494/523/494 492/521/492 486/515/486
f 493/522/493 739/784/739 513/542/513
f 490/519/490 488/517/488 487/516/487
f 496/525/496 484/513/484 498/527/498
f 500/529/500 507/536/507 497/526/497
f 503/532/503 505/534/505 507/536/507
f 492/521/492 498/527/498 477/506/477
f 508/537/508 502/531/502 501/530/501
f 501/530/501 509/538/509 508/537/508
f 509/538/509 501/530/501 492/521/492
f 492/521/492 494/523/494 509/538/509
f 513/542/513 510/539/510 493/522/493
f 510/539/510 509/538/509 494/523/494
f 912/978/912 644/681/644 506/535/506
f 514/543/514 912/978/912 506/535/506
f 912/978/912 514/543/514 511/540/511
f 913/979/913 504/533/504 506/535/506
f 644/681/644 913/979/913 506/535/506
f 644/681/644 912/978/912 645/682/645
f 494/523/494 493/522/493 510/539/510
f 480/509/480 483/512/483 517/546/517
f 107/116/107 517/546/517 132/145/132
f 140/153/140 522/551/522 890/944/890
f 523/552/523 520/549/520 524/553/524
f 521/550/521 523/552/523 528/557/528
f 522/551/522 521/550/521 528/557/528
f 527/556/527 530/559/530 523/552/523
f 541/570/541 525/554/525 482/511/482
f 481/510/481 541/570/541 482/511/482
f 526/555/526 518/547/518 525/554/525
f 522/551/522 528/557/528 147/160/147
f 522/551/522 147/160/147 890/944/890
f 528/557/528 523/552/523 530/559/530
f 530/559/530 551/580/551 535/564/535
f 527/556/527 551/580/551 530/559/530
f 387/413/387 538/567/538 386/412/386
f 536/565/536 556/585/556 539/568/539
f 539/568/539 556/585/556 561/590/561
f 481/510/481 495/524/495 541/570/541
f 525/554/525 544/573/544 526/555/526
f 551/580/551 552/581/552 554/583/554
f 543/572/543 542/571/542 546/575/546
f 551/580/551 527/556/527 526/555/526
f 535/564/535 551/580/551 554/583/554
f 549/578/549 550/579/550 552/581/552
f 552/581/552 550/579/550 559/588/559
f 552/581/552 559/588/559 554/583/554
f 536/565/536 535/564/535 556/585/556
f 665/702/665 564/593/564 565/594/565
f 664/701/664 590/621/590 564/593/564
f 664/701/664 564/593/564 665/702/665
f 571/605/571 608/639/608 388/414/388
f 571/605/571 388/414/388 383/409/383
f 608/639/608 571/605/571 574/603/574
f 570/599/570 581/612/581 572/601/572
f 573/602/573 572/604/572 581/657/581
f 566/595/566 386/412/386 538/567/538
f 571/605/571 383/409/383 566/972/566
f 579/610/579 578/609/578 587/618/587
f 581/612/581 579/610/579 583/614/583
f 576/607/576 580/611/580 577/608/577
f 577/608/577 587/618/587 578/609/578
f 582/613/582 587/618/587 586/617/586
f 582/613/582 629/663/629 583/614/583
f 587/618/587 582/613/582 579/610/579
f 587/618/587 577/608/577 584/615/584
f 715/759/715 595/626/595 698/740/698
f 564/593/564 590/621/590 562/591/562
f 584/615/584 594/625/594 586/617/586
f 577/608/577 580/611/580 584/615/584
f 595/626/595 715/759/715 596/627/596
f 586/617/586 629/663/629 582/613/582
f 596/627/596 600/631/600 592/623/592
f 586/617/586 601/632/601 629/663/629
f 604/635/604 603/634/603 394/420/394
f 606/637/606 574/603/574 573/602/573
f 613/644/613 611/642/611 614/645/614
f 609/640/609 611/642/611 613/644/613
f 470/499/470 603/634/603 605/636/605
f 612/643/612 620/651/620 471/500/471
f 620/651/620 786/834/786 471/500/471
f 619/650/619 612/643/612 615/646/615
f 628/980/628 621/652/621 614/645/614
f 624/655/624 837/885/837 622/653/622
f 611/642/611 628/980/628 614/645/614
f 613/644/613 615/646/615 612/643/612
f 622/653/622 837/885/837 617/648/617
f 625/656/625 581/657/581 583/658/583
f 611/642/611 606/637/606 625/656/625
f 628/980/628 611/642/611 625/656/625
f 628/980/628 625/656/625 626/659/626
f 636/673/636 627/660/627 630/664/630
f 581/657/581 606/637/606 573/602/573
f 631/667/631 621/652/621 628/980/628
f 631/667/631 623/654/623 622/653/622
f 631/667/631 622/653/622 621/652/621
f 632/672/632 635/671/635 633/670/633
f 631/665/631 636/673/636 635/671/635
f 624/655/624 633/668/633 831/879/831
f 632/666/632 624/655/624 623/654/623
f 831/879/831 914/981/914 832/880/832
f 831/879/831 633/668/633 914/981/914
f 637/674/637 507/536/507 505/534/505
f 542/571/542 639/676/639 546/575/546
f 656/693/656 547/576/547 546/575/546
f 656/693/656 642/679/642 650/687/650
f 542/571/542 507/536/507 637/674/637
f 642/679/642 656/693/656 546/575/546
f 650/687/650 642/679/642 639/676/639
f 643/680/643 504/533/504 913/979/913
f 638/675/638 640/677/640 915/982/915
f 913/979/913 644/681/644 643/680/643
f 916/983/916 915/982/915 643/680/643
f 648/685/648 916/983/916 643/680/643
f 915/982/915 640/677/640 643/680/643
f 645/682/645 648/685/648 643/680/643
f 648/685/648 645/682/645 646/683/646
f 916/983/916 648/685/648 647/684/647
f 638/675/638 915/982/915 917/984/917
f 643/680/643 640/677/640 504/533/504
f 641/678/641 650/687/650 639/676/639
f 649/686/649 652/689/652 667/704/667
f 641/678/641 651/688/651 649/686/649
f 649/686/649 667/704/667 650/687/650
f 916/983/916 917/984/917 915/982/915
f 655/692/655 654/691/654 687/726/687
f 650/687/650 658/695/658 656/693/656
f 664/701/664 660/697/660 666/703/666
f 661/698/661 666/703/666 660/697/660
f 662/699/662 697/739/697 666/703/666
f 671/708/671 704/746/704 697/739/697
f 697/739/697 662/699/662 671/708/671
f 675/714/675 652/985/652 686/725/686
f 651/688/651 686/986/686 652/689/652
f 681/720/681 667/710/667 652/985/652
f 673/711/673 667/710/667 681/720/681
f 673/711/673 672/987/672 669/712/669
f 672/987/672 673/711/673 706/749/706
f 658/695/658 668/705/668 663/700/663
f 675/714/675 681/720/681 652/985/652
f 681/720/681 675/714/675 677/716/677
f 681/720/681 679/718/679 673/711/673
f 673/711/673 679/718/679 706/749/706
f 678/717/678 680/719/680 683/722/683
f 677/716/677 683/722/683 680/719/680
f 683/722/683 677/716/677 684/723/684
f 918/988/918 683/722/683 685/724/685
f 918/988/918 682/721/682 683/722/683
f 682/721/682 678/717/678 683/722/683
f 677/716/677 680/719/680 681/720/681
f 689/736/689 676/727/676 654/691/654
f 693/733/693 684/723/684 677/716/677
f 684/723/684 732/777/732 685/724/685
f 694/734/694 732/777/732 684/723/684
f 676/715/676 693/733/693 677/716/677
f 694/734/694 692/732/692 695/737/695
f 696/738/696 699/741/699 703/745/703
f 696/738/696 703/745/703 590/621/590
f 590/621/590 703/745/703 698/740/698
f 698/740/698 703/745/703 713/757/713
f 591/622/591 698/740/698 595/626/595
f 697/739/697 704/746/704 700/742/700
f 672/987/672 706/749/706 674/748/674
f 671/708/671 674/713/674 704/746/704
f 722/767/722 707/750/707 679/718/679
f 701/743/701 708/751/708 702/744/702
f 708/753/708 710/754/710 719/765/719
f 713/757/713 703/745/703 714/758/714
f 713/757/713 715/759/715 698/740/698
f 714/758/714 703/745/703 702/744/702
f 708/751/708 719/763/719 709/752/709
f 723/768/723 682/721/682 918/988/918
f 682/721/682 723/768/723 679/718/679
f 722/767/722 711/755/711 707/750/707
f 919/989/919 918/988/918 732/777/732
f 732/777/732 918/988/918 685/724/685
f 724/769/724 695/737/695 863/915/863
f 732/777/732 725/770/725 729/774/729
f 919/989/919 732/777/732 729/774/729
f 727/772/727 730/775/730 729/774/729
f 731/776/731 736/781/736 733/778/733
f 726/771/726 725/770/725 733/778/733
f 726/771/726 735/780/735 728/773/728
f 491/520/491 920/990/920 737/782/737
f 920/990/920 491/520/491 487/516/487
f 226/241/226 920/990/920 487/516/487
f 920/990/920 226/241/226 225/240/225
f 738/783/738 739/784/739 493/522/493
f 738/783/738 493/522/493 490/519/490
f 491/520/491 738/783/738 490/519/490
f 749/794/749 254/269/254 256/271/256
f 255/277/255 749/797/749 256/991/256
f 260/276/260 749/797/749 255/277/255
f 750/795/750 749/797/749 260/276/260
f 745/790/745 744/789/744 747/792/747
f 782/829/782 747/992/747 746/796/746
f 758/805/758 747/792/747 782/993/782
f 921/994/921 757/804/757 756/803/756
f 752/799/752 754/801/754 922/995/922
f 761/808/761 922/995/922 754/801/754
f 760/807/760 761/808/761 754/801/754
f 757/804/757 760/807/760 754/801/754
f 923/996/923 759/806/759 757/804/757
f 766/813/766 924/997/924 767/814/767
f 924/997/924 766/813/766 759/806/759
f 768/815/768 810/858/810 769/816/769
f 260/276/260 261/278/261 750/795/750
f 775/822/775 774/821/774 261/278/261
f 778/825/778 262/279/262 265/282/265
f 776/823/776 773/820/773 788/836/788
f 788/836/788 773/820/773 777/824/777
f 803/851/803 779/826/779 776/823/776
f 802/850/802 803/851/803 776/823/776
f 803/851/803 800/848/800 779/826/779
f 774/821/774 750/795/750 261/278/261
f 746/796/746 750/795/750 770/817/770
f 758/805/758 782/993/782 784/831/784
f 756/803/756 758/805/758 783/830/783
f 746/796/746 770/817/770 772/819/772
f 781/828/781 784/832/784 782/829/782
f 781/828/781 772/819/772 780/827/780
f 783/830/783 784/831/784 785/833/785
f 787/835/787 791/839/791 794/842/794
f 616/647/616 787/835/787 786/834/786
f 620/651/620 618/649/618 616/647/616
f 620/651/620 616/647/616 786/834/786
f 795/843/795 790/838/790 787/835/787
f 778/825/778 789/837/789 777/824/777
f 925/998/925 776/823/776 788/836/788
f 788/836/788 792/840/792 925/998/925
f 794/842/794 793/841/793 457/486/457
f 925/998/925 792/840/792 802/850/802
f 925/998/925 802/850/802 776/823/776
f 789/837/789 778/825/778 457/486/457
f 617/648/617 796/844/796 616/647/616
f 834/882/834 796/844/796 617/648/617
f 801/849/801 800/848/800 803/851/803
f 805/853/805 798/846/798 804/852/804
f 806/854/806 821/869/821 799/847/799
f 799/847/799 805/853/805 806/854/806
f 806/854/806 796/844/796 834/882/834
f 804/852/804 798/846/798 801/849/801
f 923/996/923 926/999/926 759/806/759
f 757/804/757 921/994/921 923/996/923
f 810/858/810 768/815/768 807/855/807
f 808/856/808 924/997/924 926/999/926
f 924/997/924 759/806/759 926/999/926
f 767/814/767 924/997/924 808/856/808
f 815/863/815 811/1000/811 814/862/814
f 870/922/870 815/863/815 813/861/813
f 870/922/870 813/861/813 823/871/823
f 819/867/819 818/866/818 820/868/820
f 822/870/822 816/864/816 841/889/841
f 822/870/822 870/922/870 823/871/823
f 836/884/836 831/879/831 824/872/824
f 624/655/624 831/879/831 836/884/836
f 827/875/827 836/884/836 824/872/824
f 844/892/844 829/877/829 828/876/828
f 828/876/828 845/893/845 844/892/844
f 806/854/806 833/881/833 821/869/821
f 816/864/816 818/866/818 833/881/833
f 833/881/833 818/866/818 819/867/819
f 834/882/834 833/881/833 806/854/806
f 617/648/617 837/885/837 834/882/834
f 836/884/836 840/888/840 835/883/835
f 843/891/843 842/890/842 829/877/829
f 842/890/842 843/891/843 841/889/841
f 837/885/837 624/655/624 836/884/836
f 827/875/827 840/888/840 836/884/836
f 826/874/826 829/877/829 842/890/842
f 827/875/827 826/874/826 842/890/842
f 845/893/845 873/925/873 822/870/822
f 844/892/844 843/891/843 829/877/829
f 927/1001/927 647/684/647 646/683/646
f 849/897/849 927/1001/927 646/683/646
f 848/896/848 849/897/849 646/683/646
f 851/899/851 646/683/646 645/682/645
f 848/896/848 646/683/646 852/900/852
f 928/1002/928 855/913/855 857/905/857
f 855/903/855 928/1003/928 853/901/853
f 928/1003/928 857/907/857 859/909/859
f 928/1003/928 929/1004/929 930/1005/930
f 691/731/691 864/916/864 690/730/690
f 654/691/654 653/690/653 691/735/691
f 858/906/858 855/913/855 854/911/854
f 861/912/861 860/910/860 858/906/858
f 868/920/868 856/904/856 869/921/869
f 864/916/864 688/728/688 690/730/690
f 867/919/867 865/917/865 691/731/691
f 691/731/691 865/917/865 864/916/864
f 695/737/695 688/728/688 864/916/864
f 863/915/863 862/914/862 866/918/866
f 931/1006/931 866/918/866 869/921/869
f 869/921/869 856/904/856 860/910/860
f 845/893/845 872/924/872 873/925/873
f 932/1007/932 860/910/860 861/912/861
f 874/926/874 933/1008/933 873/925/873
f 875/927/875 874/926/874 872/924/872
f 877/929/877 934/1009/934 874/926/874
f 934/1009/934 877/929/877 935/1010/935
f 731/776/731 878/930/878 736/781/736
f 880/932/880 879/931/879 881/933/881
f 882/934/882 881/933/881 879/931/879
f 866/918/866 931/1006/931 882/934/882
f 882/934/882 884/936/884 883/935/883
f 880/932/880 734/779/734 736/781/736
f 936/1011/936 937/1012/937 938/1013/938
f 939/1014/939 937/1012/937 940/1015/940
f 939/1016/939 941/1017/941 937/1018/937
f 940/1015/940 937/1012/937 936/1011/936
f 942/1019/942 941/1017/941 939/1016/939
f 943/1020/943 944/1021/944 945/1022/945
f 946/1023/946 944/1021/944 943/1020/943
f 947/1024/947 944/1021/944 946/1023/946
f 947/1024/947 948/1025/948 944/1021/944
f 946/1023/946 949/1026/949 947/1024/947
f 950/1027/950 951/1028/951 947/1024/947
f 947/1024/947 951/1028/951 948/1025/948
f 948/1025/948 952/1029/952 944/1021/944
f 939/1016/939 953/1030/953 954/1031/954
f 939/1016/939 954/1031/954 942/1019/942
f 955/1032/955 954/1031/954 953/1030/953
f 956/1033/956 957/1034/957 958/1035/958
f 954/1031/954 955/1032/955 958/1035/958
f 959/1036/959 957/1034/957 956/1033/956
f 956/1033/956 958/1035/958 955/1032/955
f 960/1037/960 961/1038/961 954/1031/954
f 954/1031/954 949/1026/949 942/1019/942
f 954/1031/954 961/1038/961 949/1026/949
f 960/1037/960 962/1039/962 961/1038/961
f 962/1039/962 960/1037/960 963/1040/963
f 964/1041/964 950/1027/950 962/1039/962
f 964/1041/964 965/1042/965 950/1027/950
f 966/1043/966 964/1041/964 962/1039/962
f 962/1039/962 950/1027/950 961/1038/961
f 966/1043/966 962/1039/962 963/1040/963
f 967/1044/967 936/1011/936 968/1045/968
f 969/1046/969 967/1044/967 968/1045/968
f 970/1047/970 940/1015/940 971/1048/971
f 972/1049/972 970/1047/970 971/1048/971
f 973/1050/973 972/1049/972 971/1048/971
f 974/1051/974 967/1044/967 975/1052/975
f 969/1046/969 975/1052/975 967/1044/967
f 976/1053/976 977/1054/977 973/1050/973
f 977/1054/977 978/1055/978 973/1050/973
f 975/1052/975 979/1056/979 980/1057/980
f 981/1058/981 980/1057/980 982/1059/982
f 980/1057/980 981/1058/981 983/1060/983
f 974/1051/974 975/1052/975 980/1057/980
f 974/1051/974 980/1057/980 983/1060/983
f 983/1060/983 981/1058/981 976/1053/976
f 984/1061/984 977/1054/977 985/1062/985
f 977/1054/977 976/1053/976 985/1062/985
f 977/1054/977 984/1061/984 978/1055/978
f 986/1063/986 976/1053/976 981/1058/981
f 986/1063/986 985/1062/985 976/1053/976
f 953/1064/953 987/1065/987 988/1066/988
f 989/1067/989 990/1068/990 972/1049/972
f 990/1068/990 991/1069/991 987/1065/987
f 972/1049/972 990/1068/990 987/1065/987
f 990/1068/990 992/1070/992 993/1071/993
f 985/1062/985 992/1070/992 984/1061/984
f 984/1061/984 992/1070/992 978/1055/978
f 978/1055/978 992/1070/992 989/1067/989
f 992/1070/992 994/1072/994 993/1071/993
f 989/1067/989 992/1070/992 990/1068/990
f 991/1069/991 995/1073/995 988/1066/988
f 991/1069/991 996/1074/996 995/1073/995
f 996/1074/996 997/1075/997 998/1076/998
f 995/1073/995 996/1074/996 998/1076/998
f 994/1072/994 999/1077/999 993/1071/993
f 999/1077/999 997/1075/997 993/1071/993
f 993/1071/993 997/1075/997 996/1074/996
f 1000/1078/1000 995/1073/995 998/1076/998
f 999/1077/999 1001/1079/1001 997/1075/997
f 982/1059/982 1002/1080/1002 981/1058/981
f 979/1056/979 1003/1081/1003 982/1059/982
f 981/1058/981 1002/1080/1002 1004/1082/1004
f 1004/1082/1004 1005/1083/1005 981/1058/981
f 1005/1083/1005 986/1063/986 981/1058/981
f 1006/1084/1006 1002/1080/1002 1007/1085/1007
f 982/1059/982 1007/1085/1007 1002/1080/1002
f 1002/1080/1002 1008/1086/1008 1004/1082/1004
f 1008/1086/1008 1009/1087/1009 1004/1082/1004
f 1004/1082/1004 1009/1087/1009 1005/1083/1005
f 1006/1084/1006 1008/1086/1008 1002/1080/1002
f 1010/1088/1010 1011/1089/1011 1012/1090/1012
f 1012/1090/1012 1013/1091/1013 1006/1084/1006
f 1010/1088/1010 1012/1090/1012 1006/1084/1006
f 1013/1091/1013 1008/1086/1008 1006/1084/1006
f 1012/1090/1012 1014/1092/1014 1013/1091/1013
f 1013/1091/1013 1014/1092/1014 1015/1093/1015
f 1015/1093/1015 1008/1086/1008 1013/1091/1013
f 1014/1092/1014 1016/1094/1016 1015/1093/1015
f 985/1062/985 1017/1095/1017 1018/1096/1018
f 1019/1097/1019 992/1070/992 1018/1096/1018
f 1005/1083/1005 1020/1098/1020 1017/1095/1017
f 1015/1093/1015 1021/1099/1021 1022/1100/1022
f 1020/1098/1020 1015/1093/1015 1022/1100/1022
f 1018/1096/1018 1023/1101/1023 1024/1102/1024
f 1020/1098/1020 1023/1101/1023 1018/1096/1018
f 1019/1097/1019 1018/1096/1018 1024/1102/1024
f 1017/1095/1017 1020/1098/1020 1018/1096/1018
f 1025/1103/1025 1026/1104/1026 1022/1100/1022
f 1020/1098/1020 1022/1100/1022 1026/1104/1026
f 1020/1098/1020 1026/1104/1026 1023/1101/1023
f 1023/1101/1023 1025/1103/1025 1024/1102/1024
f 1026/1104/1026 1025/1103/1025 1023/1101/1023
f 1021/1099/1021 1027/1105/1027 1022/1100/1022
f 1028/1106/1028 1025/1103/1025 1027/1105/1027
f 1022/1100/1022 1027/1105/1027 1025/1103/1025
f 1028/1106/1028 1027/1105/1027 1029/1107/1029
f 1028/1106/1028 1030/1108/1030 1025/1103/1025
f 1016/1094/1016 1021/1099/1021 1015/1093/1015
f 1031/1109/1031 1032/1110/1032 994/1072/994
f 1032/1110/1032 1033/1111/1033 994/1072/994
f 1034/1112/1034 1033/1111/1033 1035/1113/1035
f 1032/1110/1032 1031/1109/1031 1036/1114/1036
f 1036/1114/1036 1037/1115/1037 1032/1110/1032
f 1037/1115/1037 1033/1111/1033 1032/1110/1032
f 1038/1116/1038 1037/1117/1037 1039/1118/1039
f 1039/1119/1039 1037/1115/1037 1036/1114/1036
f 1040/1120/1040 1041/1121/1041 1039/1118/1039
f 1041/1121/1041 1042/1122/1042 1038/1116/1038
f 1037/1117/1037 1043/1123/1043 1035/1124/1035
f 1044/1125/1044 1037/1117/1037 1038/1116/1038
f 1043/1123/1043 1037/1117/1037 1044/1125/1044
f 1038/1116/1038 1042/1122/1042 1044/1125/1044
f 1033/1111/1033 1037/1115/1037 1035/1113/1035
f 1039/1118/1039 1041/1121/1041 1038/1116/1038
f 1045/1126/1045 1046/1127/1046 1047/1128/1047
f 1046/1127/1046 1048/1129/1048 1049/1130/1049
f 1048/1129/1048 1050/1131/1050 1049/1130/1049
f 1049/1130/1049 1051/1132/1051 1047/1128/1047
f 1052/1133/1052 1053/1134/1053 1050/1131/1050
f 1046/1127/1046 1049/1130/1049 1047/1128/1047
f 1054/1135/1054 1050/1131/1050 1048/1129/1048
f 1055/1136/1055 1056/1137/1056 1057/1138/1057
f 1057/1138/1057 1058/1139/1058 1059/1140/1059
f 1060/1141/1060 1040/1142/1040 1029/1107/1029
f 1029/1107/1029 1040/1142/1040 1030/1108/1030
f 1061/1143/1061 1060/1141/1060 1029/1107/1029
f 1062/1144/1062 1063/1145/1063 1064/1146/1064
f 1065/1147/1065 1062/1148/1062 1066/1149/1066
f 1066/1149/1066 1062/1148/1062 1064/1150/1064
f 1066/1149/1066 1064/1150/1064 1040/1151/1040
f 1060/1152/1060 1066/1149/1066 1040/1151/1040
f 1067/1153/1067 1066/1149/1066 1060/1152/1060
f 1068/1154/1068 1069/1155/1069 1070/1156/1070
f 1069/1157/1069 1071/1158/1071 1062/1144/1062
f 1072/1159/1072 1063/1145/1063 1071/1158/1071
f 1063/1145/1063 1073/1160/1073 1074/1161/1074
f 1063/1145/1063 1074/1161/1074 1064/1146/1064
f 1065/1147/1065 1066/1149/1066 1067/1153/1067
f 1070/1156/1070 1062/1148/1062 1065/1147/1065
f 1070/1156/1070 1069/1155/1069 1062/1148/1062
f 1062/1144/1062 1071/1158/1071 1063/1145/1063
f 1072/1159/1072 1073/1160/1073 1063/1145/1063
f 1071/1158/1071 1075/1162/1075 1072/1159/1072
f 1076/1163/1076 1077/1164/1077 1078/1165/1078
f 1079/1166/1079 1076/1167/1076 1078/1168/1078
f 1080/1169/1080 1055/1170/1055 1081/1171/1081
f 1055/1170/1055 1080/1169/1080 1082/1172/1082
f 1080/1169/1080 1076/1163/1076 1082/1172/1082
f 1082/1173/1082 1076/1167/1076 1056/1137/1056
f 1078/1165/1078 1065/1147/1065 1067/1153/1067
f 1078/1165/1078 1077/1164/1077 1065/1147/1065
f 1083/1174/1083 1081/1171/1081 1055/1170/1055
f 1084/1175/1084 1085/1176/1085 1086/1177/1086
f 1087/1178/1087 1085/1176/1085 1088/1179/1088
f 1089/1180/1089 1085/1176/1085 1084/1175/1084
f 1090/1181/1090 1088/1179/1088 1085/1176/1085
f 1084/1175/1084 1086/1177/1086 1091/1182/1091
f 1087/1178/1087 1086/1177/1086 1085/1176/1085
f 1092/1183/1092 1093/1184/1093 1091/1185/1091
f 1091/1185/1091 959/1036/959 1094/1186/1094
f 1000/1078/1000 1095/1187/1095 1096/1188/1096
f 1000/1189/1000 1096/1190/1096 1097/1191/1097
f 1000/1189/1000 1097/1191/1097 1094/1186/1094
f 1000/1189/1000 1094/1186/1094 995/1192/995
f 1096/1190/1096 1091/1185/1091 1097/1191/1097
f 1096/1193/1096 1095/1194/1095 1098/1195/1098
f 1099/1196/1099 1096/1193/1096 1098/1195/1098
f 1094/1186/1094 1097/1191/1097 1091/1185/1091
f 1091/1185/1091 1093/1184/1093 959/1036/959
f 1100/1197/1100 1101/1198/1101 1092/1199/1092
f 1092/1183/1092 1101/1200/1101 1093/1184/1093
f 1102/1201/1102 1103/1202/1103 1101/1200/1101
f 963/1040/963 1104/1203/1104 966/1043/966
f 1101/1200/1101 1104/1203/1104 1093/1184/1093
f 1088/1179/1088 1105/1204/1105 1106/1205/1106
f 1088/1179/1088 1107/1206/1107 1105/1204/1105
f 1088/1179/1088 1106/1205/1106 1100/1197/1100
f 1106/1205/1106 1105/1204/1105 1108/1207/1108
f 1109/1208/1109 1110/1209/1110 1108/1207/1108
f 1111/1210/1111 1095/1194/1095 1001/1211/1001
f 1112/1212/1112 1001/1211/1001 1113/1213/1113
f 1001/1211/1001 1112/1212/1112 1111/1210/1111
f 1043/1123/1043 1114/1214/1114 1115/1215/1115
f 1043/1123/1043 1115/1215/1115 1112/1212/1112
f 1115/1215/1115 1116/1216/1116 1112/1212/1112
f 1116/1216/1116 1111/1210/1111 1112/1212/1112
f 1099/1196/1099 1111/1210/1111 1116/1216/1116
f 1117/1217/1117 1118/1218/1118 1116/1216/1116
f 1117/1217/1117 1116/1216/1116 1115/1215/1115
f 1113/1213/1113 1043/1123/1043 1112/1212/1112
f 1119/1219/1119 1120/1220/1120 1089/1180/1089
f 1116/1216/1116 1121/1221/1121 1119/1219/1119
f 1121/1221/1121 1116/1216/1116 1118/1218/1118
f 1121/1221/1121 1122/1222/1122 1123/1223/1123
f 1121/1221/1121 1123/1223/1123 1124/1224/1124
f 1124/1224/1124 1120/1220/1120 1121/1221/1121
f 1123/1223/1123 1125/1225/1125 1124/1224/1124
f 1122/1222/1122 1121/1221/1121 1118/1218/1118
f 1119/1219/1119 1121/1221/1121 1120/1220/1120
f 1125/1225/1125 1126/1226/1126 1124/1224/1124
f 1127/1227/1127 1128/1228/1128 1126/1226/1126
f 1129/1229/1129 1127/1227/1127 1130/1230/1130
f 1129/1229/1129 1128/1228/1128 1127/1227/1127
f 1120/1220/1120 1128/1228/1128 1090/1181/1090
f 1127/1227/1127 1126/1226/1126 1131/1231/1131
f 1126/1226/1126 1132/1232/1132 1131/1231/1131
f 1128/1228/1128 1129/1229/1129 1090/1181/1090
f 1133/1233/1133 1134/1234/1134 1135/1235/1135
f 1133/1233/1133 1136/1236/1136 1137/1237/1137
f 1133/1233/1133 1137/1237/1137 1134/1234/1134
f 1138/1238/1138 1133/1233/1133 1139/1239/1139
f 1135/1235/1135 1139/1239/1139 1133/1233/1133
f 1140/1240/1140 1139/1239/1139 1135/1235/1135
f 1133/1233/1133 1141/1241/1141 1136/1236/1136
f 1109/1208/1109 1137/1237/1137 1136/1236/1136
f 1141/1241/1141 1133/1233/1133 1138/1238/1138
f 1142/1242/1142 1114/1214/1114 1044/1125/1044
f 1142/1242/1142 1143/1243/1143 1114/1214/1114
f 1142/1242/1142 1144/1244/1144 1143/1243/1143
f 1142/1242/1142 1042/1122/1042 1145/1245/1145
f 1146/1246/1146 1144/1244/1144 1147/1247/1147
f 1144/1244/1144 1142/1242/1142 1147/1247/1147
f 1147/1247/1147 1148/1248/1148 1146/1246/1146
f 1142/1242/1142 1145/1245/1145 1149/1249/1149
f 1147/1247/1147 1142/1242/1142 1149/1249/1149
f 1144/1244/1144 1146/1246/1146 1118/1218/1118
f 1117/1217/1117 1144/1244/1144 1118/1218/1118
f 1118/1218/1118 1150/1250/1150 1122/1222/1122
f 1151/1251/1151 1122/1222/1122 1150/1250/1150
f 1118/1218/1118 1146/1246/1146 1150/1250/1150
f 1146/1246/1146 1152/1252/1152 1150/1250/1150
f 1153/1253/1153 1154/1254/1154 1151/1251/1151
f 1153/1253/1153 1151/1251/1151 1150/1250/1150
f 1152/1252/1152 1153/1253/1153 1150/1250/1150
f 1155/1255/1155 1123/1223/1123 1151/1251/1151
f 1156/1256/1156 1149/1249/1149 1073/1160/1073
f 1073/1160/1073 1149/1249/1149 1157/1257/1157
f 1156/1256/1156 1158/1258/1158 1149/1249/1149
f 1148/1248/1148 1149/1249/1149 1158/1258/1158
f 1075/1162/1075 1159/1259/1159 1160/1260/1160
f 1160/1260/1160 1159/1259/1159 1156/1256/1156
f 1073/1160/1073 1160/1260/1160 1156/1256/1156
f 1159/1259/1159 1161/1261/1161 1156/1256/1156
f 1156/1256/1156 1161/1261/1161 1162/1262/1162
f 1162/1262/1162 1163/1263/1163 1158/1258/1158
f 1158/1258/1158 1156/1256/1156 1162/1262/1162
f 1164/1264/1164 1165/1265/1165 1152/1252/1152
f 1163/1263/1163 1166/1266/1166 1165/1265/1165
f 1166/1266/1166 1167/1267/1167 1165/1265/1165
f 1167/1267/1167 1168/1268/1168 1169/1269/1169
f 1165/1265/1165 1164/1264/1164 1163/1263/1163
f 1167/1267/1167 1169/1269/1169 1165/1265/1165
f 1169/1269/1169 1168/1268/1168 1170/1270/1170
f 1171/1271/1171 1172/1272/1172 1173/1273/1173
f 1155/1255/1155 1171/1271/1171 1132/1232/1132
f 1154/1254/1154 1174/1274/1174 1175/1275/1175
f 1175/1275/1175 1171/1271/1171 1155/1255/1155
f 1154/1254/1154 1175/1275/1175 1155/1255/1155
f 1171/1271/1171 1175/1275/1175 1176/1276/1176
f 1174/1274/1174 1170/1270/1170 1175/1275/1175
f 1177/1277/1177 1176/1276/1176 1175/1275/1175
f 1178/1278/1178 1155/1255/1155 1132/1232/1132
f 1171/1271/1171 1176/1276/1176 1172/1272/1172
f 1172/1272/1172 1176/1276/1176 1179/1279/1179
f 1180/1280/1180 1179/1279/1179 1181/1281/1181
f 1177/1277/1177 1170/1270/1170 1182/1282/1182
f 1168/1268/1168 1183/1283/1183 1182/1282/1182
f 1183/1283/1183 1184/1284/1184 1185/1285/1185
f 1186/1286/1186 1185/1285/1185 1187/1287/1187
f 1180/1280/1180 1185/1285/1185 1186/1286/1186
f 1181/1281/1181 1185/1285/1185 1180/1280/1180
f 1177/1277/1177 1181/1281/1181 1176/1276/1176
f 1182/1282/1182 1181/1281/1181 1177/1277/1177
f 1183/1283/1183 1181/1281/1181 1182/1282/1182
f 1181/1281/1181 1183/1283/1183 1185/1285/1185
f 1180/1280/1180 1186/1286/1186 1179/1279/1179
f 1173/1273/1173 1172/1272/1172 1140/1240/1140
f 1188/1288/1188 1138/1238/1138 1140/1240/1140
f 1172/1272/1172 1189/1289/1189 1188/1288/1188
f 1190/1290/1190 1138/1238/1138 1188/1288/1188
f 1189/1289/1189 1191/1291/1191 1188/1288/1188
f 1192/1292/1192 1188/1288/1188 1193/1293/1193
f 1191/1291/1191 1193/1293/1193 1188/1288/1188
f 1188/1288/1188 1192/1292/1192 1190/1290/1190
f 1192/1292/1192 1194/1294/1194 1190/1290/1190
f 1172/1272/1172 1188/1288/1188 1140/1240/1140
f 1141/1241/1141 1138/1238/1138 1190/1290/1190
f 1190/1290/1190 1195/1295/1195 1141/1241/1141
f 1186/1286/1186 1187/1287/1187 1196/1296/1196
f 1193/1293/1193 1197/1297/1197 1198/1298/1198
f 1198/1298/1198 1199/1299/1199 1193/1293/1193
f 1200/1300/1200 1201/1301/1201 1196/1296/1196
f 1187/1287/1187 1200/1300/1200 1196/1296/1196
f 1186/1286/1186 1196/1296/1196 1197/1297/1197
f 1196/1296/1196 1201/1301/1201 1198/1298/1198
f 1197/1297/1197 1196/1296/1196 1198/1298/1198
f 1199/1299/1199 1202/1302/1202 1193/1293/1193
f 1198/1298/1198 1203/1303/1203 1199/1299/1199
f 1201/1301/1201 1203/1303/1203 1198/1298/1198
f 1204/1304/1204 1205/1305/1205 1206/1306/1206
f 1205/1305/1205 1207/1307/1207 1206/1306/1206
f 1207/1307/1207 1205/1305/1205 1204/1304/1204
f 1208/1308/1208 1209/1309/1209 1210/1310/1210
f 1209/1309/1209 1208/1308/1208 1211/1311/1211
f 1211/1311/1211 1212/1312/1212 1209/1309/1209
f 1212/1312/1212 1211/1311/1211 1207/1307/1207
f 1213/1313/1213 1214/1314/1214 1210/1310/1210
f 1215/1315/1215 1211/1311/1211 1208/1308/1208
f 1216/1316/1216 1217/1317/1217 1218/1318/1218
f 1214/1314/1214 1219/1319/1219 1208/1308/1208
f 1208/1308/1208 1220/1320/1220 1215/1315/1215
f 1220/1320/1220 1208/1308/1208 1219/1319/1219
f 1221/1321/1221 1222/1322/1222 1223/1323/1223
f 1224/1324/1224 1225/1325/1225 1226/1326/1226
f 1224/1324/1224 1226/1326/1226 1222/1322/1222
f 1221/1321/1221 1224/1324/1224 1222/1322/1222
f 1225/1325/1225 1227/1327/1227 1228/1328/1228
f 1224/1324/1224 1229/1329/1229 1230/1330/1230
f 1230/1330/1230 1227/1327/1227 1224/1324/1224
f 1229/1329/1229 1224/1324/1224 1221/1321/1221
f 1224/1324/1224 1227/1327/1227 1225/1325/1225
f 1231/1331/1231 1232/1332/1232 1233/1333/1233
f 1234/1334/1234 1235/1335/1235 1236/1336/1236
f 1234/1334/1234 1233/1333/1233 1235/1335/1235
f 1234/1334/1234 1231/1331/1231 1233/1333/1233
f 1237/1337/1237 1234/1334/1234 1238/1338/1238
f 1238/1338/1238 1234/1334/1234 1236/1336/1236
f 1234/1334/1234 1239/1339/1239 1231/1331/1231
f 1231/1331/1231 1239/1339/1239 1232/1332/1232
f 1238/1338/1238 1240/1340/1240 1241/1341/1241
f 1240/1340/1240 1238/1338/1238 1236/1336/1236
f 1233/1333/1233 1232/1332/1232 1230/1330/1230
f 1242/1342/1242 1243/1343/1243 1244/1344/1244
f 1245/1345/1245 1244/1344/1244 1243/1343/1243
f 1245/1345/1245 1229/1329/1229 1246/1346/1246
f 1244/1344/1244 1245/1345/1245 1246/1346/1246
f 1247/1347/1247 1243/1343/1243 1242/1342/1242
f 1243/1343/1243 1235/1335/1235 1245/1345/1245
f 1235/1335/1235 1233/1333/1233 1245/1345/1245
f 1242/1342/1242 1248/1348/1248 1247/1347/1247
f 1242/1342/1242 1244/1344/1244 1248/1348/1248
f 1249/1349/1249 1247/1347/1247 1248/1348/1248
f 1249/1349/1249 1248/1348/1248 1250/1350/1250
f 1249/1349/1249 1251/1351/1251 1247/1347/1247
f 1247/1347/1247 1252/1352/1252 1243/1343/1243
f 1253/1353/1253 1254/1354/1254 1255/1355/1255
f 1256/1356/1256 1254/1354/1254 1257/1357/1257
f 1258/1358/1258 1259/1359/1259 1260/1360/1260
f 1260/1360/1260 1261/1361/1261 1258/1358/1258
f 1255/1355/1255 1260/1360/1260 1259/1359/1259
f 1262/1362/1262 1263/1363/1263 1260/1360/1260
f 1262/1362/1262 1260/1360/1260 1256/1356/1256
f 1256/1356/1256 1264/1364/1264 1262/1362/1262
f 1256/1356/1256 1265/1365/1265 1264/1364/1264
f 1255/1355/1255 1254/1354/1254 1260/1360/1260
f 1256/1356/1256 1260/1360/1260 1254/1354/1254
f 1265/1365/1265 1257/1357/1257 1266/1366/1266
f 1267/1367/1267 1268/1368/1268 1269/1369/1269
f 1267/1367/1267 1241/1341/1241 1268/1368/1268
f 1269/1369/1269 1270/1370/1270 1266/1366/1266
f 1271/1371/1271 1269/1369/1269 1272/1372/1272
f 1266/1366/1266 1270/1370/1270 1265/1365/1265
f 1267/1367/1267 1269/1369/1269 1266/1366/1266
f 1273/1373/1273 1274/1374/1274 1275/1375/1275
f 1273/1373/1273 1276/1376/1276 1274/1374/1274
f 1275/1375/1275 1277/1377/1277 1052/1133/1052
f 1275/1375/1275 1274/1374/1274 1277/1377/1277
f 1278/1378/1278 1279/1379/1279 1277/1377/1277
f 1280/1380/1280 1277/1377/1277 1281/1381/1281
f 1274/1374/1274 1281/1381/1281 1277/1377/1277
f 1282/1382/1282 1261/1361/1261 1263/1363/1263
f 1261/1361/1261 1282/1382/1282 1283/1383/1283
f 1276/1384/1276 1273/1385/1273 1283/1383/1283
f 1282/1382/1282 1284/1386/1284 1276/1384/1276
f 1282/1382/1282 1276/1384/1276 1283/1383/1283
f 1285/1387/1285 1284/1386/1284 1286/1388/1286
f 1284/1386/1284 1282/1382/1282 1286/1388/1286
f 1287/1389/1287 1281/1381/1281 1284/1390/1284
f 1281/1381/1281 1276/1376/1276 1284/1390/1284
f 1288/1391/1288 1285/1387/1285 1289/1392/1289
f 1289/1392/1289 1290/1393/1290 1291/1394/1291
f 1290/1393/1290 1285/1387/1285 1292/1395/1292
f 1293/1396/1293 1287/1397/1287 1294/1398/1294
f 1288/1391/1288 1295/1399/1295 1287/1397/1287
f 1294/1398/1294 1295/1399/1295 1291/1394/1291
f 1288/1391/1288 1291/1394/1291 1295/1399/1295
f 1296/1400/1296 1291/1394/1291 1290/1393/1290
f 1296/1400/1296 1297/1401/1297 1291/1394/1291
f 1285/1387/1285 1290/1393/1290 1289/1392/1289
f 1291/1394/1291 1288/1391/1288 1289/1392/1289
f 1298/1402/1298 1299/1403/1299 1300/1404/1300
f 1301/1405/1301 1298/1402/1298 1300/1404/1300
f 1302/1406/1302 1059/1140/1059 1303/1407/1303
f 1303/1407/1303 1304/1408/1304 1302/1406/1302
f 1303/1407/1303 1305/1409/1305 1304/1408/1304
f 1306/1410/1306 1302/1406/1302 1304/1408/1304
f 1307/1411/1307 1083/1412/1083 1306/1410/1306
f 1308/1413/1308 1307/1411/1307 1304/1408/1304
f 1309/1414/1309 1310/1415/1310 1307/1416/1307
f 1307/1416/1307 1311/1417/1311 1309/1414/1309
f 1311/1418/1311 1312/1419/1312 1309/1420/1309
f 1307/1411/1307 1306/1410/1306 1304/1408/1304
f 1313/1421/1313 1314/1422/1314 1305/1409/1305
f 1315/1423/1315 1316/1424/1316 1309/1414/1309
f 1315/1425/1315 1309/1420/1309 1312/1419/1312
f 1304/1408/1304 1305/1409/1305 1308/1413/1308
f 1317/1426/1317 1293/1427/1293 1318/1428/1318
f 1319/1429/1319 1317/1426/1317 1318/1428/1318
f 1320/1430/1320 1317/1426/1317 1313/1421/1313
f 1321/1431/1321 1322/1432/1322 1319/1433/1319
f 1321/1431/1321 1319/1433/1319 1323/1434/1323
f 1324/1435/1324 1325/1436/1325 1321/1431/1321
f 1326/1437/1326 1327/1438/1327 1311/1418/1311
f 1326/1437/1326 1322/1432/1322 1321/1431/1321
f 1325/1436/1325 1326/1437/1326 1321/1431/1321
f 1327/1438/1327 1328/1439/1328 1329/1440/1329
f 1326/1437/1326 1311/1418/1311 1322/1432/1322
f 1330/1441/1330 1331/1442/1331 1251/1351/1251
f 1332/1443/1332 1330/1441/1330 1251/1351/1251
f 1333/1444/1333 1334/1445/1334 1335/1446/1335
f 1331/1442/1331 1335/1446/1335 1334/1445/1334
f 1335/1446/1335 1331/1442/1331 1330/1441/1330
f 1336/1447/1336 1330/1441/1330 1332/1443/1332
f 1337/1448/1337 1338/1449/1338 1339/1450/1339
f 1340/1451/1340 1341/1452/1341 1342/1453/1342
f 1110/1209/1110 1343/1454/1343 1342/1453/1342
f 1342/1453/1342 1108/1207/1108 1110/1209/1110
f 1344/1455/1344 1342/1453/1342 1343/1454/1343
f 1340/1451/1340 1344/1455/1344 1345/1456/1345
f 1344/1455/1344 1340/1451/1340 1342/1453/1342
f 1346/1457/1346 1347/1458/1347 1348/1459/1348
f 1346/1457/1346 1349/1460/1349 1347/1458/1347
f 1349/1460/1349 1346/1457/1346 1350/1461/1350
f 1351/1462/1351 1349/1460/1349 1352/1463/1352
f 1352/1463/1352 1353/1464/1353 1351/1462/1351
f 1350/1461/1350 1352/1463/1352 1349/1460/1349
f 1352/1463/1352 1354/1465/1354 1353/1464/1353
f 1355/1466/1355 1325/1436/1325 1324/1435/1324
f 1355/1466/1355 1324/1435/1324 1356/1467/1356
f 1357/1468/1357 1355/1466/1355 1356/1467/1356
f 1358/1469/1358 1325/1436/1325 1355/1466/1355
f 1358/1469/1358 1359/1470/1359 1360/1471/1360
f 1361/1472/1361 1362/1473/1362 1357/1468/1357
f 1363/1474/1363 1359/1470/1359 1362/1473/1362
f 1362/1473/1362 1358/1469/1358 1355/1466/1355
f 1328/1439/1328 1358/1469/1358 1360/1471/1360
f 1361/1472/1361 1357/1468/1357 1364/1475/1364
f 1362/1473/1362 1355/1466/1355 1357/1468/1357
f 1362/1473/1362 1365/1476/1365 1363/1474/1363
f 1366/1477/1366 1359/1470/1359 1363/1474/1363
f 1367/1478/1367 1368/1479/1368 1369/1480/1369
f 1349/1460/1349 1369/1480/1369 1368/1479/1368
f 1370/1481/1370 1371/1482/1371 1369/1480/1369
f 1371/1482/1371 1367/1478/1367 1369/1480/1369
f 1351/1462/1351 1370/1481/1370 1369/1480/1369
f 1372/1483/1372 1363/1474/1363 1373/1484/1373
f 1373/1484/1373 1363/1474/1363 1374/1485/1374
f 1375/1486/1375 1373/1484/1373 1374/1485/1374
f 1376/1487/1376 1375/1486/1375 1371/1482/1371
f 1377/1488/1377 1376/1487/1376 1378/1489/1378
f 1376/1487/1376 1377/1488/1377 1375/1486/1375
f 1379/1490/1379 1372/1483/1372 1375/1486/1375
f 1373/1484/1373 1375/1486/1375 1372/1483/1372
f 1371/1482/1371 1375/1486/1375 1374/1485/1374
f 1378/1489/1378 1371/1482/1371 1370/1481/1370
f 1363/1474/1363 1372/1483/1372 1380/1491/1380
f 1381/1492/1381 1382/1493/1382 1383/1494/1383
f 1381/1492/1381 1384/1495/1384 1382/1493/1382
f 1385/1496/1385 1386/1497/1386 1387/1498/1387
f 1388/1499/1388 1389/1500/1389 1390/1501/1390
f 1390/1501/1390 1389/1500/1389 1386/1497/1386
f 1391/1502/1391 1388/1499/1388 1390/1501/1390
f 1390/1501/1390 1195/1295/1195 1391/1502/1391
f 1388/1499/1388 1392/1503/1392 1389/1500/1389
f 1390/1501/1390 1386/1497/1386 1385/1496/1385
f 1391/1502/1391 1195/1295/1195 1194/1294/1194
f 1195/1295/1195 1390/1501/1390 1385/1496/1385
f 1393/1504/1393 1388/1499/1388 1391/1502/1391
f 1199/1299/1199 1391/1502/1391 1202/1302/1202
f 1393/1504/1393 1394/1505/1394 1395/1506/1395
f 1394/1505/1394 1393/1504/1393 1396/1507/1396
f 1394/1505/1394 1397/1508/1397 1395/1506/1395
f 1393/1504/1393 1391/1502/1391 1396/1507/1396
f 1199/1299/1199 1396/1507/1396 1391/1502/1391
f 1398/1509/1398 1394/1505/1394 1396/1507/1396
f 1398/1509/1398 1397/1508/1397 1394/1505/1394
f 1399/1510/1399 1400/1511/1400 1378/1489/1378
f 1401/1512/1401 1378/1489/1378 1400/1511/1400
f 1402/1513/1402 1377/1488/1377 1401/1512/1401
f 1384/1495/1384 1403/1514/1403 1400/1511/1400
f 1384/1495/1384 1400/1511/1400 1399/1510/1399
f 1399/1510/1399 1404/1515/1404 1384/1495/1384
f 1401/1512/1401 1400/1511/1400 1403/1514/1403
f 1381/1492/1381 1403/1514/1403 1384/1495/1384
f 1405/1516/1405 1406/1517/1406 1407/1518/1407
f 1408/1519/1408 1406/1517/1406 1405/1516/1405
f 1409/1520/1409 1408/1519/1408 1410/1521/1410
f 1405/1516/1405 1407/1518/1407 1411/1522/1411
f 1412/1523/1412 1413/1524/1413 1414/1525/1414
f 1415/1526/1415 1416/1527/1416 1414/1525/1414
f 1415/1526/1415 1414/1525/1414 1413/1524/1413
f 1414/1525/1414 1416/1527/1416 1409/1520/1409
f 1417/1528/1417 1071/1158/1071 1407/1529/1407
f 1075/1162/1075 1417/1528/1417 1418/1530/1418
f 1419/1531/1419 1418/1530/1418 1420/1532/1420
f 1419/1531/1419 1159/1259/1159 1418/1530/1418
f 1159/1259/1159 1075/1162/1075 1418/1530/1418
f 1407/1529/1407 1421/1533/1421 1417/1528/1417
f 1418/1530/1418 1417/1528/1417 1422/1534/1422
f 1421/1533/1421 1423/1535/1423 1422/1534/1422
f 1421/1533/1421 1422/1534/1422 1417/1528/1417
f 1418/1530/1418 1422/1534/1422 1424/1536/1424
f 1424/1536/1424 1420/1532/1420 1418/1530/1418
f 1425/1537/1425 1422/1534/1422 1423/1535/1423
f 1422/1534/1422 1425/1537/1425 1424/1536/1424
f 1424/1536/1424 1425/1537/1425 1426/1538/1426
f 1424/1536/1424 1426/1538/1426 1420/1532/1420
f 1427/1539/1427 1421/1533/1421 1408/1540/1408
f 1428/1541/1428 1429/1542/1429 1427/1539/1427
f 1430/1543/1430 1428/1541/1428 1415/1544/1415
f 1431/1545/1431 1423/1535/1423 1429/1542/1429
f 1428/1541/1428 1430/1543/1430 1429/1542/1429
f 1429/1542/1429 1430/1543/1430 1431/1545/1431
f 1431/1545/1431 1432/1546/1432 1433/1547/1433
f 1415/1544/1415 1434/1548/1434 1430/1543/1430
f 1435/1549/1435 1432/1546/1432 1434/1548/1434
f 1434/1548/1434 1432/1546/1432 1430/1543/1430
f 1430/1543/1430 1432/1546/1432 1431/1545/1431
f 1432/1546/1432 1436/1550/1436 1433/1547/1433
f 1437/1551/1437 1436/1550/1436 1435/1549/1435
f 1433/1547/1433 1425/1537/1425 1431/1545/1431
f 1436/1550/1436 1432/1546/1432 1435/1549/1435
f 1437/1551/1437 1438/1552/1438 1436/1550/1436
f 1439/1553/1439 1440/1554/1440 1441/1555/1441
f 1081/1171/1081 1442/1556/1442 1080/1169/1080
f 1443/1557/1443 1444/1558/1444 1442/1556/1442
f 1444/1558/1444 1441/1555/1441 1442/1556/1442
f 1441/1555/1441 1440/1554/1440 1442/1556/1442
f 1442/1556/1442 1081/1171/1081 1445/1559/1445
f 1446/1560/1446 1443/1557/1443 1445/1559/1445
f 1447/1561/1447 1446/1560/1446 1445/1559/1445
f 1447/1561/1447 1445/1559/1445 1310/1415/1310
f 1448/1562/1448 1449/1563/1449 1441/1555/1441
f 1446/1560/1446 1444/1558/1444 1443/1557/1443
f 1444/1558/1444 1448/1562/1448 1441/1555/1441
f 1450/1564/1450 1451/1565/1451 1446/1560/1446
f 1447/1561/1447 1450/1564/1450 1446/1560/1446
f 1441/1555/1441 1452/1566/1452 1439/1553/1439
f 1441/1555/1441 1449/1563/1449 1452/1566/1452
f 1453/1567/1453 1454/1568/1454 1455/1569/1455
f 1448/1562/1448 1455/1569/1455 1454/1568/1454
f 1456/1570/1456 1455/1569/1455 1448/1562/1448
f 1457/1571/1457 1458/1572/1458 1459/1573/1459
f 1460/1574/1460 1456/1570/1456 1461/1575/1461
f 1462/1576/1462 1460/1574/1460 1459/1573/1459
f 1461/1575/1461 1457/1571/1457 1459/1573/1459
f 1456/1570/1456 1448/1562/1448 1461/1575/1461
f 1459/1573/1459 1460/1574/1460 1461/1575/1461
f 1456/1570/1456 1460/1574/1460 1455/1569/1455
f 1463/1577/1463 1464/1578/1464 1465/1579/1465
f 1466/1580/1466 1467/1581/1467 1468/1582/1468
f 1469/1583/1469 1463/1577/1463 1465/1579/1465
f 1463/1577/1463 1469/1583/1469 1470/1584/1470
f 1463/1577/1463 1471/1585/1471 1472/1586/1472
f 1473/1587/1473 1472/1586/1472 1471/1585/1471
f 1471/1585/1471 1463/1577/1463 1470/1584/1470
f 1474/1588/1474 1472/1586/1472 1475/1589/1475
f 1476/1590/1476 1474/1588/1474 1475/1589/1475
f 1477/1591/1477 1474/1588/1474 1476/1590/1476
f 1478/1592/1478 1479/1593/1479 1477/1591/1477
f 1478/1592/1478 1477/1591/1477 1476/1590/1476
f 1480/1594/1480 1478/1592/1478 1476/1590/1476
f 1480/1594/1480 1481/1595/1481 1478/1592/1478
f 1480/1594/1480 1476/1590/1476 1466/1580/1466
f 1481/1595/1481 1480/1594/1480 1482/1596/1482
f 1483/1597/1483 1482/1596/1482 1480/1594/1480
f 1483/1597/1483 1462/1576/1462 1482/1596/1482
f 1484/1598/1484 1485/1599/1485 1486/1600/1486
f 1485/1599/1485 1484/1598/1484 1419/1531/1419
f 1419/1531/1419 1484/1598/1484 1161/1261/1161
f 1161/1261/1161 1484/1598/1484 1487/1601/1487
f 1486/1600/1486 1488/1602/1488 1484/1598/1484
f 1489/1603/1489 1486/1600/1486 1490/1604/1490
f 1486/1600/1486 1489/1603/1489 1491/1605/1491
f 1490/1604/1490 1486/1600/1486 1492/1606/1492
f 1486/1600/1486 1485/1599/1485 1492/1606/1492
f 1486/1600/1486 1491/1605/1491 1488/1602/1488
f 1492/1606/1492 1493/1607/1493 1490/1604/1490
f 1484/1598/1484 1488/1602/1488 1487/1601/1487
f 1494/1608/1494 1167/1267/1167 1495/1609/1495
f 1488/1602/1488 1495/1609/1495 1167/1267/1167
f 1166/1266/1166 1488/1602/1488 1167/1267/1167
f 1496/1610/1496 1495/1609/1495 1497/1611/1497
f 1495/1609/1495 1498/1612/1498 1499/1613/1499
f 1494/1608/1494 1495/1609/1495 1499/1613/1499
f 1498/1612/1498 1500/1614/1500 1499/1613/1499
f 1501/1615/1501 1499/1613/1499 1500/1614/1500
f 1501/1615/1501 1500/1614/1500 1502/1616/1502
f 1498/1612/1498 1503/1617/1503 1504/1618/1504
f 1496/1610/1496 1503/1617/1503 1498/1612/1498
f 1496/1610/1496 1498/1612/1498 1495/1609/1495
f 1494/1608/1494 1499/1613/1499 1505/1619/1505
f 1433/1547/1433 1506/1620/1506 1507/1621/1507
f 1507/1621/1507 1506/1620/1506 1493/1607/1493
f 1508/1622/1508 1509/1623/1509 1510/1624/1510
f 1506/1620/1506 1433/1547/1433 1508/1622/1508
f 1508/1622/1508 1510/1624/1510 1506/1620/1506
f 1510/1624/1510 1511/1625/1511 1506/1620/1506
f 1508/1622/1508 1512/1626/1512 1509/1623/1509
f 1506/1620/1506 1511/1625/1511 1493/1607/1493
f 1493/1607/1493 1511/1625/1511 1513/1627/1513
f 1510/1624/1510 1514/1628/1514 1511/1625/1511
f 1514/1628/1514 1515/1629/1515 1513/1627/1513
f 1511/1625/1511 1514/1628/1514 1513/1627/1513
f 1509/1623/1509 1516/1630/1516 1510/1624/1510
f 1516/1630/1516 1514/1628/1514 1510/1624/1510
f 1517/1631/1517 1516/1630/1516 1509/1623/1509
f 1509/1623/1509 1512/1626/1512 1517/1631/1517
f 1514/1628/1514 1516/1630/1516 1515/1629/1515
f 1518/1632/1518 1519/1633/1519 1515/1629/1515
f 1520/1634/1520 1521/1635/1521 1519/1633/1519
f 1519/1633/1519 1521/1635/1521 1522/1636/1522
f 1521/1635/1521 1523/1637/1523 1524/1638/1524
f 1520/1634/1520 1525/1639/1525 1526/1640/1526
f 1519/1633/1519 1518/1632/1518 1525/1639/1525
f 1520/1634/1520 1519/1633/1519 1525/1639/1525
f 1520/1634/1520 1527/1641/1527 1523/1637/1523
f 1527/1641/1527 1528/1642/1528 1523/1637/1523
f 1527/1641/1527 1520/1634/1520 1526/1640/1526
f 1529/1643/1529 1530/1644/1530 1526/1640/1526
f 1522/1636/1522 1515/1629/1515 1519/1633/1519
f 1521/1635/1521 1520/1634/1520 1523/1637/1523
f 1531/1645/1531 1183/1283/1183 1505/1619/1505
f 1531/1645/1531 1501/1615/1501 1502/1616/1502
f 1532/1646/1532 1533/1647/1533 1534/1648/1534
f 1533/1647/1533 1532/1646/1532 1184/1284/1184
f 1535/1649/1535 1534/1648/1534 1536/1650/1536
f 1536/1650/1536 1537/1651/1537 1538/1652/1538
f 1534/1648/1534 1539/1653/1539 1540/1654/1540
f 1534/1648/1534 1540/1654/1540 1532/1646/1532
f 1539/1653/1539 1541/1655/1541 1540/1654/1540
f 1539/1653/1539 1534/1648/1534 1535/1649/1535
f 1532/1646/1532 1540/1654/1540 1542/1656/1542
f 1543/1657/1543 1200/1300/1200 1542/1656/1542
f 1543/1657/1543 1544/1658/1544 1545/1659/1545
f 1542/1656/1542 1544/1658/1544 1543/1657/1543
f 1544/1658/1544 1541/1655/1541 1546/1660/1546
f 1546/1660/1546 1545/1659/1545 1544/1658/1544
f 1547/1661/1547 1548/1662/1548 1546/1660/1546
f 1549/1663/1549 1550/1664/1550 1543/1657/1543
f 1550/1664/1550 1549/1663/1549 1203/1303/1203
f 1545/1659/1545 1549/1663/1549 1543/1657/1543
f 1551/1665/1551 1552/1666/1552 1553/1667/1553
f 1546/1660/1546 1551/1665/1551 1545/1659/1545
f 1545/1659/1545 1551/1665/1551 1553/1667/1553
f 1545/1659/1545 1553/1667/1553 1549/1663/1549
f 1547/1661/1547 1554/1668/1554 1548/1662/1548
f 1548/1662/1548 1554/1668/1554 1551/1665/1551
f 1548/1662/1548 1551/1665/1551 1546/1660/1546
f 1538/1652/1538 1528/1642/1528 1555/1669/1555
f 1555/1669/1555 1556/1670/1556 1557/1671/1557
f 1528/1642/1528 1558/1672/1558 1555/1669/1555
f 1558/1672/1558 1556/1670/1556 1555/1669/1555
f 1530/1644/1530 1558/1672/1558 1528/1642/1528
f 1558/1672/1558 1559/1673/1559 1556/1670/1556
f 1530/1644/1530 1560/1674/1560 1558/1672/1558
f 1541/1655/1541 1561/1675/1561 1547/1661/1547
f 1561/1675/1561 1562/1676/1562 1563/1677/1563
f 1556/1670/1556 1561/1675/1561 1557/1671/1557
f 1554/1668/1554 1561/1675/1561 1563/1677/1563
f 1563/1677/1563 1562/1676/1562 1564/1678/1564
f 1559/1673/1559 1562/1676/1562 1556/1670/1556
f 1556/1670/1556 1562/1676/1562 1561/1675/1561
f 1565/1679/1565 1566/1680/1566 1562/1676/1562
f 1562/1676/1562 1559/1673/1559 1565/1679/1565
f 1562/1676/1562 1566/1680/1566 1564/1678/1564
f 1566/1680/1566 1567/1681/1567 1564/1678/1564
f 1566/1680/1566 1565/1679/1565 1568/1682/1568
f 1552/1666/1552 1554/1668/1554 1563/1677/1563
f 1566/1680/1566 1569/1683/1569 1567/1681/1567
f 1570/1684/1570 1571/1685/1571 1572/1686/1572
f 1570/1684/1570 1573/1687/1573 1574/1688/1574
f 1574/1688/1574 1573/1687/1573 1575/1689/1575
f 1573/1687/1573 1576/1690/1576 1575/1689/1575
f 1571/1685/1571 1570/1684/1570 1574/1688/1574
f 1574/1688/1574 1577/1691/1577 1571/1685/1571
f 1575/1689/1575 1577/1691/1577 1574/1688/1574
f 1575/1689/1575 1578/1692/1578 1579/1693/1579
f 1570/1684/1570 1580/1694/1580 1573/1687/1573
f 1576/1690/1576 1578/1692/1578 1575/1689/1575
f 1580/1694/1580 1576/1690/1576 1573/1687/1573
f 1581/1695/1581 1582/1696/1582 1583/1697/1583
f 1583/1697/1583 1584/1698/1584 1581/1695/1581
f 1584/1698/1584 1585/1699/1585 1570/1700/1570
f 1586/1701/1586 1585/1699/1585 1583/1697/1583
f 1583/1697/1583 1585/1699/1585 1584/1698/1584
f 1585/1699/1585 1586/1701/1586 1587/1702/1587
f 1586/1701/1586 1588/1703/1588 1589/1704/1589
f 1582/1696/1582 1586/1701/1586 1583/1697/1583
f 1585/1699/1585 1587/1702/1587 1580/1705/1580
f 1582/1696/1582 1590/1706/1590 1588/1703/1588
f 1586/1701/1586 1582/1696/1582 1588/1703/1588
f 1589/1704/1589 1587/1702/1587 1586/1701/1586
f 1591/1707/1591 1592/1708/1592 1593/1709/1593
f 1576/1690/1576 1580/1694/1580 1594/1710/1594
f 1594/1710/1594 1593/1709/1593 1578/1692/1578
f 1595/1711/1595 1596/1712/1596 1594/1713/1594
f 1591/1707/1591 1594/1710/1594 1596/1714/1596
f 1596/1714/1596 1597/1715/1597 1591/1707/1591
f 1591/1707/1591 1597/1715/1597 1592/1708/1592
f 1580/1705/1580 1598/1716/1598 1594/1713/1594
f 1595/1711/1595 1598/1716/1598 1599/1717/1599
f 1594/1713/1594 1598/1716/1598 1595/1711/1595
f 1597/1715/1597 1413/1524/1413 1592/1708/1592
f 1597/1718/1597 1600/1719/1600 1413/1720/1413
f 1600/1719/1600 1597/1718/1597 1601/1721/1601
f 1595/1711/1595 1602/1722/1602 1596/1712/1596
f 1596/1712/1596 1602/1722/1602 1597/1723/1597
f 1597/1718/1597 1602/1724/1602 1603/1725/1603
f 1603/1725/1603 1601/1721/1601 1597/1718/1597
f 1587/1702/1587 1598/1716/1598 1580/1705/1580
f 1598/1716/1598 1604/1726/1604 1599/1717/1599
f 1605/1727/1605 1606/1728/1606 1604/1726/1604
f 1607/1729/1607 1605/1727/1605 1604/1726/1604
f 1604/1726/1604 1598/1716/1598 1607/1729/1607
f 1608/1730/1608 1606/1728/1606 1607/1729/1607
f 1607/1729/1607 1606/1728/1606 1605/1727/1605
f 1606/1728/1606 1609/1731/1609 1610/1732/1610
f 1611/1733/1611 1612/1734/1612 1613/1735/1613
f 1590/1706/1590 1613/1735/1613 1612/1734/1612
f 1614/1736/1614 1615/1737/1615 1616/1738/1616
f 1616/1738/1616 1612/1734/1612 1614/1736/1614
f 1612/1734/1612 1616/1738/1616 1617/1739/1617
f 1618/1740/1618 1614/1736/1614 1619/1741/1619
f 1614/1736/1614 1618/1740/1618 1615/1737/1615
f 1612/1734/1612 1611/1733/1611 1614/1736/1614
f 1620/1742/1620 1621/1743/1621 1618/1740/1618
f 1620/1742/1620 1622/1744/1622 1621/1743/1621
f 1623/1745/1623 1624/1746/1624 1625/1747/1625
f 1625/1747/1625 1622/1744/1622 1623/1745/1623
f 1617/1739/1617 1616/1738/1616 1626/1748/1626
f 1617/1739/1617 1626/1748/1626 1627/1749/1627
f 1616/1738/1616 1628/1750/1628 1626/1748/1626
f 1627/1749/1627 1626/1748/1626 1609/1731/1609
f 1629/1751/1629 1630/1752/1630 1626/1748/1626
f 1626/1748/1626 1628/1750/1628 1629/1751/1629
f 1631/1753/1631 1629/1751/1629 1628/1750/1628
f 1617/1739/1617 1627/1749/1627 1608/1730/1608
f 1621/1743/1621 1628/1750/1628 1615/1737/1615
f 1622/1744/1622 1632/1754/1632 1621/1743/1621
f 1632/1754/1632 1628/1750/1628 1621/1743/1621
f 1633/1755/1633 1632/1754/1632 1625/1747/1625
f 1625/1747/1625 1632/1754/1632 1622/1744/1622
f 1632/1754/1632 1631/1753/1631 1628/1750/1628
f 1632/1754/1632 1634/1756/1634 1631/1753/1631
f 1635/1757/1635 1633/1755/1633 1636/1758/1636
f 1635/1757/1635 1634/1756/1634 1632/1754/1632
f 1634/1756/1634 1637/1759/1637 1631/1753/1631
f 1636/1758/1636 1634/1756/1634 1635/1757/1635
f 1434/1548/1434 1600/1719/1600 1601/1721/1601
f 1437/1551/1437 1601/1721/1601 1638/1760/1638
f 1639/1761/1639 1640/1762/1640 1638/1760/1638
f 1641/1763/1641 1638/1760/1638 1640/1762/1640
f 1638/1760/1638 1641/1763/1641 1437/1551/1437
f 1642/1764/1642 1640/1762/1640 1639/1761/1639
f 1640/1762/1640 1643/1765/1643 1641/1763/1641
f 1643/1765/1643 1644/1766/1644 1645/1767/1645
f 1645/1767/1645 1438/1552/1438 1643/1765/1643
f 1646/1768/1646 1645/1767/1645 1644/1766/1644
f 1512/1626/1512 1645/1767/1645 1646/1768/1646
f 1644/1766/1644 1643/1765/1643 1647/1769/1647
f 1438/1552/1438 1641/1763/1641 1643/1765/1643
f 1644/1766/1644 1647/1769/1647 1648/1770/1648
f 1644/1766/1644 1649/1771/1649 1646/1768/1646
f 1650/1772/1650 1648/1770/1648 1647/1769/1647
f 1643/1765/1643 1650/1772/1650 1647/1769/1647
f 1437/1551/1437 1641/1763/1641 1438/1552/1438
f 1644/1766/1644 1648/1770/1648 1649/1771/1649
f 1642/1773/1642 1651/1774/1651 1652/1775/1652
f 1653/1776/1653 1642/1764/1642 1654/1777/1654
f 1610/1732/1610 1652/1775/1652 1651/1774/1651
f 1642/1764/1642 1652/1778/1652 1654/1777/1654
f 1655/1779/1655 1656/1780/1656 1652/1775/1652
f 1656/1780/1656 1655/1779/1655 1657/1781/1657
f 1656/1782/1656 1654/1777/1654 1652/1778/1652
f 1656/1782/1656 1653/1776/1653 1654/1777/1654
f 1653/1776/1653 1656/1782/1656 1650/1772/1650
f 1656/1782/1656 1658/1783/1658 1650/1772/1650
f 1650/1772/1650 1658/1783/1658 1648/1770/1648
f 1656/1782/1656 1657/1784/1657 1658/1783/1658
f 1657/1784/1657 1659/1785/1659 1658/1783/1658
f 1655/1779/1655 1660/1786/1660 1657/1781/1657
f 1652/1775/1652 1610/1732/1610 1655/1779/1655
f 1661/1787/1661 1662/1788/1662 1655/1779/1655
f 1610/1732/1610 1661/1787/1661 1655/1779/1655
f 1655/1779/1655 1662/1788/1662 1660/1786/1660
f 1663/1789/1663 1664/1790/1664 1629/1751/1629
f 1661/1787/1661 1630/1752/1630 1664/1790/1664
f 1665/1791/1665 1664/1790/1664 1663/1789/1663
f 1662/1788/1662 1664/1790/1664 1665/1791/1665
f 1662/1788/1662 1665/1791/1665 1666/1792/1666
f 1666/1792/1666 1665/1791/1665 1660/1786/1660
f 1667/1793/1667 1668/1794/1668 1637/1759/1637
f 1668/1794/1668 1667/1793/1667 1669/1795/1669
f 1667/1793/1667 1637/1759/1637 1636/1758/1636
f 1670/1796/1670 1667/1793/1667 1636/1758/1636
f 1667/1793/1667 1670/1796/1670 1671/1797/1671
f 1669/1795/1669 1667/1793/1667 1671/1797/1671
f 1672/1798/1672 1673/1799/1673 1674/1800/1674
f 1671/1797/1671 1675/1801/1675 1673/1799/1673
f 1672/1798/1672 1676/1802/1676 1671/1797/1671
f 1671/1797/1671 1673/1799/1673 1672/1798/1672
f 1669/1795/1669 1676/1802/1676 1677/1803/1677
f 1676/1802/1676 1678/1804/1678 1677/1803/1677
f 1669/1795/1669 1671/1797/1671 1676/1802/1676
f 1679/1805/1679 1680/1806/1680 1649/1771/1649
f 1680/1806/1680 1517/1631/1517 1646/1768/1646
f 1517/1631/1517 1680/1806/1680 1525/1639/1525
f 1680/1806/1680 1681/1807/1681 1525/1639/1525
f 1681/1807/1681 1682/1808/1682 1526/1640/1526
f 1525/1639/1525 1681/1807/1681 1526/1640/1526
f 1681/1807/1681 1679/1805/1679 1683/1809/1683
f 1679/1805/1679 1681/1807/1681 1680/1806/1680
f 1683/1809/1683 1684/1810/1684 1682/1808/1682
f 1682/1808/1682 1681/1807/1681 1683/1809/1683
f 1685/1811/1685 1686/1812/1686 1560/1674/1560
f 1685/1811/1685 1560/1674/1560 1530/1644/1530
f 1687/1813/1687 1685/1811/1685 1530/1644/1530
f 1687/1813/1687 1688/1814/1688 1685/1811/1685
f 1684/1810/1684 1688/1814/1688 1687/1813/1687
f 1689/1815/1689 1690/1816/1690 1683/1809/1683
f 1689/1815/1689 1659/1785/1659 1691/1817/1691
f 1690/1816/1690 1689/1815/1689 1691/1817/1691
f 1691/1817/1691 1692/1818/1692 1690/1816/1690
f 1688/1814/1688 1690/1816/1690 1692/1818/1692
f 1659/1785/1659 1693/1819/1693 1691/1817/1691
f 1691/1817/1691 1694/1820/1694 1692/1818/1692
f 1694/1820/1694 1691/1817/1691 1693/1819/1693
f 1686/1812/1686 1695/1821/1695 1568/1682/1568
f 1695/1821/1695 1696/1822/1696 1568/1682/1568
f 1697/1823/1697 1695/1821/1695 1698/1824/1698
f 1699/1825/1699 1697/1823/1697 1698/1824/1698
f 1696/1822/1696 1700/1826/1700 1701/1827/1701
f 1700/1826/1700 1696/1822/1696 1695/1821/1695
f 1697/1823/1697 1700/1826/1700 1695/1821/1695
f 1702/1828/1702 1700/1826/1700 1697/1823/1697
f 1699/1825/1699 1702/1828/1702 1697/1823/1697
f 1696/1822/1696 1701/1827/1701 1703/1829/1703
f 1698/1824/1698 1695/1821/1695 1686/1812/1686
f 1700/1826/1700 1702/1828/1702 1701/1827/1701
f 1688/1814/1688 1704/1830/1704 1699/1825/1699
f 1702/1828/1702 1699/1825/1699 1704/1830/1704
f 1704/1830/1704 1705/1831/1705 1702/1828/1702
f 1692/1818/1692 1706/1832/1706 1704/1830/1704
f 1674/1800/1674 1707/1833/1707 1706/1834/1706
f 1705/1831/1705 1707/1835/1707 1708/1836/1708
f 1705/1831/1705 1706/1832/1706 1707/1835/1707
f 1709/1837/1709 1672/1798/1672 1694/1838/1694
f 1694/1838/1694 1672/1798/1672 1706/1834/1706
f 1692/1818/1692 1694/1820/1694 1706/1832/1706
f 1706/1834/1706 1672/1798/1672 1674/1800/1674
f 1704/1830/1704 1706/1832/1706 1705/1831/1705
f 1310/1415/1310 1316/1424/1316 1710/1839/1710
f 1711/1840/1711 1450/1564/1450 1712/1841/1712
f 1710/1842/1710 1713/1843/1713 1714/1844/1714
f 1715/1845/1715 1716/1846/1716 1717/1847/1717
f 1716/1846/1716 1711/1840/1711 1717/1847/1717
f 1715/1845/1715 1718/1848/1718 1719/1849/1719
f 1717/1847/1717 1718/1848/1718 1715/1845/1715
f 1710/1839/1710 1718/1848/1718 1717/1847/1717
f 1720/1850/1720 1450/1564/1450 1711/1840/1711
f 1719/1849/1719 1721/1851/1721 1716/1846/1716
f 1719/1849/1719 1716/1846/1716 1715/1845/1715
f 1721/1851/1721 1711/1840/1711 1716/1846/1716
f 1718/1852/1718 1710/1842/1710 1714/1844/1714
f 1722/1853/1722 1723/1854/1723 1724/1855/1724
f 1722/1853/1722 1714/1844/1714 1723/1854/1723
f 1725/1856/1725 1726/1857/1726 1727/1858/1727
f 1726/1857/1726 1724/1855/1724 1727/1858/1727
f 1726/1857/1726 1725/1856/1725 1360/1471/1360
f 1724/1855/1724 1728/1859/1728 1722/1853/1722
f 1722/1853/1722 1729/1860/1729 1730/1861/1730
f 1729/1860/1729 1722/1853/1722 1728/1859/1728
f 1720/1850/1720 1731/1862/1731 1732/1863/1732
f 1732/1863/1732 1733/1864/1733 1720/1850/1720
f 1458/1572/1458 1720/1850/1720 1733/1864/1733
f 1732/1863/1732 1734/1865/1734 1733/1864/1733
f 1735/1866/1735 1736/1867/1736 1737/1868/1737
f 1738/1869/1738 1732/1863/1732 1731/1862/1731
f 1731/1862/1731 1739/1870/1739 1738/1869/1738
f 1734/1865/1734 1732/1863/1732 1740/1871/1740
f 1740/1871/1740 1732/1863/1732 1738/1869/1738
f 1737/1868/1737 1736/1867/1736 1462/1576/1462
f 1736/1867/1736 1734/1865/1734 1740/1871/1740
f 1741/1872/1741 1740/1871/1740 1738/1869/1738
f 1734/1865/1734 1736/1867/1736 1735/1866/1735
f 1742/1873/1742 1743/1874/1743 1744/1875/1744
f 1742/1873/1742 1744/1875/1744 1745/1876/1745
f 1746/1877/1746 1744/1875/1744 1743/1874/1743
f 1747/1878/1747 1748/1879/1748 1743/1880/1743
f 1739/1870/1739 1745/1876/1745 1738/1869/1738
f 1749/1881/1749 1750/1882/1750 1751/1883/1751
f 1749/1881/1749 1752/1884/1752 1478/1592/1478
f 1753/1885/1753 1752/1884/1752 1749/1881/1749
f 1753/1885/1753 1754/1886/1754 1752/1884/1752
f 1755/1887/1755 1754/1886/1754 1756/1888/1756
f 1757/1889/1757 1758/1890/1758 1756/1888/1756
f 1756/1888/1756 1754/1886/1754 1757/1889/1757
f 1757/1889/1757 1754/1886/1754 1753/1885/1753
f 1757/1889/1757 1751/1883/1751 1759/1891/1759
f 1760/1892/1760 1757/1889/1757 1759/1891/1759
f 1757/1889/1757 1761/1893/1761 1758/1890/1758
f 1761/1893/1761 1757/1889/1757 1760/1892/1760
f 1761/1893/1761 1760/1892/1760 1736/1867/1736
f 1749/1881/1749 1751/1883/1751 1753/1885/1753
f 1751/1883/1751 1757/1889/1757 1753/1885/1753
f 1762/1894/1762 1763/1895/1763 1756/1888/1756
f 1756/1888/1756 1763/1895/1763 1755/1887/1755
f 1764/1896/1764 1765/1897/1765 1766/1898/1766
f 1764/1896/1764 1767/1899/1767 1765/1897/1765
f 1768/1900/1768 1766/1898/1766 1769/1901/1769
f 1770/1902/1770 1765/1897/1765 1762/1894/1762
f 1771/1903/1771 1762/1894/1762 1758/1890/1758
f 1758/1890/1758 1762/1894/1762 1756/1888/1756
f 1764/1896/1764 1766/1898/1766 1768/1900/1768
f 1763/1895/1763 1762/1894/1762 1767/1899/1767
f 1762/1894/1762 1765/1897/1765 1767/1899/1767
f 1772/1904/1772 1773/1905/1773 1758/1890/1758
f 1774/1906/1774 1758/1890/1758 1773/1905/1773
f 1775/1907/1775 1774/1906/1774 1773/1905/1773
f 1776/1908/1776 1773/1905/1773 1772/1904/1772
f 1777/1909/1777 1773/1905/1773 1778/1910/1778
f 1778/1910/1778 1773/1905/1773 1776/1908/1776
f 1744/1875/1744 1778/1910/1778 1776/1908/1776
f 1744/1875/1744 1746/1877/1746 1778/1910/1778
f 1779/1911/1779 1777/1909/1777 1780/1912/1780
f 1777/1909/1777 1778/1910/1778 1781/1913/1781
f 1775/1907/1775 1779/1911/1779 1782/1914/1782
f 1777/1909/1777 1779/1911/1779 1775/1907/1775
f 1774/1906/1774 1782/1914/1782 1783/1915/1783
f 1775/1907/1775 1773/1905/1773 1777/1909/1777
f 1774/1906/1774 1775/1907/1775 1782/1914/1782
f 1784/1916/1784 1780/1912/1780 1785/1917/1785
f 1360/1471/1360 1366/1477/1366 1728/1859/1728
f 1366/1477/1366 1786/1918/1786 1787/1919/1787
f 1787/1919/1787 1728/1859/1728 1366/1477/1366
f 1786/1918/1786 1788/1920/1788 1787/1919/1787
f 1789/1921/1789 1729/1860/1729 1787/1919/1787
f 1788/1920/1788 1790/1922/1790 1787/1919/1787
f 1787/1919/1787 1790/1922/1790 1789/1921/1789
f 1791/1923/1791 1790/1922/1790 1788/1920/1788
f 1792/1924/1792 1793/1925/1793 1380/1491/1380
f 1793/1925/1793 1794/1926/1794 1795/1927/1795
f 1796/1928/1796 1795/1927/1795 1794/1926/1794
f 1793/1925/1793 1797/1929/1797 1794/1926/1794
f 1797/1929/1797 1793/1925/1793 1792/1924/1792
f 1798/1930/1798 1799/1931/1799 1800/1932/1800
f 1801/1933/1801 1791/1923/1791 1800/1932/1800
f 1799/1931/1799 1798/1930/1798 1795/1927/1795
f 1802/1934/1802 1799/1931/1799 1803/1935/1803
f 1799/1931/1799 1795/1927/1795 1804/1936/1804
f 1796/1928/1796 1804/1936/1804 1795/1927/1795
f 1805/1937/1805 1800/1932/1800 1802/1934/1802
f 1806/1938/1806 1805/1937/1805 1807/1939/1807
f 1808/1940/1808 1807/1939/1807 1805/1937/1805
f 1805/1937/1805 1802/1934/1802 1808/1940/1808
f 1800/1932/1800 1799/1931/1799 1802/1934/1802
f 1804/1936/1804 1796/1928/1796 1794/1926/1794
f 1804/1936/1804 1794/1926/1794 1797/1929/1797
f 1809/1941/1809 1810/1942/1810 1811/1943/1811
f 1806/1938/1806 1812/1944/1812 1813/1945/1813
f 1812/1944/1812 1807/1939/1807 1808/1940/1808
f 1814/1946/1814 1397/1508/1397 1398/1509/1398
f 1815/1947/1815 1814/1946/1814 1553/1667/1553
f 1816/1948/1816 1817/1949/1817 1818/1950/1818
f 1819/1951/1819 1820/1952/1820 1821/1953/1821
f 1819/1951/1819 1822/1954/1822 1823/1955/1823
f 1824/1956/1824 1819/1951/1819 1823/1955/1823
f 1821/1953/1821 1825/1957/1825 1819/1951/1819
f 1825/1957/1825 1821/1953/1821 1822/1954/1822
f 1826/1958/1826 1827/1959/1827 1823/1955/1823
f 1826/1958/1826 1823/1955/1823 1822/1954/1822
f 1824/1956/1824 1827/1959/1827 1828/1960/1828
f 1826/1958/1826 1828/1960/1828 1827/1959/1827
f 1827/1959/1827 1824/1956/1824 1823/1955/1823
f 1821/1953/1821 1826/1958/1826 1822/1954/1822
f 1829/1961/1829 1830/1962/1830 1831/1963/1831
f 1830/1962/1830 1829/1961/1829 1832/1964/1832
f 1833/1965/1833 1829/1961/1829 1831/1963/1831
f 1831/1963/1831 1834/1966/1834 1835/1967/1835
f 1836/1968/1836 1831/1963/1831 1837/1969/1837
f 1835/1967/1835 1837/1969/1837 1831/1963/1831
f 1838/1970/1838 1833/1965/1833 1836/1968/1836
f 1836/1968/1836 1833/1965/1833 1831/1963/1831
f 1838/1970/1838 1836/1968/1836 1837/1969/1837
f 1839/1971/1839 1833/1972/1833 1840/1973/1840
f 1833/1965/1833 1838/1970/1838 1840/1974/1840
f 1841/1975/1841 1842/1976/1842 1843/1977/1843
f 1842/1976/1842 1844/1978/1844 1843/1977/1843
f 1839/1971/1839 1843/1977/1843 1844/1978/1844
f 1845/1979/1845 1839/1971/1839 1844/1978/1844
f 1846/1980/1846 1841/1975/1841 1847/1981/1847
f 1625/1747/1625 1848/1982/1848 1849/1983/1849
f 1848/1982/1848 1850/1984/1850 1851/1985/1851
f 1851/1985/1851 1852/1986/1852 1848/1982/1848
f 1848/1982/1848 1852/1986/1852 1853/1987/1853
f 1848/1982/1848 1625/1747/1625 1624/1746/1624
f 1849/1983/1849 1854/1988/1854 1633/1755/1633
f 1636/1758/1636 1633/1755/1633 1854/1988/1854
f 1636/1758/1636 1854/1988/1854 1855/1989/1855
f 1855/1989/1855 1856/1990/1856 1857/1991/1857
f 1855/1989/1855 1858/1992/1858 1856/1990/1856
f 1856/1990/1856 1859/1993/1859 1857/1991/1857
f 1860/1994/1860 1828/1960/1828 1861/1995/1861
f 1862/1996/1862 1863/1997/1863 1864/1998/1864
f 1864/1999/1864 1863/2000/1863 1865/2001/1865
f 1865/2001/1865 1866/2002/1866 1864/1999/1864
f 1867/2003/1867 1868/2004/1868 1869/2005/1869
f 1868/2004/1868 1870/2006/1870 1871/2007/1871
f 1871/2007/1871 1869/2005/1869 1868/2004/1868
f 1871/2007/1871 1870/2006/1870 1866/2008/1866
f 1872/2009/1872 1869/2005/1869 1871/2007/1871
f 1870/2006/1870 1868/2004/1868 1867/2003/1867
f 1873/2010/1873 1867/2003/1867 1872/2009/1872
f 1872/2009/1872 1867/2003/1867 1869/2005/1869
f 1863/2000/1863 1835/1967/1835 1865/2001/1865
f 1874/2011/1874 1875/2012/1875 1873/2010/1873
f 1857/1991/1857 1876/2013/1876 1670/1796/1670
f 1703/1829/1703 1877/2014/1877 1878/2015/1878
f 1703/1829/1703 1879/2016/1879 1877/2014/1877
f 1880/2017/1880 1881/2018/1881 1882/2019/1882
f 1882/2019/1882 1881/2018/1881 1883/2020/1883
f 1883/2020/1883 1881/2018/1881 1874/2011/1874
f 1884/2021/1884 1882/2019/1882 1885/2022/1885
f 1708/1836/1708 1886/2023/1886 1705/1831/1705
f 1886/2023/1886 1882/2019/1882 1884/2021/1884
f 1879/2016/1879 1705/1831/1705 1886/2023/1886
f 1887/2024/1887 1886/2025/1886 1708/2026/1708
f 941/1017/941 942/1019/942 946/1023/946
f 941/1017/941 943/1020/943 945/1022/945
f 946/1023/946 943/1020/943 941/1017/941
f 953/1064/953 939/1014/939 940/1015/940
f 947/1024/947 949/1026/949 950/1027/950
f 956/1033/956 1094/1186/1094 959/1036/959
f 957/1034/957 963/1040/963 958/1035/958
f 946/1023/946 942/1019/942 949/1026/949
f 950/1027/950 949/1026/949 961/1038/961
f 954/1031/954 958/1035/958 960/1037/960
f 958/1035/958 963/1040/963 960/1037/960
f 936/1011/936 938/1013/938 968/1045/968
f 974/1051/974 971/1048/971 967/1044/967
f 971/1048/971 936/1011/936 967/1044/967
f 940/1015/940 936/1011/936 971/1048/971
f 971/1048/971 974/1051/974 973/1050/973
f 973/1050/973 978/1055/978 972/1049/972
f 974/1051/974 976/1053/976 973/1050/973
f 975/1052/975 1003/1081/1003 979/1056/979
f 982/1059/982 980/1057/980 979/1056/979
f 974/1051/974 983/1060/983 976/1053/976
f 972/1049/972 987/1065/987 970/1047/970
f 989/1067/989 972/1049/972 978/1055/978
f 970/1047/970 987/1065/987 940/1015/940
f 987/1065/987 991/1069/991 988/1066/988
f 988/2027/988 955/1032/955 953/1030/953
f 991/1069/991 990/1068/990 993/1071/993
f 940/1015/940 987/1065/987 953/1064/953
f 988/2027/988 995/1192/995 956/1033/956
f 988/2027/988 956/1033/956 955/1032/955
f 993/1071/993 996/1074/996 991/1069/991
f 994/1072/994 1034/1112/1034 999/1077/999
f 999/1077/999 1034/1112/1034 1035/1113/1035
f 1094/1186/1094 956/1033/956 995/1192/995
f 1095/1187/1095 998/1076/998 997/1075/997
f 999/1077/999 1035/1113/1035 1001/1079/1001
f 997/1075/997 1001/1079/1001 1095/1187/1095
f 1014/1092/1014 1012/1090/1012 1045/1126/1045
f 1012/1090/1012 1011/1089/1011 1045/1126/1045
f 1014/1092/1014 1045/1126/1045 1047/1128/1047
f 1006/1084/1006 1007/1085/1007 1010/1088/1010
f 986/1063/986 1005/1083/1005 985/1062/985
f 1005/1083/1005 1017/1095/1017 985/1062/985
f 992/1070/992 985/1062/985 1018/1096/1018
f 1019/1097/1019 994/1072/994 992/1070/992
f 1009/1087/1009 1020/1098/1020 1005/1083/1005
f 1015/1093/1015 1009/1087/1009 1008/1086/1008
f 1019/1097/1019 1024/1102/1024 1036/1114/1036
f 1019/1097/1019 1036/1114/1036 1031/1109/1031
f 1036/1114/1036 1024/1102/1024 1025/1103/1025
f 1028/1106/1028 1029/1107/1029 1030/1108/1030
f 1009/1087/1009 1015/1093/1015 1020/1098/1020
f 994/1072/994 1019/1097/1019 1031/1109/1031
f 994/1072/994 1033/1111/1033 1034/1112/1034
f 1025/1103/1025 1030/1108/1030 1039/1119/1039
f 1025/1103/1025 1039/1119/1039 1036/1114/1036
f 1030/1108/1030 1040/1142/1040 1039/1119/1039
f 1035/1124/1035 1043/1123/1043 1001/1211/1001
f 1043/1123/1043 1044/1125/1044 1114/1214/1114
f 1074/1161/1074 1042/1122/1042 1041/1121/1041
f 1051/1132/1051 1014/1092/1014 1047/1128/1047
f 1050/1131/1050 1053/1134/1053 1049/1130/1049
f 1052/1133/1052 1050/1131/1050 1054/1135/1054
f 1052/1133/1052 1279/1379/1279 1053/1134/1053
f 1014/1092/1014 1051/1132/1051 1016/1094/1016
f 1055/1136/1055 1057/1138/1057 1059/1140/1059
f 1059/1140/1059 1302/1406/1302 1055/1136/1055
f 1027/1105/1027 1061/1143/1061 1029/1107/1029
f 1040/1120/1040 1064/1146/1064 1074/1161/1074
f 1074/1161/1074 1041/1121/1041 1040/1120/1040
f 1078/1165/1078 1067/1153/1067 1060/1152/1060
f 1074/1161/1074 1073/1160/1073 1157/1257/1157
f 1160/1260/1160 1072/1159/1072 1075/1162/1075
f 1073/1160/1073 1072/1159/1072 1160/1260/1160
f 1080/1169/1080 1440/1554/1440 1076/1163/1076
f 1076/1163/1076 1440/1554/1440 1077/1164/1077
f 1077/1164/1077 1070/1156/1070 1065/1147/1065
f 1082/1173/1082 1056/1137/1056 1055/1136/1055
f 1077/1164/1077 1068/1154/1068 1070/1156/1070
f 1083/1412/1083 1055/1136/1055 1306/1410/1306
f 1087/1178/1087 1092/1199/1092 1086/1177/1086
f 1090/1181/1090 1107/1206/1107 1088/1179/1088
f 1084/1175/1084 1096/1193/1096 1099/1196/1099
f 1099/1196/1099 1089/1180/1089 1084/1175/1084
f 1091/1182/1091 1086/1177/1086 1092/1199/1092
f 1096/1193/1096 1084/1175/1084 1091/1182/1091
f 998/1076/998 1095/1187/1095 1000/1078/1000
f 1100/1197/1100 1092/1199/1092 1087/1178/1087
f 1101/1198/1101 1100/1197/1100 1888/2028/1888
f 1888/2029/1888 1102/1201/1102 1101/1200/1101
f 957/1034/957 959/1036/959 1104/1203/1104
f 963/1040/963 957/1034/957 1104/1203/1104
f 959/1036/959 1093/1184/1093 1104/1203/1104
f 1088/1179/1088 1100/1197/1100 1087/1178/1087
f 1107/1206/1107 1108/1207/1108 1105/1204/1105
f 1109/1208/1109 1108/1207/1108 1107/1206/1107
f 1106/1205/1106 1888/2028/1888 1100/1197/1100
f 1095/1194/1095 1111/1210/1111 1098/1195/1098
f 1111/1210/1111 1099/1196/1099 1098/1195/1098
f 1001/1211/1001 1043/1123/1043 1113/1213/1113
f 1119/1219/1119 1099/1196/1099 1116/1216/1116
f 1114/1214/1114 1143/1243/1143 1115/1215/1115
f 1117/1217/1117 1115/1215/1115 1143/1243/1143
f 1099/1196/1099 1119/1219/1119 1089/1180/1089
f 1089/1180/1089 1120/1220/1120 1090/1181/1090
f 1124/1224/1124 1126/1226/1126 1128/1228/1128
f 1085/1176/1085 1089/1180/1089 1090/1181/1090
f 1124/1224/1124 1128/1228/1128 1120/1220/1120
f 1127/1227/1127 1131/1231/1131 1130/1230/1130
f 1129/1229/1129 1107/1206/1107 1090/1181/1090
f 1134/1234/1134 1130/1230/1130 1135/1235/1135
f 1173/1273/1173 1131/1231/1131 1132/1232/1132
f 1178/1278/1178 1132/1232/1132 1126/1226/1126
f 1131/1231/1131 1173/1273/1173 1135/1235/1135
f 1130/1230/1130 1131/1231/1131 1135/1235/1135
f 1129/1229/1129 1130/1230/1130 1134/1234/1134
f 1129/1229/1129 1134/1234/1134 1137/1237/1137
f 1107/1206/1107 1137/1237/1137 1109/1208/1109
f 1139/1239/1139 1140/1240/1140 1138/1238/1138
f 1136/1236/1136 1110/1209/1110 1109/1208/1109
f 1141/1241/1141 1385/1496/1385 1387/1498/1387
f 1107/1206/1107 1129/1229/1129 1137/1237/1137
f 1142/1242/1142 1044/1125/1044 1042/1122/1042
f 1042/1122/1042 1157/1257/1157 1145/1245/1145
f 1157/1257/1157 1149/1249/1149 1145/1245/1145
f 1149/1249/1149 1148/1248/1148 1147/1247/1147
f 1157/1257/1157 1042/1122/1042 1074/1161/1074
f 1148/1248/1148 1152/1252/1152 1146/1246/1146
f 1144/1244/1144 1117/1217/1117 1143/1243/1143
f 1122/1222/1122 1151/1251/1151 1123/1223/1123
f 1153/1253/1153 1174/1274/1174 1154/1254/1154
f 1155/1255/1155 1151/1251/1151 1154/1254/1154
f 1148/1248/1148 1164/1264/1164 1152/1252/1152
f 1158/1258/1158 1163/1263/1163 1164/1264/1164
f 1161/1261/1161 1487/1601/1487 1162/1262/1162
f 1162/1262/1162 1487/1601/1487 1163/1263/1163
f 1158/1258/1158 1164/1264/1164 1148/1248/1148
f 1165/1265/1165 1169/1269/1169 1152/1252/1152
f 1153/1253/1153 1152/1252/1152 1169/1269/1169
f 1153/1253/1153 1169/1269/1169 1174/1274/1174
f 1174/1274/1174 1169/1269/1169 1170/1270/1170
f 1170/1270/1170 1168/1268/1168 1182/1282/1182
f 1168/1268/1168 1167/1267/1167 1494/1608/1494
f 1178/1278/1178 1125/1225/1125 1155/1255/1155
f 1171/1271/1171 1173/1273/1173 1132/1232/1132
f 1177/1277/1177 1175/1275/1175 1170/1270/1170
f 1178/1278/1178 1126/1226/1126 1125/1225/1125
f 1123/1223/1123 1155/1255/1155 1125/1225/1125
f 1176/1276/1176 1181/1281/1181 1179/1279/1179
f 1183/1283/1183 1168/1268/1168 1505/1619/1505
f 1184/1284/1184 1532/1646/1532 1185/1285/1185
f 1187/1287/1187 1185/1285/1185 1532/1646/1532
f 1135/1235/1135 1173/1273/1173 1140/1240/1140
f 1172/1272/1172 1179/1279/1179 1189/1289/1189
f 1197/1297/1197 1193/1293/1193 1191/1291/1191
f 1190/1290/1190 1194/1294/1194 1195/1295/1195
f 1197/1297/1197 1179/1279/1179 1186/1286/1186
f 1189/1289/1189 1179/1279/1179 1197/1297/1197
f 1197/1297/1197 1191/1291/1191 1189/1289/1189
f 1193/1293/1193 1202/1302/1202 1192/1292/1192
f 1201/1301/1201 1200/1300/1200 1550/1664/1550
f 1550/1664/1550 1203/1303/1203 1201/1301/1201
f 952/1029/952 951/1028/951 1889/2030/1889
f 1213/1313/1213 1210/1310/1210 1209/1309/1209
f 1210/1310/1210 1214/1314/1214 1208/1308/1208
f 1213/1313/1213 1209/1309/1209 1212/1312/1212
f 1890/2031/1890 1213/1313/1213 1212/1312/1212
f 1890/2031/1890 1222/1322/1222 1213/1313/1213
f 1223/1323/1223 1222/1322/1222 1890/2031/1890
f 951/1028/951 952/1029/952 948/1025/948
f 1219/1319/1219 1214/1314/1214 1213/1313/1213
f 1891/2032/1891 1220/1320/1220 1892/2033/1892
f 1225/1325/1225 1228/1328/1228 1226/1326/1226
f 1893/2034/1893 1232/1332/1232 1239/1339/1239
f 1894/2035/1894 1254/1354/1254 1895/2036/1895
f 1896/2037/1896 1237/1337/1237 1897/2038/1897
f 1226/1326/1226 1213/1313/1213 1222/1322/1222
f 1243/1343/1243 1236/1336/1236 1235/1335/1235
f 1897/2038/1897 1237/1337/1237 1241/1341/1241
f 1236/1336/1236 1272/1372/1272 1240/1340/1240
f 1230/1330/1230 1228/1328/1228 1227/1327/1227
f 1241/1341/1241 1237/1337/1237 1238/1338/1238
f 1229/1329/1229 1221/1321/1221 1246/1346/1246
f 1233/1333/1233 1229/1329/1229 1245/1345/1245
f 1233/1333/1233 1230/1330/1230 1229/1329/1229
f 1248/1348/1248 1244/1344/1244 1246/1346/1246
f 1247/1347/1247 1331/1442/1331 1898/2039/1898
f 1899/2040/1899 1272/1372/1272 1252/1352/1252
f 1252/1352/1252 1236/1336/1236 1243/1343/1243
f 1331/1442/1331 1247/1347/1247 1251/1351/1251
f 1252/1352/1252 1272/1372/1272 1236/1336/1236
f 1254/1354/1254 1253/1353/1253 1895/2036/1895
f 1257/1357/1257 1254/1354/1254 1894/2035/1894
f 1257/1357/1257 1265/1365/1265 1256/1356/1256
f 1260/1360/1260 1263/1363/1263 1261/1361/1261
f 1262/1362/1262 1282/1382/1282 1263/1363/1263
f 1264/1364/1264 1286/1388/1286 1262/1362/1262
f 1265/1365/1265 1270/1370/1270 1264/1364/1264
f 1241/1341/1241 1900/2041/1900 1897/2038/1897
f 1257/1357/1257 1267/1367/1267 1266/1366/1266
f 1257/1357/1257 1900/2041/1900 1267/1367/1267
f 1269/1369/1269 1268/1368/1268 1272/1372/1272
f 1272/1372/1272 1268/1368/1268 1240/1340/1240
f 1240/1340/1240 1268/1368/1268 1241/1341/1241
f 1267/1367/1267 1900/2041/1900 1241/1341/1241
f 1275/1375/1275 1052/1133/1052 1054/1135/1054
f 1279/1379/1279 1052/1133/1052 1277/1377/1277
f 1280/1380/1280 1320/1430/1320 1278/1378/1278
f 1280/1380/1280 1278/1378/1278 1277/1377/1277
f 1279/1379/1279 1303/1407/1303 1058/1139/1058
f 1053/1134/1053 1279/1379/1279 1058/1139/1058
f 1303/1407/1303 1059/1140/1059 1058/1139/1058
f 1278/1378/1278 1303/1407/1303 1279/1379/1279
f 1282/1382/1282 1262/1362/1262 1286/1388/1286
f 1285/1387/1285 1286/1388/1286 1264/1364/1264
f 1287/1397/1287 1284/1386/1284 1285/1387/1285
f 1274/1374/1274 1276/1376/1276 1281/1381/1281
f 1280/1380/1280 1281/1381/1281 1320/1430/1320
f 1320/1430/1320 1281/1381/1281 1287/1389/1287
f 1290/1393/1290 1299/1403/1299 1296/1400/1296
f 1290/1393/1290 1292/1395/1292 1299/1403/1299
f 1285/1387/1285 1288/1391/1288 1287/1397/1287
f 1295/1399/1295 1294/1398/1294 1287/1397/1287
f 1297/1401/1297 1294/1398/1294 1291/1394/1291
f 1297/1401/1297 1296/1400/1296 1293/1396/1293
f 1296/2042/1296 1323/1434/1323 1293/2043/1293
f 1320/1430/1320 1287/1389/1287 1293/1427/1293
f 1293/1396/1293 1294/1398/1294 1297/1401/1297
f 1323/1434/1323 1296/2042/1296 1298/2044/1298
f 1298/1402/1298 1296/1400/1296 1299/1403/1299
f 1333/1444/1333 1901/2045/1901 1898/2039/1898
f 1278/1378/1278 1305/1409/1305 1303/1407/1303
f 1313/1421/1313 1305/1409/1305 1320/1430/1320
f 1302/1406/1302 1306/1410/1306 1055/1136/1055
f 1308/1413/1308 1311/2046/1311 1307/1411/1307
f 1308/1413/1308 1314/1422/1314 1311/2046/1311
f 1308/1413/1308 1305/1409/1305 1314/1422/1314
f 1310/1415/1310 1083/1174/1083 1307/1416/1307
f 1713/1843/1713 1316/2047/1316 1315/1425/1315
f 1310/1415/1310 1309/1414/1309 1316/1424/1316
f 1714/1844/1714 1713/1843/1713 1329/1440/1329
f 1329/1440/1329 1713/1843/1713 1312/1419/1312
f 1305/1409/1305 1278/1378/1278 1320/1430/1320
f 1713/1843/1713 1315/1425/1315 1312/1419/1312
f 1319/1429/1319 1318/1428/1318 1293/1427/1293
f 1317/1426/1317 1320/1430/1320 1293/1427/1293
f 1319/1429/1319 1314/1422/1314 1313/1421/1313
f 1317/1426/1317 1319/1429/1319 1313/1421/1313
f 1324/1435/1324 1321/1431/1321 1323/1434/1323
f 1322/1432/1322 1311/1418/1311 1314/2048/1314
f 1314/2048/1314 1319/1433/1319 1322/1432/1322
f 1311/1418/1311 1329/1440/1329 1312/1419/1312
f 1329/1440/1329 1311/1418/1311 1327/1438/1327
f 1328/1439/1328 1327/1438/1327 1326/1437/1326
f 1328/1439/1328 1326/1437/1326 1325/1436/1325
f 1328/1439/1328 1325/1436/1325 1358/1469/1358
f 1723/1854/1723 1329/1440/1329 1328/1439/1328
f 1323/1434/1323 1319/1433/1319 1293/2043/1293
f 1902/2049/1902 1332/1443/1332 1250/1350/1250
f 1251/1351/1251 1249/1349/1249 1250/1350/1250
f 1332/1443/1332 1251/1351/1251 1250/1350/1250
f 1334/1445/1334 1898/2039/1898 1331/1442/1331
f 1901/2045/1901 1333/1444/1333 1903/2050/1903
f 1898/2039/1898 1334/1445/1334 1333/1444/1333
f 1903/2050/1903 1333/1444/1333 1335/1446/1335
f 1903/2051/1903 1904/2052/1904 1901/2053/1901
f 1339/1450/1339 1345/1456/1345 1905/2054/1905
f 1341/1452/1341 1345/1456/1345 1339/1450/1339
f 1342/1453/1342 1341/1452/1341 1906/2055/1906
f 1341/1452/1341 1340/1451/1340 1345/1456/1345
f 1345/1456/1345 1344/1455/1344 1343/1454/1343
f 1141/1241/1141 1387/1498/1387 1136/1236/1136
f 1347/1458/1347 1364/1475/1364 1357/1468/1357
f 1364/1475/1364 1362/1473/1362 1361/1472/1361
f 1359/1470/1359 1358/1469/1358 1362/1473/1362
f 1374/1485/1374 1363/1474/1363 1365/1476/1365
f 1368/1479/1368 1365/1476/1365 1364/1475/1364
f 1364/1475/1364 1365/1476/1365 1362/1473/1362
f 1907/2056/1907 1366/1477/1366 1363/1474/1363
f 1366/1477/1366 1360/1471/1360 1359/1470/1359
f 1368/1479/1368 1374/1485/1374 1365/1476/1365
f 1368/1479/1368 1364/1475/1364 1347/1458/1347
f 1368/1479/1368 1347/1458/1347 1349/1460/1349
f 1399/1510/1399 1378/1489/1378 1370/1481/1370
f 1399/1510/1399 1370/1481/1370 1351/1462/1351
f 1351/1462/1351 1353/1464/1353 1399/1510/1399
f 1371/1482/1371 1374/1485/1374 1368/1479/1368
f 1376/1487/1376 1371/1482/1371 1378/1489/1378
f 1380/1491/1380 1907/2056/1907 1363/1474/1363
f 1379/1490/1379 1792/1924/1792 1372/1483/1372
f 1377/1488/1377 1402/1513/1402 1379/1490/1379
f 1377/1488/1377 1379/1490/1379 1375/1486/1375
f 1367/1478/1367 1371/1482/1371 1368/1479/1368
f 1349/1460/1349 1351/1462/1351 1369/1480/1369
f 1382/1493/1382 1404/1515/1404 1354/1465/1354
f 1386/1497/1386 1389/1500/1389 1908/2057/1908
f 1353/1464/1353 1354/1465/1354 1404/1515/1404
f 1385/1496/1385 1141/1241/1141 1195/1295/1195
f 1391/1502/1391 1194/1294/1194 1192/1292/1192
f 1388/1499/1388 1381/1492/1381 1383/1494/1383
f 1388/1499/1388 1383/1494/1383 1392/1503/1392
f 1192/1292/1192 1202/1302/1202 1391/1502/1391
f 1395/1506/1395 1381/1492/1381 1388/1499/1388
f 1203/1303/1203 1396/1507/1396 1199/1299/1199
f 1395/1506/1395 1388/1499/1388 1393/1504/1393
f 1549/1663/1549 1396/1507/1396 1203/1303/1203
f 1404/1515/1404 1399/1510/1399 1353/1464/1353
f 1377/1488/1377 1378/1489/1378 1401/1512/1401
f 1384/1495/1384 1404/1515/1404 1382/1493/1382
f 1439/1553/1439 1411/1522/1411 1407/1518/1407
f 1407/1518/1407 1068/1154/1068 1439/1553/1439
f 1068/1154/1068 1407/1518/1407 1069/1155/1069
f 1411/1522/1411 1439/1553/1439 1452/1566/1452
f 1408/1540/1408 1421/1533/1421 1406/2058/1406
f 1452/1566/1452 1449/1563/1449 1405/1516/1405
f 1452/1566/1452 1405/1516/1405 1411/1522/1411
f 1405/1516/1405 1410/1521/1410 1408/1519/1408
f 1405/1516/1405 1454/1568/1454 1410/1521/1410
f 1454/1568/1454 1405/1516/1405 1449/1563/1449
f 1409/1520/1409 1416/1527/1416 1408/1519/1408
f 1416/2059/1416 1427/1539/1427 1408/1540/1408
f 1909/2060/1909 1409/1520/1409 1410/1521/1410
f 1578/1692/1578 1910/2061/1910 1579/1693/1579
f 1413/1720/1413 1600/1719/1600 1415/1544/1415
f 1421/1533/1421 1407/1529/1407 1406/2058/1406
f 1417/1528/1417 1075/1162/1075 1071/1158/1071
f 1427/1539/1427 1429/1542/1429 1423/1535/1423
f 1421/1533/1421 1427/1539/1427 1423/1535/1423
f 1159/1259/1159 1419/1531/1419 1161/1261/1161
f 1420/1532/1420 1426/1538/1426 1419/1531/1419
f 1069/1157/1069 1407/1529/1407 1071/1158/1071
f 1416/2059/1416 1428/1541/1428 1427/1539/1427
f 1428/1541/1428 1416/2059/1416 1415/1544/1415
f 1423/1535/1423 1431/1545/1431 1425/1537/1425
f 1507/1621/1507 1425/1537/1425 1433/1547/1433
f 1600/1719/1600 1434/1548/1434 1415/1544/1415
f 1434/1548/1434 1437/1551/1437 1435/1549/1435
f 1436/1550/1436 1508/1622/1508 1433/1547/1433
f 1077/1164/1077 1439/1553/1439 1068/1154/1068
f 1440/1554/1440 1439/1553/1439 1077/1164/1077
f 1442/1556/1442 1440/1554/1440 1080/1169/1080
f 1310/1415/1310 1445/1559/1445 1083/1174/1083
f 1445/1559/1445 1081/1171/1081 1083/1174/1083
f 1442/1556/1442 1445/1559/1445 1443/1557/1443
f 1448/1562/1448 1454/1568/1454 1449/1563/1449
f 1446/1560/1446 1457/1571/1457 1444/1558/1444
f 1448/1562/1448 1444/1558/1444 1461/1575/1461
f 1451/1565/1451 1457/1571/1457 1446/1560/1446
f 1712/1841/1712 1450/1564/1450 1447/1561/1447
f 1450/1564/1450 1720/1850/1720 1451/1565/1451
f 1453/1567/1453 1410/1521/1410 1454/1568/1454
f 1457/1571/1457 1461/1575/1461 1444/1558/1444
f 1458/1572/1458 1457/1571/1457 1451/1565/1451
f 1410/1521/1410 1453/1567/1453 1909/2060/1909
f 1468/1582/1468 1909/2060/1909 1455/1569/1455
f 1455/1569/1455 1909/2060/1909 1453/1567/1453
f 1455/1569/1455 1483/1597/1483 1468/1582/1468
f 1460/1574/1460 1483/1597/1483 1455/1569/1455
f 1462/1576/1462 1483/1597/1483 1460/1574/1460
f 1459/1573/1459 1458/1572/1458 1737/1868/1737
f 1459/1573/1459 1737/1868/1737 1462/1576/1462
f 1458/1572/1458 1451/1565/1451 1720/1850/1720
f 1472/1586/1472 1464/1578/1464 1463/1577/1463
f 1471/1585/1471 1466/1580/1466 1473/1587/1473
f 1471/1585/1471 1467/1581/1467 1466/1580/1466
f 1475/1589/1475 1472/1586/1472 1473/1587/1473
f 1473/1587/1473 1466/1580/1466 1476/1590/1476
f 1468/1582/1468 1483/1597/1483 1466/1580/1466
f 1483/1597/1483 1480/1594/1480 1466/1580/1466
f 1476/1590/1476 1475/1589/1475 1473/1587/1473
f 1482/1596/1482 1750/1882/1750 1481/1595/1481
f 1478/1592/1478 1481/1595/1481 1749/1881/1749
f 1163/1263/1163 1488/1602/1488 1166/1266/1166
f 1426/1538/1426 1492/1606/1492 1419/1531/1419
f 1419/1531/1419 1492/1606/1492 1485/1599/1485
f 1507/1621/1507 1492/1606/1492 1425/1537/1425
f 1492/1606/1492 1507/1621/1507 1493/1607/1493
f 1425/1537/1425 1492/1606/1492 1426/1538/1426
f 1497/1611/1497 1488/1602/1488 1491/1605/1491
f 1490/1604/1490 1493/1607/1493 1489/1603/1489
f 1489/1603/1489 1493/1607/1493 1513/1627/1513
f 1513/1627/1513 1911/2062/1911 1489/1603/1489
f 1489/1603/1489 1911/2062/1911 1491/1605/1491
f 1487/1601/1487 1488/1602/1488 1163/1263/1163
f 1488/1602/1488 1497/1611/1497 1495/1609/1495
f 1494/1608/1494 1505/1619/1505 1168/1268/1168
f 1501/1615/1501 1531/1645/1531 1505/1619/1505
f 1499/1613/1499 1501/1615/1501 1505/1619/1505
f 1496/1610/1496 1491/1605/1491 1911/2062/1911
f 1491/1605/1491 1496/1610/1496 1497/1611/1497
f 1522/1636/1522 1496/1610/1496 1911/2062/1911
f 1503/1617/1503 1496/1610/1496 1522/1636/1522
f 1504/1618/1504 1537/1651/1537 1500/1614/1500
f 1498/1612/1498 1504/1618/1504 1500/1614/1500
f 1500/1614/1500 1537/1651/1537 1502/1616/1502
f 1521/1635/1521 1504/1618/1504 1503/1617/1503
f 1436/1550/1436 1512/1626/1512 1508/1622/1508
f 1522/1636/1522 1911/2062/1911 1513/1627/1513
f 1513/1627/1513 1515/1629/1515 1522/1636/1522
f 1515/1629/1515 1516/1630/1516 1518/1632/1518
f 1438/1552/1438 1645/1767/1645 1512/1626/1512
f 1436/1550/1436 1438/1552/1438 1512/1626/1512
f 1646/1768/1646 1517/1631/1517 1512/1626/1512
f 1537/1651/1537 1504/1618/1504 1524/1638/1524
f 1516/1630/1516 1525/1639/1525 1518/1632/1518
f 1521/1635/1521 1503/1617/1503 1522/1636/1522
f 1523/1637/1523 1538/1652/1538 1524/1638/1524
f 1524/1638/1524 1538/1652/1538 1537/1651/1537
f 1526/1640/1526 1530/1644/1530 1527/1641/1527
f 1516/1630/1516 1517/1631/1517 1525/1639/1525
f 1524/1638/1524 1504/1618/1504 1521/1635/1521
f 1531/1645/1531 1184/1284/1184 1183/1283/1183
f 1531/1645/1531 1502/1616/1502 1536/1650/1536
f 1536/1650/1536 1534/1648/1534 1533/1647/1533
f 1532/1646/1532 1542/1656/1542 1187/1287/1187
f 1540/1654/1540 1544/1658/1544 1542/1656/1542
f 1535/1649/1535 1536/1650/1536 1538/1652/1538
f 1557/1671/1557 1541/1655/1541 1539/1653/1539
f 1184/1284/1184 1531/1645/1531 1533/1647/1533
f 1531/1645/1531 1536/1650/1536 1533/1647/1533
f 1502/1616/1502 1537/1651/1537 1536/1650/1536
f 1550/1664/1550 1200/1300/1200 1543/1657/1543
f 1187/1287/1187 1542/1656/1542 1200/1300/1200
f 1541/1655/1541 1547/1661/1547 1546/1660/1546
f 1396/1507/1396 1549/1663/1549 1398/1509/1398
f 1561/1675/1561 1554/1668/1554 1547/1661/1547
f 1554/1668/1554 1552/1666/1552 1551/1665/1551
f 1541/1655/1541 1544/1658/1544 1540/1654/1540
f 1814/1946/1814 1549/1663/1549 1553/1667/1553
f 1552/1666/1552 1563/1677/1563 1815/1947/1815
f 1538/1652/1538 1555/1669/1555 1535/1649/1535
f 1535/1649/1535 1555/1669/1555 1539/1653/1539
f 1555/1669/1555 1557/1671/1557 1539/1653/1539
f 1528/1642/1528 1527/1641/1527 1530/1644/1530
f 1560/1674/1560 1559/1673/1559 1558/1672/1558
f 1538/1652/1538 1523/1637/1523 1528/1642/1528
f 1557/1671/1557 1561/1675/1561 1541/1655/1541
f 1565/1679/1565 1559/1673/1559 1560/1674/1560
f 1565/1679/1565 1686/1812/1686 1568/1682/1568
f 1568/1682/1568 1569/1683/1569 1566/1680/1566
f 1563/1677/1563 1564/1678/1564 1912/2063/1912
f 1572/2064/1572 1584/1698/1584 1570/1700/1570
f 1910/2061/1910 1578/1692/1578 1593/1709/1593
f 1570/1700/1570 1585/1699/1585 1580/1705/1580
f 1589/1704/1589 1607/1729/1607 1587/1702/1587
f 1613/1735/1613 1590/1706/1590 1582/1696/1582
f 1593/1709/1593 1592/1708/1592 1412/1523/1412
f 1413/1524/1413 1412/1523/1412 1592/1708/1592
f 1578/1692/1578 1576/1690/1576 1594/1710/1594
f 1591/1707/1591 1593/1709/1593 1594/1710/1594
f 1601/1721/1601 1603/1725/1603 1639/1761/1639
f 1599/1717/1599 1602/1722/1602 1595/1711/1595
f 1607/1729/1607 1598/1716/1598 1587/1702/1587
f 1588/1703/1588 1608/1730/1608 1607/1729/1607
f 1588/1703/1588 1607/1729/1607 1589/1704/1589
f 1627/1749/1627 1606/1728/1606 1608/1730/1608
f 1609/1731/1609 1606/1728/1606 1627/1749/1627
f 1612/1734/1612 1617/1739/1617 1590/1706/1590
f 1590/1706/1590 1617/1739/1617 1588/1703/1588
f 1618/1740/1618 1621/1743/1621 1615/1737/1615
f 1619/1741/1619 1620/1742/1620 1618/1740/1618
f 1623/1745/1623 1622/1744/1622 1620/1742/1620
f 1608/1730/1608 1588/1703/1588 1617/1739/1617
f 1628/1750/1628 1616/1738/1616 1615/1737/1615
f 1630/1752/1630 1661/1787/1661 1609/1731/1609
f 1626/1748/1626 1630/1752/1630 1609/1731/1609
f 1633/1755/1633 1635/1757/1635 1632/1754/1632
f 1631/1753/1631 1663/1789/1663 1629/1751/1629
f 1437/1551/1437 1434/1548/1434 1601/1721/1601
f 1601/1721/1601 1639/1761/1639 1638/1760/1638
f 1640/1762/1640 1653/1776/1653 1643/1765/1643
f 1642/1764/1642 1653/1776/1653 1640/1762/1640
f 1643/1765/1643 1653/1776/1653 1650/1772/1650
f 1658/1783/1658 1659/1785/1659 1648/1770/1648
f 1657/1784/1657 1693/1819/1693 1659/1785/1659
f 1657/1781/1657 1913/2065/1913 1693/2066/1693
f 1609/1731/1609 1661/1787/1661 1610/1732/1610
f 1660/1786/1660 1662/1788/1662 1666/1792/1666
f 1629/1751/1629 1664/1790/1664 1630/1752/1630
f 1664/1790/1664 1662/1788/1662 1661/1787/1661
f 1637/1759/1637 1663/1789/1663 1631/1753/1631
f 1663/1789/1663 1668/1794/1668 1914/2067/1914
f 1665/1791/1665 1914/2067/1914 1913/2065/1913
f 1665/1791/1665 1913/2065/1913 1660/1786/1660
f 1660/1786/1660 1913/2065/1913 1657/1781/1657
f 1678/1804/1678 1693/2066/1693 1913/2065/1913
f 1665/1791/1665 1663/1789/1663 1914/2067/1914
f 1913/2065/1913 1914/2067/1914 1678/1804/1678
f 1634/1756/1634 1636/1758/1636 1637/1759/1637
f 1663/1789/1663 1637/1759/1637 1668/1794/1668
f 1678/1804/1678 1676/1802/1676 1709/1837/1709
f 1672/1798/1672 1709/1837/1709 1676/1802/1676
f 1914/2067/1914 1668/1794/1668 1669/1795/1669
f 1914/2067/1914 1669/1795/1669 1677/1803/1677
f 1914/2067/1914 1677/1803/1677 1678/1804/1678
f 1674/1800/1674 1673/1799/1673 1915/2068/1915
f 1675/1801/1675 1915/2068/1915 1673/1799/1673
f 1682/1808/1682 1529/1643/1529 1526/1640/1526
f 1687/1813/1687 1530/1644/1530 1529/1643/1529
f 1684/1810/1684 1687/1813/1687 1529/1643/1529
f 1682/1808/1682 1684/1810/1684 1529/1643/1529
f 1685/1811/1685 1688/1814/1688 1699/1825/1699
f 1685/1811/1685 1699/1825/1699 1698/1824/1698
f 1649/1771/1649 1680/1806/1680 1646/1768/1646
f 1689/1815/1689 1683/1809/1683 1679/1805/1679
f 1689/1815/1689 1679/1805/1679 1649/1771/1649
f 1690/1816/1690 1688/1814/1688 1684/1810/1684
f 1648/1770/1648 1659/1785/1659 1689/1815/1689
f 1689/1815/1689 1649/1771/1649 1648/1770/1648
f 1678/1804/1678 1694/1838/1694 1693/2066/1693
f 1684/1810/1684 1683/1809/1683 1690/1816/1690
f 1565/1679/1565 1560/1674/1560 1686/1812/1686
f 1696/1822/1696 1569/1683/1569 1568/1682/1568
f 1702/1828/1702 1705/1831/1705 1701/1827/1701
f 1698/1824/1698 1686/1812/1686 1685/1811/1685
f 1704/1830/1704 1688/1814/1688 1692/1818/1692
f 1915/2068/1915 1707/1833/1707 1674/1800/1674
f 1694/1838/1694 1678/1804/1678 1709/1837/1709
f 1710/1839/1710 1447/1561/1447 1310/1415/1310
f 1316/2047/1316 1713/1843/1713 1710/1842/1710
f 1717/1847/1717 1712/1841/1712 1710/1839/1710
f 1710/1839/1710 1712/1841/1712 1447/1561/1447
f 1711/1840/1711 1712/1841/1712 1717/1847/1717
f 1730/1861/1730 1718/1852/1718 1714/1844/1714
f 1731/1862/1731 1720/1850/1720 1711/1840/1711
f 1719/1849/1719 1731/1862/1731 1721/1851/1721
f 1731/1862/1731 1711/1840/1711 1721/1851/1721
f 1714/1844/1714 1329/1440/1329 1723/1854/1723
f 1727/1858/1727 1724/1855/1724 1723/1854/1723
f 1719/2069/1719 1718/1852/1718 1730/1861/1730
f 1714/1844/1714 1722/1853/1722 1730/1861/1730
f 1360/1471/1360 1727/1858/1727 1328/1439/1328
f 1727/1858/1727 1360/1471/1360 1725/1856/1725
f 1724/1855/1724 1726/1857/1726 1728/1859/1728
f 1719/1849/1719 1745/1876/1745 1731/1862/1731
f 1328/1439/1328 1727/1858/1727 1723/1854/1723
f 1735/1866/1735 1737/1868/1737 1458/1572/1458
f 1734/1865/1734 1735/1866/1735 1733/1864/1733
f 1458/1572/1458 1733/1864/1733 1735/1866/1735
f 1462/1576/1462 1760/1892/1760 1482/1596/1482
f 1736/1867/1736 1760/1892/1760 1462/1576/1462
f 1741/1872/1741 1744/1875/1744 1776/1908/1776
f 1744/1875/1744 1741/1872/1741 1738/1869/1738
f 1761/1893/1761 1736/1867/1736 1740/1871/1740
f 1741/1872/1741 1761/1893/1761 1740/1871/1740
f 1744/1875/1744 1738/1869/1738 1745/1876/1745
f 1742/2070/1742 1747/1878/1747 1743/1880/1743
f 1743/1874/1743 1748/2071/1748 1746/1877/1746
f 1745/1876/1745 1739/1870/1739 1731/1862/1731
f 1478/1592/1478 1752/1884/1752 1479/1593/1479
f 1750/1882/1750 1759/1891/1759 1751/1883/1751
f 1760/1892/1760 1759/1891/1759 1750/1882/1750
f 1750/1882/1750 1749/1881/1749 1481/1595/1481
f 1761/1893/1761 1772/1904/1772 1758/1890/1758
f 1760/1892/1760 1750/1882/1750 1482/1596/1482
f 1755/1887/1755 1763/1895/1763 1764/1896/1764
f 1763/1895/1763 1767/1899/1767 1764/1896/1764
f 1770/1902/1770 1766/1898/1766 1765/1897/1765
f 1758/1890/1758 1774/1906/1774 1771/1903/1771
f 1783/1915/1783 1916/2072/1916 1770/1902/1770
f 1770/1902/1770 1771/1903/1771 1783/1915/1783
f 1770/1902/1770 1762/1894/1762 1771/1903/1771
f 1783/1915/1783 1771/1903/1771 1774/1906/1774
f 1741/1872/1741 1772/1904/1772 1761/1893/1761
f 1772/1904/1772 1741/1872/1741 1776/1908/1776
f 1781/1913/1781 1778/1910/1778 1746/1877/1746
f 1781/1913/1781 1780/1912/1780 1777/1909/1777
f 1747/1878/1747 1917/2073/1917 1748/1879/1748
f 1784/1916/1784 1779/1911/1779 1780/1912/1780
f 1728/1859/1728 1726/1857/1726 1360/1471/1360
f 1366/1477/1366 1907/2056/1907 1380/1491/1380
f 1793/1925/1793 1788/1920/1788 1786/1918/1786
f 1793/1925/1793 1786/1918/1786 1380/1491/1380
f 1380/1491/1380 1786/1918/1786 1366/1477/1366
f 1787/1919/1787 1729/1860/1729 1728/1859/1728
f 1372/1483/1372 1792/1924/1792 1380/1491/1380
f 1797/1929/1797 1792/1924/1792 1379/1490/1379
f 1795/1927/1795 1788/1920/1788 1793/1925/1793
f 1803/1935/1803 1804/1936/1804 1797/1929/1797
f 1791/1923/1791 1788/1920/1788 1800/1932/1800
f 1800/1932/1800 1788/1920/1788 1798/1930/1798
f 1803/1935/1803 1808/1940/1808 1802/1934/1802
f 1804/1936/1804 1803/1935/1803 1799/1931/1799
f 1795/1927/1795 1798/1930/1798 1788/1920/1788
f 1747/1878/1747 1918/2074/1918 1919/2075/1919
f 1920/2076/1920 1921/2077/1921 1922/2078/1922
f 1379/1490/1379 1923/2079/1923 1797/1929/1797
f 1812/1944/1812 1806/1938/1806 1807/1939/1807
f 1379/1490/1379 1402/1513/1402 1923/2079/1923
f 1803/1935/1803 1797/1929/1797 1923/2079/1923
f 1549/1663/1549 1814/1946/1814 1398/1509/1398
f 1552/1666/1552 1815/1947/1815 1553/1667/1553
f 1563/1677/1563 1912/2063/1912 1924/2080/1924
f 1924/2080/1924 1815/1947/1815 1563/1677/1563
f 1912/2063/1912 1564/1678/1564 1567/1681/1567
f 1925/2081/1925 1569/1683/1569 1878/2015/1878
f 1819/1951/1819 1825/1957/1825 1822/1954/1822
f 1861/1995/1861 1828/1960/1828 1826/1958/1826
f 1926/2082/1926 1783/1915/1783 1782/1914/1782
f 1834/1966/1834 1926/2082/1926 1782/1914/1782
f 1831/1963/1831 1830/1962/1830 1926/2082/1926
f 1926/2082/1926 1834/1966/1834 1831/1963/1831
f 1829/1961/1829 1833/1965/1833 1845/2083/1845
f 1845/1979/1845 1833/1972/1833 1839/1971/1839
f 1840/1974/1840 1838/1970/1838 1837/1969/1837
f 1835/1967/1835 1840/1974/1840 1837/1969/1837
f 1863/2000/1863 1840/1974/1840 1835/1967/1835
f 1840/1973/1840 1927/2084/1927 1839/1971/1839
f 1928/2085/1928 1929/2086/1929 1930/2087/1930
f 1928/2085/1928 1930/2087/1930 1845/1979/1845
f 1927/2084/1927 1843/1977/1843 1839/1971/1839
f 1846/1980/1846 1842/1976/1842 1841/1975/1841
f 1931/2088/1931 1932/2089/1932 1846/1980/1846
f 1847/1981/1847 1931/2088/1931 1846/1980/1846
f 1841/1975/1841 1843/1977/1843 1933/2090/1933
f 1850/1984/1850 1848/1982/1848 1624/1746/1624
f 1853/1987/1853 1849/1983/1849 1848/1982/1848
f 1633/1755/1633 1625/1747/1625 1849/1983/1849
f 1636/1758/1636 1855/1989/1855 1670/1796/1670
f 1857/1991/1857 1670/1796/1670 1855/1989/1855
f 1931/2088/1931 1934/2091/1934 1932/2089/1932
f 1840/1973/1840 1863/1997/1863 1927/2084/1927
f 1866/2092/1866 1862/1996/1862 1864/1998/1864
f 1867/2003/1867 1873/2010/1873 1870/2006/1870
f 1935/2093/1935 1872/2009/1872 1871/2007/1871
f 1863/1997/1863 1862/1996/1862 1927/2084/1927
f 1847/1981/1847 1841/1975/1841 1933/2090/1933
f 1878/2015/1878 1877/2014/1877 1925/2081/1925
f 1703/1829/1703 1878/2015/1878 1696/1822/1696
f 1877/2014/1877 1879/2016/1879 1884/2021/1884
f 1696/1822/1696 1878/2015/1878 1569/1683/1569
f 1879/2016/1879 1703/1829/1703 1705/1831/1705
f 1701/1827/1701 1705/1831/1705 1703/1829/1703
f 1886/2023/1886 1884/2021/1884 1879/2016/1879
f 1707/1833/1707 1915/2068/1915 1708/2026/1708
f 1883/2020/1883 1885/2022/1885 1882/2019/1882
f 1936/2094/1936 175/188/175 179/192/179
f 1937/2095/1937 181/194/181 182/195/182
f 205/220/205 176/189/176 1936/2094/1936
f 208/223/208 1938/2096/1938 211/226/211
f 1939/2097/1939 1940/2098/1940 1941/2099/1941
f 1942/2100/1942 1940/2098/1940 897/953/897
f 1943/2101/1943 897/953/897 1940/2098/1940
f 1942/2100/1942 1941/2099/1941 1940/2098/1940
f 897/953/897 896/952/896 1942/2100/1942
f 896/952/896 1938/2096/1938 208/223/208
f 1941/2099/1941 1942/2100/1942 1944/2102/1944
f 1940/2098/1940 1939/2097/1939 1937/2095/1937
f 900/956/900 1945/2103/1945 240/255/240
f 1946/2104/1946 899/955/899 901/957/901
f 1947/2105/1947 220/235/220 899/955/899
f 1947/2105/1947 899/955/899 1946/2104/1946
f 1948/2106/1948 243/258/243 1947/2105/1947
f 243/258/243 1948/2106/1948 902/958/902
f 243/258/243 236/251/236 1947/2105/1947
f 1949/2107/1949 1946/2104/1946 1950/2108/1950
f 1951/2109/1951 1952/2110/1952 1949/2107/1949
f 1951/2111/1951 1949/2112/1949 1953/2113/1953
f 1954/2114/1954 1955/2115/1955 1949/2116/1949
f 1952/2110/1952 1956/2117/1956 1957/2118/1957
f 1958/2119/1958 1953/2113/1953 1949/2112/1949
f 1957/2118/1957 1949/2107/1949 1952/2110/1952
f 1946/2104/1946 1949/2107/1949 1957/2118/1957
f 1955/2120/1955 1958/2119/1958 1949/2112/1949
f 1953/2113/1953 1952/2121/1952 1951/2111/1951
f 244/259/244 246/261/246 1956/2117/1956
f 257/274/257 244/960/244 1956/2122/1956
f 1959/2123/1959 1960/2124/1960 1958/2119/1958
f 1952/2121/1952 1960/2124/1960 1961/2125/1961
f 1960/2124/1960 259/275/259 257/274/257
f 263/280/263 259/275/259 1962/2126/1962
f 1962/2126/1962 259/275/259 1960/2124/1960
f 1960/2124/1960 1959/2123/1959 1962/2126/1962
f 270/287/270 266/283/266 1963/2127/1963
f 1964/2128/1964 1963/2127/1963 266/283/266
f 276/295/276 279/299/279 1965/2129/1965
f 1966/2130/1966 1967/2131/1967 1965/2132/1965
f 904/964/904 1968/2133/1968 279/299/279
f 279/299/279 1968/2133/1968 1965/2129/1965
f 1965/2132/1965 1969/2134/1969 276/297/276
f 1964/2128/1964 1970/2135/1970 1971/2136/1971
f 1971/2136/1971 1970/2135/1970 1969/2134/1969
f 1963/2127/1963 1971/2136/1971 1972/2137/1972
f 1969/2134/1969 1972/2137/1972 1971/2136/1971
f 1967/2131/1967 1972/2137/1972 1969/2134/1969
f 1963/2127/1963 1972/2137/1972 905/965/905
f 905/965/905 1972/2137/1972 1973/2138/1973
f 1974/2139/1974 1973/2138/1973 1972/2137/1972
f 1975/2140/1975 1974/2139/1974 1972/2137/1972
f 1968/2133/1968 296/316/296 1976/2141/1976
f 1976/2141/1976 1977/2142/1977 1978/2143/1978
f 1976/2141/1976 1978/2143/1978 1968/2133/1968
f 1979/2144/1979 1968/2133/1968 1978/2143/1978
f 298/318/298 1980/2145/1980 296/316/296
f 296/316/296 1980/2145/1980 1976/2141/1976
f 1980/2145/1980 297/317/297 1981/2146/1981
f 1981/2146/1981 1982/2147/1982 1983/2148/1983
f 1981/2146/1981 1983/2148/1983 1980/2145/1980
f 1980/2145/1980 1983/2148/1983 1982/2147/1982
f 1981/2146/1981 1984/2149/1984 1982/2147/1982
f 300/320/300 1981/2146/1981 297/317/297
f 306/326/306 305/325/305 1985/2150/1985
f 305/325/305 905/965/905 1985/2150/1985
f 1985/2150/1985 1973/2138/1973 1986/2151/1986
f 1987/2152/1987 1988/2153/1988 1986/2151/1986
f 1985/2150/1985 1986/2151/1986 1988/2153/1988
f 1974/2139/1974 1986/2151/1986 1973/2138/1973
f 1986/2151/1986 1989/2154/1989 1987/2152/1987
f 1986/2151/1986 1974/2139/1974 1989/2154/1989
f 1988/2153/1988 1990/2155/1990 1985/2150/1985
f 1990/2155/1990 1988/2153/1988 1987/2152/1987
f 314/334/314 311/331/311 1991/2156/1991
f 1992/2157/1992 1993/2158/1993 1991/2156/1991
f 1990/2155/1990 1994/2159/1994 1991/2156/1991
f 1995/2160/1995 1996/2161/1996 1993/2158/1993
f 314/334/314 1993/2158/1993 1996/2161/1996
f 1996/2161/1996 309/329/309 314/334/314
f 1997/2162/1997 1993/2158/1993 1992/2157/1992
f 314/334/314 1991/2156/1991 1993/2158/1993
f 321/341/321 319/339/319 1998/2163/1998
f 906/966/906 329/349/329 1999/2164/1999
f 906/966/906 1999/2164/1999 2000/2165/2000
f 2001/2166/2001 1999/2164/1999 332/352/332
f 1999/2164/1999 2002/2167/2002 2000/2165/2000
f 2003/2168/2003 330/350/330 331/351/331
f 332/352/332 1999/2164/1999 329/349/329
f 1998/2163/1998 319/339/319 1996/2161/1996
f 1998/2163/1998 1996/2161/1996 2004/2169/2004
f 1995/2160/1995 2004/2169/2004 1996/2161/1996
f 1998/2163/1998 2004/2169/2004 2005/2170/2005
f 1995/2160/1995 2006/2171/2006 2004/2169/2004
f 2007/2172/2007 1995/2160/1995 2008/2173/2008
f 2009/2174/2009 2010/2175/2010 2006/2171/2006
f 2009/2174/2009 2006/2171/2006 2007/2172/2007
f 2004/2169/2004 2006/2171/2006 2005/2170/2005
f 2007/2172/2007 2006/2171/2006 1995/2160/1995
f 2011/2176/2011 2002/2167/2002 2012/2177/2012
f 2012/2177/2012 2002/2167/2002 2001/2166/2001
f 2013/2178/2013 2011/2176/2011 2014/2179/2014
f 2014/2179/2014 2011/2176/2011 2012/2177/2012
f 2005/2170/2005 2014/2179/2014 2012/2177/2012
f 2011/2176/2011 2015/2180/2015 2002/2167/2002
f 2014/2179/2014 2006/2171/2006 2016/2181/2016
f 2017/2182/2017 2013/2178/2013 2014/2179/2014
f 2016/2181/2016 2017/2182/2017 2014/2179/2014
f 2018/2183/2018 2017/2182/2017 2016/2181/2016
f 2019/2184/2019 2020/2185/2020 2016/2181/2016
f 2019/2184/2019 2016/2181/2016 2006/2171/2006
f 2006/2171/2006 2010/2175/2010 2019/2184/2019
f 2018/2183/2018 2020/2185/2020 2021/2186/2021
f 2016/2181/2016 2020/2185/2020 2018/2183/2018
f 359/383/359 2022/2187/2022 2023/2188/2023
f 358/382/358 359/383/359 2023/2188/2023
f 358/382/358 2023/2188/2023 1981/2146/1981
f 2024/2189/2024 1981/2146/1981 2023/2188/2023
f 364/388/364 2025/2190/2025 2022/2187/2022
f 2025/2190/2025 2026/2191/2026 2022/2187/2022
f 2026/2191/2026 2027/2192/2027 2022/2187/2022
f 365/389/365 2025/2190/2025 364/388/364
f 369/969/369 2028/2193/2028 907/968/907
f 907/968/907 2028/2193/2028 365/389/365
f 2028/2193/2028 2029/2194/2029 2030/2195/2030
f 2031/2196/2031 2032/2197/2032 2028/2193/2028
f 2031/2196/2031 369/969/369 374/2198/374
f 2033/2199/2033 2031/2196/2031 374/2198/374
f 2034/2200/2034 2033/2199/2033 374/2198/374
f 2035/2201/2035 2033/2199/2033 2036/2202/2036
f 2033/2199/2033 2034/2200/2034 2036/2202/2036
f 2037/2203/2037 2036/2202/2036 2034/2200/2034
f 2034/2204/2034 374/400/374 373/399/373
f 2031/2196/2031 2033/2199/2033 2035/2201/2035
f 2038/2205/2038 2003/2168/2003 2039/2206/2039
f 2040/2207/2040 1943/2101/1943 2038/2205/2038
f 397/423/397 2039/2206/2039 2003/2168/2003
f 396/422/396 2040/2207/2040 2039/2206/2039
f 396/422/396 2039/2206/2039 397/423/397
f 2039/2206/2039 2040/2207/2040 2038/2205/2038
f 422/448/422 424/450/424 2041/2208/2041
f 2015/2180/2015 424/450/424 2042/2209/2042
f 2015/2180/2015 2041/2208/2041 424/450/424
f 418/444/418 417/443/417 2041/2208/2041
f 418/444/418 2041/2208/2041 2013/2178/2013
f 418/444/418 2013/2178/2013 2018/2183/2018
f 2018/2183/2018 2043/2210/2043 418/444/418
f 422/448/422 2041/2208/2041 417/443/417
f 2044/2211/2044 2045/2212/2045 2046/2213/2046
f 2045/2212/2045 2044/2211/2044 2047/2214/2047
f 2045/2212/2045 2047/2214/2047 2048/2215/2048
f 2049/2216/2049 2050/2217/2050 2051/2218/2051
f 2043/2210/2043 2049/2216/2049 911/975/911
f 2043/2210/2043 2050/2217/2050 2049/2216/2049
f 2052/2219/2052 2053/2220/2053 2048/2215/2048
f 2051/2218/2051 2053/2220/2053 2049/2216/2049
f 2047/2214/2047 425/451/425 2052/2219/2052
f 427/453/427 2052/2219/2052 425/451/425
f 427/453/427 2049/2216/2049 2052/2219/2052
f 427/453/427 428/454/428 2049/2216/2049
f 428/454/428 911/975/911 2049/2216/2049
f 2048/2215/2048 2047/2214/2047 2052/2219/2052
f 2054/2221/2054 401/427/401 435/977/435
f 439/466/439 2054/2222/2054 435/462/435
f 439/466/439 2055/2223/2055 2056/2224/2056
f 439/466/439 2056/2224/2056 2054/2222/2054
f 2034/2225/2034 448/976/448 2047/2214/2047
f 2034/2204/2034 443/470/443 448/476/448
f 2057/2226/2057 1959/2123/1959 2055/2223/2055
f 454/483/454 2057/2226/2057 2055/2223/2055
f 453/482/453 455/484/455 2058/2227/2058
f 2057/2226/2057 453/482/453 2058/2227/2058
f 1962/2126/1962 1959/2123/1959 2059/2228/2059
f 2058/2227/2058 2059/2228/2059 1959/2123/1959
f 458/487/458 2059/2228/2059 455/484/455
f 458/487/458 265/282/265 2059/2228/2059
f 453/482/453 2057/2226/2057 454/483/454
f 2058/2227/2058 1959/2123/1959 2057/2226/2057
f 2058/2227/2058 455/484/455 2059/2228/2059
f 2060/2229/2060 2061/2230/2061 2062/2231/2062
f 2060/2229/2060 2062/2231/2062 598/629/598
f 2063/2232/2063 2064/2233/2064 600/631/600
f 600/631/600 2064/2233/2064 599/630/599
f 2065/2234/2065 2064/2233/2064 2063/2232/2063
f 2066/2235/2066 2062/2231/2062 2067/2236/2067
f 2062/2231/2062 2066/2235/2066 2068/2237/2068
f 2069/2238/2069 636/673/636 630/664/630
f 2070/2239/2070 2071/2240/2071 2072/2241/2072
f 2072/2242/2072 634/669/634 2069/2238/2069
f 2073/2243/2073 2074/2244/2074 2075/2245/2075
f 2071/2240/2071 2073/2243/2073 2075/2245/2075
f 2072/2241/2072 2071/2240/2071 2075/2245/2075
f 2075/2246/2075 832/880/832 914/981/914
f 2072/2242/2072 2069/2238/2069 2070/2247/2070
f 914/2248/914 633/670/633 2075/2249/2075
f 638/675/638 2076/2250/2076 641/678/641
f 2077/2251/2077 917/984/917 916/983/916
f 927/1001/927 2077/2251/2077 647/684/647
f 2077/2251/2077 2078/2252/2078 2076/2250/2076
f 2077/2251/2077 687/726/687 2078/2252/2078
f 687/726/687 2077/2251/2077 655/692/655
f 716/760/716 2079/2253/2079 2080/2254/2080
f 2080/2254/2080 2079/2253/2079 2081/2255/2081
f 2080/2254/2080 2081/2255/2081 2082/2256/2082
f 2082/2256/2082 2063/2232/2063 2080/2254/2080
f 2079/2253/2079 716/760/716 2083/2257/2083
f 718/762/718 2083/2257/2083 716/760/716
f 715/759/715 2080/2254/2080 596/627/596
f 716/760/716 2080/2254/2080 715/759/715
f 2084/2258/2084 2085/2259/2085 2083/2257/2083
f 720/764/720 710/754/710 2086/2260/2086
f 2084/2261/2084 719/765/719 721/766/721
f 721/766/721 2087/2262/2087 2084/2261/2084
f 2088/2263/2088 721/766/721 720/764/720
f 2088/2263/2088 2087/2262/2087 721/766/721
f 2089/2264/2089 2087/2262/2087 2090/2265/2090
f 2087/2262/2087 2089/2264/2089 2084/2261/2084
f 719/763/719 2084/2258/2084 718/762/718
f 2091/2266/2091 723/768/723 2092/2267/2092
f 723/768/723 2091/2266/2091 711/755/711
f 729/774/729 2093/2268/2093 919/989/919
f 2092/2267/2092 919/989/919 2093/2268/2093
f 2091/2266/2091 2094/2269/2094 2086/2260/2086
f 2092/2267/2092 2094/2269/2094 2091/2266/2091
f 2093/2268/2093 2095/2270/2095 2094/2269/2094
f 711/755/711 2091/2266/2091 2086/2260/2086
f 2096/2271/2096 2097/2272/2097 2095/2270/2095
f 2088/2263/2088 2098/2273/2098 2099/2274/2099
f 2088/2263/2088 2099/2274/2099 2087/2262/2087
f 2100/2275/2100 2098/2273/2098 2088/2263/2088
f 2101/2276/2101 2099/2274/2099 2098/2273/2098
f 2097/2272/2097 2098/2273/2098 2100/2275/2100
f 2102/2277/2102 2097/2272/2097 2096/2271/2096
f 2097/2272/2097 2102/2277/2102 2098/2273/2098
f 2102/2277/2102 2103/2278/2103 2104/2279/2104
f 2104/2279/2104 2101/2276/2101 2098/2273/2098
f 2102/2277/2102 2096/2271/2096 2105/2280/2105
f 2102/2277/2102 2104/2279/2104 2098/2273/2098
f 730/775/730 728/773/728 2095/2270/2095
f 735/780/735 2105/2280/2105 2095/2270/2095
f 2106/2281/2106 2105/2280/2105 735/780/735
f 2106/2281/2106 735/780/735 734/779/734
f 2107/2282/2107 2106/2281/2106 734/779/734
f 2106/2281/2106 2107/2282/2107 2108/2283/2108
f 2109/2284/2109 2105/2280/2105 2110/2285/2110
f 2105/2280/2105 2106/2281/2106 2110/2285/2110
f 2111/2286/2111 920/990/920 225/240/225
f 2112/2287/2112 2111/2286/2111 2113/2288/2113
f 2112/2287/2112 738/783/738 737/782/737
f 2112/2287/2112 737/782/737 2111/2286/2111
f 2114/2289/2114 2115/2290/2115 2112/2287/2112
f 2111/2286/2111 737/782/737 920/990/920
f 1945/2103/1945 2116/2291/2116 2113/2288/2113
f 2116/2291/2116 1945/2103/1945 238/253/238
f 239/254/239 238/253/238 1945/2103/1945
f 1945/2103/1945 900/956/900 239/254/239
f 2116/2291/2116 238/253/238 241/256/241
f 2117/2292/2117 2118/2293/2118 2116/2291/2116
f 2116/2291/2116 2118/2293/2118 2113/2288/2113
f 2115/2290/2115 739/784/739 738/783/738
f 742/787/742 2115/2290/2115 2119/2294/2119
f 742/787/742 740/785/740 2115/2290/2115
f 2119/2294/2119 2120/2295/2120 742/787/742
f 2121/2296/2121 2119/2294/2119 2118/2293/2118
f 2118/2293/2118 2119/2294/2119 2115/2290/2115
f 2122/2297/2122 2120/2295/2120 2119/2294/2119
f 2119/2294/2119 2123/2298/2123 2124/2299/2124
f 2119/2294/2119 2121/2296/2121 2123/2298/2123
f 740/785/740 739/784/739 2115/2290/2115
f 2125/2300/2125 912/978/912 511/540/511
f 741/786/741 2125/2300/2125 511/540/511
f 2120/2295/2120 2125/2300/2125 741/786/741
f 2120/2295/2120 741/786/741 742/787/742
f 912/978/912 2125/2300/2125 2126/2301/2126
f 2127/2302/2127 2122/2297/2122 2128/2303/2128
f 2128/2303/2128 2122/2297/2122 2124/2299/2124
f 2129/2304/2129 2126/2301/2126 2122/2297/2122
f 2130/2305/2130 2129/2304/2129 2127/2302/2127
f 2127/2302/2127 2129/2304/2129 2122/2297/2122
f 2125/2300/2125 2122/2297/2122 2126/2301/2126
f 2125/2300/2125 2120/2295/2120 2122/2297/2122
f 2131/2306/2131 2132/2307/2132 2133/2308/2133
f 2132/2307/2132 903/962/903 2133/2308/2133
f 2132/2307/2132 241/256/241 242/257/242
f 903/962/903 2132/2307/2132 242/257/242
f 748/793/748 2133/2308/2133 251/266/251
f 745/790/745 2133/2308/2133 743/788/743
f 2134/2309/2134 753/800/753 752/799/752
f 2131/2306/2131 2134/2309/2134 2132/2307/2132
f 755/802/755 2134/2309/2134 745/790/745
f 2135/2310/2135 752/799/752 2117/2292/2117
f 752/799/752 2135/2310/2135 2134/2309/2134
f 755/802/755 753/800/753 2134/2309/2134
f 761/808/761 2136/2311/2136 922/995/922
f 2137/2312/2137 922/995/922 2136/2311/2136
f 922/995/922 2137/2312/2137 2138/2313/2138
f 2124/2299/2124 2138/2313/2138 2139/2314/2139
f 2139/2314/2139 2138/2313/2138 2136/2311/2136
f 2136/2311/2136 2138/2313/2138 2137/2312/2137
f 2140/2315/2140 2127/2302/2127 2139/2314/2139
f 2141/2316/2141 2140/2315/2140 2139/2314/2139
f 765/812/765 2127/2302/2127 2141/2316/2141
f 2141/2316/2141 2139/2314/2139 765/812/765
f 2142/2317/2142 2127/2302/2127 765/812/765
f 2127/2302/2127 2140/2315/2140 2141/2316/2141
f 921/994/921 756/803/756 2143/2318/2143
f 785/833/785 2143/2318/2143 756/803/756
f 785/833/785 2144/2319/2144 2143/2318/2143
f 2144/2319/2144 785/833/785 784/831/784
f 780/827/780 2144/2320/2144 784/832/784
f 800/848/800 2144/2320/2144 779/826/779
f 923/996/923 2145/2321/2145 926/999/926
f 923/996/923 2143/2318/2143 2145/2321/2145
f 809/857/809 808/856/808 2145/2321/2145
f 814/862/814 811/1000/811 2146/2322/2146
f 2146/2323/2146 811/859/811 807/855/807
f 2146/2323/2146 807/855/807 809/857/809
f 811/859/811 2147/2324/2147 810/858/810
f 926/999/926 2145/2321/2145 808/856/808
f 2146/2322/2146 2148/2325/2148 817/865/817
f 813/861/813 2146/2322/2146 817/865/817
f 818/866/818 817/865/817 2148/2325/2148
f 2148/2325/2148 2149/2326/2149 818/866/818
f 820/868/820 818/866/818 2149/2326/2149
f 2150/2327/2150 2151/2328/2151 825/873/825
f 2074/2244/2074 2152/2329/2152 2150/2330/2150
f 2150/2327/2150 825/873/825 824/872/824
f 832/2331/832 2074/2244/2074 2150/2330/2150
f 2150/2327/2150 824/872/824 830/878/830
f 2153/2332/2153 2150/2330/2150 2152/2329/2152
f 2150/2327/2150 2153/2333/2153 2151/2328/2151
f 2154/2334/2154 2155/2335/2155 847/895/847
f 2156/2336/2156 848/896/848 852/900/852
f 850/898/850 847/895/847 2155/2335/2155
f 851/899/851 645/682/645 2126/2301/2126
f 851/899/851 2126/2301/2126 852/900/852
f 2130/2305/2130 2156/2336/2156 852/900/852
f 929/1004/929 846/894/846 2157/2337/2157
f 2157/2337/2157 2158/2338/2158 2159/2339/2159
f 2158/2338/2158 2142/2317/2142 2159/2339/2159
f 929/1004/929 2157/2337/2157 2159/2339/2159
f 928/1003/928 2154/2334/2154 929/1004/929
f 930/1005/930 929/1004/929 2159/2339/2159
f 2160/2340/2160 2161/2341/2161 2147/2324/2147
f 2161/2341/2161 853/901/853 928/1003/928
f 2162/2342/2162 2163/2343/2163 2160/2340/2160
f 2162/2342/2162 2160/2340/2160 2164/2344/2164
f 2162/2345/2162 2164/2346/2164 2165/2347/2165
f 2163/2343/2163 2161/2341/2161 2160/2340/2160
f 2162/2348/2162 2165/2349/2165 2163/2350/2163
f 2165/2347/2165 2164/2346/2164 871/923/871
f 2147/2324/2147 2161/2341/2161 769/816/769
f 930/1005/930 2161/2341/2161 928/1003/928
f 655/692/655 927/1001/927 2166/2351/2166
f 653/690/653 655/692/655 2166/2351/2166
f 2155/2335/2155 2166/2351/2166 927/1001/927
f 2166/2351/2166 2167/2352/2167 653/690/653
f 691/735/691 653/690/653 2167/2352/2167
f 2167/2352/2167 2166/2351/2166 2155/2335/2155
f 2167/2352/2167 2155/2335/2155 2168/2353/2168
f 2168/2353/2168 2155/2335/2155 2154/2334/2154
f 868/2354/868 2168/2353/2168 856/908/856
f 2169/2355/2169 2170/2356/2170 2171/2357/2171
f 2170/2356/2170 870/922/870 2171/2357/2171
f 871/923/871 870/922/870 2170/2356/2170
f 2172/2358/2172 2170/2356/2170 2173/2359/2173
f 871/923/871 2170/2356/2170 2172/2358/2172
f 2170/2356/2170 2169/2355/2169 2173/2359/2173
f 2173/2359/2173 2174/2360/2174 2175/2361/2175
f 2171/2357/2171 2173/2359/2173 2169/2355/2169
f 2174/2360/2174 2173/2359/2173 2171/2357/2171
f 2175/2361/2175 2172/2358/2172 2173/2359/2173
f 2171/2357/2171 873/925/873 2174/2360/2174
f 873/925/873 2175/2361/2175 2174/2360/2174
f 933/1008/933 2176/2362/2176 2175/2361/2175
f 2177/2363/2177 861/912/861 2178/2364/2178
f 932/1007/932 861/912/861 2179/2365/2179
f 932/1007/932 2180/2366/2180 860/910/860
f 2177/2363/2177 2178/2364/2178 2172/2367/2172
f 2181/2368/2181 2177/2363/2177 2176/2369/2176
f 2179/2365/2179 861/912/861 2177/2363/2177
f 2179/2365/2179 2177/2363/2177 2182/2370/2182
f 2179/2365/2179 2183/2371/2183 2184/2372/2184
f 2184/2372/2184 2180/2366/2180 2179/2365/2179
f 932/1007/932 2179/2365/2179 2180/2366/2180
f 2182/2370/2182 2183/2371/2183 2179/2365/2179
f 2177/2363/2177 2181/2368/2181 2182/2370/2182
f 861/912/861 854/911/854 2178/2364/2178
f 2185/2373/2185 2186/2374/2186 2187/2375/2187
f 2187/2375/2187 2188/2376/2188 2185/2373/2185
f 2187/2375/2187 2186/2374/2186 2188/2376/2188
f 872/924/872 2185/2373/2185 875/927/875
f 2185/2373/2185 872/924/872 828/876/828
f 2185/2373/2185 2189/2377/2189 876/928/876
f 876/928/876 875/927/875 2185/2373/2185
f 2190/2378/2190 2189/2377/2189 2185/2373/2185
f 876/928/876 2191/2379/2191 877/929/877
f 2191/2379/2191 2189/2377/2189 2192/2380/2192
f 2189/2377/2189 2191/2379/2191 876/928/876
f 2188/2376/2188 2190/2378/2190 2185/2373/2185
f 874/926/874 934/1009/934 2193/2381/2193
f 2182/2370/2182 2193/2382/2193 2194/2383/2194
f 2182/2370/2182 2181/2368/2181 2193/2382/2193
f 2195/2384/2195 2193/2381/2193 2196/2385/2196
f 2193/2381/2193 934/1009/934 2196/2385/2196
f 2196/2385/2196 2191/2379/2191 2195/2384/2195
f 2197/2386/2197 2198/2387/2198 2199/2388/2199
f 2197/2386/2197 2193/2382/2193 2198/2387/2198
f 2197/2386/2197 2194/2383/2194 2193/2382/2193
f 2195/2389/2195 2200/2390/2200 2198/2387/2198
f 935/1010/935 2196/2385/2196 934/1009/934
f 2198/2387/2198 2193/2382/2193 2195/2389/2195
f 931/1006/931 2201/2391/2201 882/934/882
f 2201/2391/2201 2180/2366/2180 2184/2372/2184
f 882/934/882 2201/2391/2201 2184/2372/2184
f 2184/2372/2184 885/937/885 882/934/882
f 2202/2392/2202 2184/2372/2184 2183/2371/2183
f 2201/2391/2201 931/1006/931 869/921/869
f 2184/2372/2184 2202/2392/2202 885/937/885
f 880/932/880 2203/2393/2203 2107/2282/2107
f 2203/2393/2203 880/932/880 887/939/887
f 2203/2393/2203 2204/2394/2204 2205/2395/2205
f 2206/2396/2206 887/939/887 886/938/886
f 2207/2397/2207 2206/2396/2206 886/938/886
f 2206/2396/2206 2204/2394/2204 887/939/887
f 2208/2398/2208 2209/2399/2209 2210/2400/2210
f 2183/2371/2183 2199/2388/2199 2210/2400/2210
f 2209/2399/2209 2207/2397/2207 2210/2400/2210
f 2211/2401/2211 2210/2400/2210 2199/2388/2199
f 2202/2392/2202 2183/2371/2183 2210/2400/2210
f 2202/2392/2202 2210/2400/2210 884/936/884
f 2210/2400/2210 2207/2397/2207 884/936/884
f 1936/2094/1936 176/189/176 175/188/175
f 178/191/178 1936/2094/1936 894/949/894
f 894/949/894 1936/2094/1936 179/192/179
f 1937/2095/1937 1939/2097/1939 181/194/181
f 181/194/181 1939/2097/1939 178/191/178
f 1937/2095/1937 182/195/182 330/350/330
f 1944/2102/1944 205/220/205 1936/2094/1936
f 206/221/206 1942/2100/1942 896/952/896
f 1942/2100/1942 206/221/206 205/220/205
f 1950/2108/1950 895/950/895 203/218/203
f 1938/2096/1938 1950/2402/1950 211/226/211
f 211/226/211 1950/2402/1950 203/951/203
f 1939/2097/1939 1936/2094/1936 178/191/178
f 1941/2099/1941 1944/2102/1944 1936/2094/1936
f 1939/2097/1939 1941/2099/1941 1936/2094/1936
f 1942/2100/1942 205/220/205 1944/2102/1944
f 2038/2205/2038 1940/2098/1940 1937/2095/1937
f 898/954/898 897/953/897 1943/2101/1943
f 1938/2096/1938 896/952/896 897/953/897
f 1954/2114/1954 897/953/897 402/428/402
f 1954/2114/1954 1938/2096/1938 897/953/897
f 402/428/402 2054/2221/2054 1954/2114/1954
f 1938/2096/1938 1954/2114/1954 1950/2402/1950
f 228/243/228 2111/2286/2111 225/240/225
f 1947/2105/1947 236/251/236 221/236/221
f 230/245/230 1945/2103/1945 2111/2286/2111
f 230/245/230 2111/2286/2111 228/243/228
f 1945/2103/1945 230/245/230 240/255/240
f 1946/2104/1946 901/957/901 1950/2108/1950
f 1950/2108/1950 901/957/901 895/950/895
f 1947/2105/1947 1946/2104/1946 1957/2118/1957
f 1957/2118/1957 1948/2106/1948 1947/2105/1947
f 1947/2105/1947 221/236/221 220/235/220
f 246/261/246 902/958/902 1948/2106/1948
f 1948/2106/1948 1956/2117/1956 246/261/246
f 1957/2118/1957 1956/2117/1956 1948/2106/1948
f 1955/2120/1955 2056/2224/2056 1958/2119/1958
f 1960/2124/1960 1952/2121/1952 1953/2113/1953
f 1950/2402/1950 1954/2114/1954 1949/2116/1949
f 1961/2403/1961 1956/2117/1956 1952/2110/1952
f 1958/2119/1958 1960/2124/1960 1953/2113/1953
f 1956/2122/1956 1961/2125/1961 1960/2124/1960
f 1960/2124/1960 257/274/257 1956/2122/1956
f 270/287/270 1963/2127/1963 905/965/905
f 278/298/278 276/297/276 1970/2135/1970
f 278/298/278 1970/2135/1970 1964/2128/1964
f 1964/2128/1964 266/283/266 278/298/278
f 1968/2133/1968 1979/2144/1979 2212/2404/2212
f 2213/2405/2213 1968/2133/1968 2212/2404/2212
f 1965/2129/1965 1968/2133/1968 2213/2405/2213
f 276/297/276 1969/2134/1969 1970/2135/1970
f 1967/2131/1967 1969/2134/1969 1965/2132/1965
f 1971/2136/1971 1963/2127/1963 1964/2128/1964
f 1972/2137/1972 1967/2131/1967 2214/2406/2214
f 296/316/296 1968/2133/1968 904/964/904
f 1980/2145/1980 1982/2147/1982 1976/2141/1976
f 298/318/298 297/317/297 1980/2145/1980
f 300/320/300 358/382/358 1981/2146/1981
f 1985/2150/1985 311/331/311 306/326/306
f 1996/2161/1996 319/339/319 309/329/309
f 1973/2138/1973 1985/2150/1985 905/965/905
f 1990/2155/1990 1991/2156/1991 311/331/311
f 1990/2155/1990 311/331/311 1985/2150/1985
f 1990/2155/1990 2215/2407/2215 1994/2159/1994
f 1987/2152/1987 2215/2407/2215 1990/2155/1990
f 1994/2159/1994 1992/2157/1992 1991/2156/1991
f 2008/2173/2008 1993/2158/1993 1997/2162/1997
f 2008/2173/2008 1995/2160/1995 1993/2158/1993
f 1998/2163/1998 325/345/325 321/341/321
f 1998/2163/1998 2001/2166/2001 332/352/332
f 1998/2163/1998 332/352/332 325/345/325
f 2003/2168/2003 1937/2095/1937 330/350/330
f 2000/2165/2000 2002/2167/2002 2042/2209/2042
f 2042/2209/2042 909/973/909 2000/2165/2000
f 909/973/909 906/966/906 2000/2165/2000
f 2003/2168/2003 331/351/331 397/423/397
f 1998/2163/1998 2005/2170/2005 2012/2177/2012
f 2001/2166/2001 2002/2167/2002 1999/2164/1999
f 2001/2166/2001 1998/2163/1998 2012/2177/2012
f 2041/2208/2041 2011/2176/2011 2013/2178/2013
f 2014/2179/2014 2005/2170/2005 2006/2171/2006
f 2017/2182/2017 2018/2183/2018 2013/2178/2013
f 1981/2146/1981 2024/2189/2024 1984/2149/1984
f 364/388/364 2022/2187/2022 359/383/359
f 2023/2188/2023 2022/2187/2022 2027/2192/2027
f 365/389/365 2028/2193/2028 2025/2190/2025
f 2025/2190/2025 2028/2193/2028 2030/2195/2030
f 2030/2195/2030 2026/2191/2026 2025/2190/2025
f 2032/2197/2032 2029/2194/2029 2028/2193/2028
f 2032/2197/2032 2031/2196/2031 2216/2408/2216
f 2031/2196/2031 2028/2193/2028 369/969/369
f 2037/2203/2037 2034/2200/2034 2217/2409/2217
f 2046/2410/2046 2037/2203/2037 2217/2409/2217
f 2034/2204/2034 373/399/373 443/470/443
f 1943/2101/1943 1940/2098/1940 2038/2205/2038
f 1937/2095/1937 2003/2168/2003 2038/2205/2038
f 898/954/898 2040/2207/2040 412/438/412
f 400/426/400 909/973/909 2042/2209/2042
f 424/450/424 910/974/910 2042/2209/2042
f 400/426/400 2042/2209/2042 399/425/399
f 2042/2209/2042 910/974/910 399/425/399
f 898/954/898 1943/2101/1943 2040/2207/2040
f 2042/2209/2042 2002/2167/2002 2015/2180/2015
f 2040/2207/2040 407/433/407 412/438/412
f 396/422/396 407/433/407 2040/2207/2040
f 402/428/402 401/427/401 2054/2221/2054
f 2043/2210/2043 2018/2183/2018 2021/2186/2021
f 2043/2210/2043 911/975/911 418/444/418
f 2015/2180/2015 2011/2176/2011 2041/2208/2041
f 2047/2214/2047 448/976/448 425/451/425
f 2050/2217/2050 2043/2210/2043 2218/2411/2218
f 2021/2186/2021 2218/2411/2218 2043/2210/2043
f 2053/2220/2053 2052/2219/2052 2049/2216/2049
f 1954/2114/1954 2054/2221/2054 1955/2115/1955
f 2056/2224/2056 1955/2120/1955 2054/2222/2054
f 2046/2213/2046 2217/2412/2217 2044/2211/2044
f 2034/2225/2034 2047/2214/2047 2044/2211/2044
f 2044/2211/2044 2217/2412/2217 2034/2225/2034
f 1959/2123/1959 1958/2119/1958 2055/2223/2055
f 2055/2223/2055 1958/2119/1958 2056/2224/2056
f 265/282/265 263/280/263 1962/2126/1962
f 265/282/265 1962/2126/1962 2059/2228/2059
f 454/483/454 2055/2223/2055 437/464/437
f 439/466/439 437/464/437 2055/2223/2055
f 599/630/599 2060/2229/2060 597/628/597
f 598/629/598 597/628/597 2060/2229/2060
f 600/631/600 2080/2254/2080 2063/2232/2063
f 599/630/599 2064/2233/2064 2060/2229/2060
f 2064/2233/2064 2219/2413/2219 2060/2229/2060
f 2061/2230/2061 2067/2236/2067 2062/2231/2062
f 2060/2229/2060 2219/2413/2219 2061/2230/2061
f 2068/2237/2068 601/632/601 2062/2231/2062
f 598/629/598 2062/2231/2062 601/632/601
f 601/632/601 2068/2237/2068 630/664/630
f 2220/2414/2220 2069/2238/2069 2068/2237/2068
f 2068/2237/2068 2069/2238/2069 630/664/630
f 2220/2414/2220 2070/2247/2070 2069/2238/2069
f 2069/2238/2069 634/669/634 636/673/636
f 633/670/633 2072/2242/2072 2075/2249/2075
f 2074/2244/2074 832/2331/832 2075/2245/2075
f 2072/2242/2072 633/670/633 634/669/634
f 917/984/917 2076/2250/2076 638/675/638
f 2076/2250/2076 651/688/651 641/678/641
f 2078/2252/2078 651/688/651 2076/2250/2076
f 651/688/651 2078/2252/2078 686/986/686
f 2077/2251/2077 2076/2250/2076 917/984/917
f 647/684/647 2077/2251/2077 916/983/916
f 2078/2252/2078 676/727/676 686/986/686
f 687/726/687 676/727/676 2078/2252/2078
f 2080/2254/2080 600/631/600 596/627/596
f 718/762/718 2084/2258/2084 2083/2257/2083
f 2086/2260/2086 710/754/710 711/755/711
f 918/988/918 919/989/919 2092/2267/2092
f 2092/2267/2092 723/768/723 918/988/918
f 2093/2268/2093 729/774/729 730/775/730
f 2086/2260/2086 2100/2275/2100 720/764/720
f 2100/2275/2100 2086/2260/2086 2094/2269/2094
f 730/775/730 2095/2270/2095 2093/2268/2093
f 2092/2267/2092 2093/2268/2093 2094/2269/2094
f 2100/2275/2100 2088/2263/2088 720/764/720
f 2097/2272/2097 2100/2275/2100 2094/2269/2094
f 2097/2272/2097 2094/2269/2094 2095/2270/2095
f 2095/2270/2095 2105/2280/2105 2096/2271/2096
f 2103/2278/2103 2102/2277/2102 2109/2284/2109
f 2105/2280/2105 2109/2284/2109 2102/2277/2102
f 728/773/728 735/780/735 2095/2270/2095
f 2106/2281/2106 2108/2283/2108 2110/2285/2110
f 2108/2283/2108 2107/2282/2107 2221/2415/2221
f 1945/2103/1945 2113/2288/2113 2111/2286/2111
f 2112/2287/2112 2115/2290/2115 738/783/738
f 2113/2288/2113 2114/2289/2114 2112/2287/2112
f 2132/2307/2132 2116/2291/2116 241/256/241
f 2118/2293/2118 2114/2289/2114 2113/2288/2113
f 2135/2310/2135 2116/2291/2116 2132/2307/2132
f 2117/2292/2117 2116/2291/2116 2135/2310/2135
f 2118/2293/2118 2115/2290/2115 2114/2289/2114
f 2124/2299/2124 2122/2297/2122 2119/2294/2119
f 2117/2292/2117 2121/2296/2121 2118/2293/2118
f 2124/2299/2124 2123/2298/2123 2138/2313/2138
f 645/682/645 912/978/912 2126/2301/2126
f 2139/2314/2139 2127/2302/2127 2128/2303/2128
f 2139/2314/2139 2128/2303/2128 2124/2299/2124
f 2133/2308/2133 748/793/748 743/788/743
f 251/266/251 2133/2308/2133 903/962/903
f 2134/2309/2134 2131/2306/2131 2133/2308/2133
f 2133/2308/2133 745/790/745 2134/2309/2134
f 2132/2307/2132 2134/2309/2134 2135/2310/2135
f 2117/2292/2117 752/799/752 922/995/922
f 2138/2313/2138 2123/2298/2123 2121/2296/2121
f 922/995/922 2138/2313/2138 2121/2296/2121
f 922/995/922 2121/2296/2121 2117/2292/2117
f 763/810/763 765/812/765 2139/2314/2139
f 763/810/763 2139/2314/2139 2136/2311/2136
f 2136/2311/2136 761/808/761 763/810/763
f 2142/2317/2142 2158/2338/2158 2127/2302/2127
f 2158/2338/2158 2130/2305/2130 2127/2302/2127
f 765/812/765 764/811/764 2142/2317/2142
f 764/811/764 769/816/769 2159/2339/2159
f 2149/2326/2149 2148/2325/2148 2144/2320/2144
f 2149/2326/2149 2144/2320/2144 800/848/800
f 779/826/779 2144/2320/2144 780/827/780
f 2144/2319/2144 2148/2416/2148 2143/2318/2143
f 799/847/799 2149/2326/2149 800/848/800
f 810/858/810 2147/2324/2147 769/816/769
f 2146/2323/2146 2145/2321/2145 2148/2416/2148
f 2148/2416/2148 2145/2321/2145 2143/2318/2143
f 2143/2318/2143 923/996/923 921/994/921
f 2146/2323/2146 809/857/809 2145/2321/2145
f 2164/2344/2164 2147/2324/2147 811/859/811
f 815/863/815 2164/2346/2164 811/1000/811
f 812/860/812 814/862/814 2146/2322/2146
f 821/869/821 2149/2326/2149 799/847/799
f 2171/2357/2171 870/922/870 822/870/822
f 813/861/813 812/860/812 2146/2322/2146
f 820/868/820 2149/2326/2149 821/869/821
f 2074/2244/2074 2222/2417/2222 2152/2329/2152
f 2186/2374/2186 828/876/828 825/873/825
f 2151/2328/2151 2188/2376/2188 2186/2374/2186
f 2186/2374/2186 825/873/825 2151/2328/2151
f 832/880/832 2150/2327/2150 830/878/830
f 873/925/873 2171/2357/2171 822/870/822
f 927/1001/927 849/897/849 2155/2335/2155
f 850/898/850 2155/2335/2155 849/897/849
f 2130/2305/2130 2158/2338/2158 2156/2336/2156
f 2157/2337/2157 848/896/848 2156/2336/2156
f 2157/2337/2157 2156/2336/2156 2158/2338/2158
f 848/896/848 2157/2337/2157 846/894/846
f 2154/2334/2154 847/895/847 846/894/846
f 852/900/852 2126/2301/2126 2129/2304/2129
f 2129/2304/2129 2130/2305/2130 852/900/852
f 2159/2339/2159 2142/2317/2142 764/811/764
f 2161/2341/2161 930/1005/930 2159/2339/2159
f 929/1004/929 2154/2334/2154 846/894/846
f 928/1003/928 859/909/859 2154/2334/2154
f 769/816/769 2161/2341/2161 2159/2339/2159
f 2164/2344/2164 2160/2340/2160 2147/2324/2147
f 2164/2346/2164 815/863/815 871/923/871
f 853/901/853 2161/2341/2161 2163/2343/2163
f 2172/2367/2172 2163/2350/2163 2165/2349/2165
f 655/692/655 2077/2251/2077 927/1001/927
f 867/2418/867 691/735/691 2167/2352/2167
f 2168/2353/2168 867/2418/867 2167/2352/2167
f 859/909/859 2168/2353/2168 2154/2334/2154
f 2163/2343/2163 854/902/854 853/901/853
f 859/909/859 856/908/856 2168/2353/2168
f 867/2418/867 2168/2353/2168 868/2354/868
f 2172/2358/2172 2165/2347/2165 871/923/871
f 2177/2363/2177 2172/2367/2172 2176/2369/2176
f 2176/2362/2176 2172/2358/2172 2175/2361/2175
f 873/925/873 933/1008/933 2175/2361/2175
f 874/926/874 2176/2362/2176 933/1008/933
f 2163/2350/2163 2178/2364/2178 854/911/854
f 2163/2350/2163 2172/2367/2172 2178/2364/2178
f 2185/2373/2185 828/876/828 2186/2374/2186
f 2223/2419/2223 2224/2420/2224 2192/2380/2192
f 2225/2421/2225 2192/2380/2192 2189/2377/2189
f 2193/2382/2193 2181/2368/2181 2176/2369/2176
f 874/926/874 2193/2381/2193 2176/2362/2176
f 2197/2386/2197 2183/2371/2183 2194/2383/2194
f 2194/2383/2194 2183/2371/2183 2182/2370/2182
f 2196/2385/2196 935/1010/935 2191/2379/2191
f 935/1010/935 877/929/877 2191/2379/2191
f 2199/2388/2199 2183/2371/2183 2197/2386/2197
f 2191/2379/2191 2192/2380/2192 2195/2384/2195
f 2200/2390/2200 2199/2388/2199 2198/2387/2198
f 2200/2390/2200 2195/2389/2195 2226/2422/2226
f 2224/2420/2224 2195/2384/2195 2192/2380/2192
f 2180/2366/2180 2201/2391/2201 860/910/860
f 2201/2391/2201 869/921/869 860/910/860
f 883/935/883 2207/2397/2207 886/938/886
f 2207/2397/2207 883/935/883 884/936/884
f 880/932/880 2107/2282/2107 734/779/734
f 2204/2394/2204 2203/2393/2203 887/939/887
f 2227/2423/2227 2221/2415/2221 2107/2282/2107
f 2203/2393/2203 2227/2423/2227 2107/2282/2107
f 2206/2396/2206 2207/2397/2207 2228/2424/2228
f 884/936/884 885/937/885 2202/2392/2202
f 2209/2399/2209 2229/2425/2229 2207/2397/2207
f 2211/2401/2211 2208/2398/2208 2210/2400/2210
f 2200/2390/2200 2211/2401/2211 2199/2388/2199
f 2228/2424/2228 2207/2397/2207 2229/2425/2229
f 2230/2426/2230 1992/2157/1992 2231/2427/2231
f 2230/2426/2230 1997/2162/1997 1992/2157/1992
f 2024/2189/2024 2023/2188/2023 2232/2428/2232
f 2035/2201/2035 2036/2202/2036 2233/2429/2233
f 2234/2430/2234 2064/2233/2064 2065/2234/2065
f 2219/2413/2219 2235/2431/2235 2067/2236/2067
f 2220/2414/2220 2068/2237/2068 2236/2432/2236
f 2067/2236/2067 2236/2432/2236 2068/2237/2068
f 2068/2237/2068 2066/2235/2066 2067/2236/2067
f 2070/2239/2070 2237/2433/2237 2071/2240/2071
f 2081/2255/2081 2079/2253/2079 2238/2434/2238
f 2190/2378/2190 2225/2421/2225 2189/2377/2189
f 2223/2419/2223 2195/2384/2195 2224/2420/2224
f 2205/2395/2205 2204/2394/2204 2228/2424/2228
f 1966/2130/1966 2239/2435/2239 945/1022/945
f 2212/2404/2212 938/1013/938 2239/2436/2239
f 2239/2435/2239 937/1018/937 941/1017/941
f 945/1022/945 2239/2435/2239 941/1017/941
f 937/1012/937 2239/2436/2239 938/1013/938
f 1966/2130/1966 945/1022/945 2240/2437/2240
f 945/1022/945 944/1021/944 2240/2437/2240
f 952/1029/952 2241/2438/2241 2240/2437/2240
f 2240/2437/2240 944/1021/944 952/1029/952
f 2242/2439/2242 950/1027/950 965/1042/965
f 966/1043/966 2243/2440/2243 964/1041/964
f 969/1046/969 968/1045/968 1977/2142/1977
f 1977/2142/1977 968/1045/968 1979/2144/1979
f 2244/2441/2244 1003/1081/1003 975/1052/975
f 1982/2147/1982 2244/2441/2244 969/1046/969
f 969/1046/969 2244/2441/2244 975/1052/975
f 2232/2428/2232 982/1059/982 1003/1081/1003
f 2245/2442/2245 1007/1085/1007 2232/2428/2232
f 982/1059/982 2232/2428/2232 1007/1085/1007
f 1010/1088/1010 2246/2443/2246 1011/1089/1011
f 2245/2442/2245 2246/2443/2246 1010/1088/1010
f 2247/2444/2247 2248/2445/2248 1011/1089/1011
f 2248/2445/2248 1045/1126/1045 1011/1089/1011
f 1046/1127/1046 2248/2445/2248 2216/2408/2216
f 1048/1129/1048 1046/1127/1046 2249/2446/2249
f 1048/1129/1048 2249/2446/2249 1054/1135/1054
f 2216/2408/2216 2249/2446/2249 1046/1127/1046
f 2233/2429/2233 1054/1135/1054 2249/2446/2249
f 1021/1099/1021 1016/1094/1016 2250/2447/2250
f 1016/1094/1016 1051/1132/1051 2251/2448/2251
f 2251/2448/2251 2250/2447/2250 1016/1094/1016
f 2252/2449/2252 2250/2447/2250 2251/2448/2251
f 2252/2449/2252 2253/2450/2253 2254/2451/2254
f 2252/2449/2252 2251/2448/2251 2253/2450/2253
f 1057/1138/1057 2254/2451/2254 2253/2450/2253
f 1057/1138/1057 2253/2450/2253 1058/1139/1058
f 2255/2452/2255 2256/2453/2256 1061/1143/1061
f 2255/2452/2255 1061/1143/1061 1027/1105/1027
f 2254/2451/2254 1079/1166/1079 2257/2454/2257
f 2254/2451/2254 1076/1167/1076 1079/1166/1079
f 1056/1137/1056 1076/1167/1076 2254/2451/2254
f 1079/1166/1079 1078/1168/1078 2257/2454/2257
f 2257/2454/2257 1078/1168/1078 2256/2453/2256
f 1101/1200/1101 2258/2455/2258 1104/1203/1104
f 2258/2455/2258 2259/2456/2259 1104/1203/1104
f 2259/2456/2259 966/1043/966 1104/1203/1104
f 2258/2455/2258 1103/1202/1103 1102/1201/1102
f 1888/2028/1888 2260/2457/2260 2258/2458/2258
f 1888/2029/1888 2258/2455/2258 1102/1201/1102
f 952/1029/952 1889/2030/1889 2261/2459/2261
f 1889/2030/1889 2262/2460/2262 1989/2154/1989
f 1989/2154/1989 2261/2459/2261 1889/2030/1889
f 1889/2030/1889 1206/1306/1206 2262/2460/2262
f 1211/1311/1211 1215/1315/1215 2263/2461/2263
f 1207/1307/1207 1211/1311/1211 2231/2427/2231
f 2264/2462/2264 2265/2463/2265 2242/2439/2242
f 2242/2439/2242 2265/2463/2265 951/1028/951
f 2266/2464/2266 2265/2463/2265 2264/2462/2264
f 2267/2465/2267 2266/2464/2266 2264/2462/2264
f 2266/2464/2266 2268/2466/2268 1890/2031/1890
f 2242/2439/2242 2267/2465/2267 2264/2462/2264
f 965/1042/965 2267/2465/2267 2242/2439/2242
f 2267/2465/2267 1216/1316/1216 2269/2467/2269
f 2243/2440/2243 1217/1317/1217 1216/1316/1216
f 2243/2440/2243 1216/1316/1216 965/1042/965
f 2270/2468/2270 2269/2467/2269 1216/1316/1216
f 2270/2468/2270 1218/1318/1218 2271/2469/2271
f 2270/2468/2270 1216/1316/1216 1218/1318/1218
f 2272/2470/2272 2273/2471/2273 2268/2466/2268
f 2268/2466/2268 2269/2467/2269 2272/2470/2272
f 2270/2468/2270 2272/2470/2272 2269/2467/2269
f 2271/2469/2271 2272/2470/2272 2270/2468/2270
f 2267/2465/2267 965/1042/965 1216/1316/1216
f 1215/1315/1215 1220/1320/1220 2274/2472/2274
f 2007/2172/2007 2274/2472/2274 1220/1320/1220
f 1219/1319/1219 2275/2473/2275 1220/1320/1220
f 2275/2473/2275 1891/2032/1891 1892/2033/1892
f 1228/1328/1228 2275/2473/2275 1226/1326/1226
f 1226/1326/1226 2275/2473/2275 1213/1313/1213
f 2276/2474/2276 1891/2032/1891 2275/2473/2275
f 2277/2475/2277 2278/2476/2278 2276/2474/2276
f 1895/2036/1895 2019/2184/2019 2278/2476/2278
f 2279/2477/2279 2280/2478/2280 2277/2475/2277
f 2277/2475/2277 2280/2478/2280 2278/2476/2278
f 2281/2479/2281 2277/2475/2277 2282/2480/2282
f 1893/2034/1893 1239/1339/1239 2282/2480/2282
f 2282/2480/2282 1232/1332/1232 1893/2034/1893
f 2280/2478/2280 1894/2035/1894 1895/2036/1895
f 2280/2478/2280 1895/2036/1895 2278/2476/2278
f 2283/2481/2283 1896/2037/1896 1897/2038/1897
f 1896/2037/1896 2283/2481/2283 2281/2479/2281
f 2284/2482/2284 2282/2480/2282 2277/2475/2277
f 1895/2036/1895 1253/1353/1253 2019/2184/2019
f 2285/2483/2285 1246/1346/1246 1221/1321/1221
f 2285/2483/2285 1221/1321/1221 2273/2471/2273
f 2272/2470/2272 2285/2483/2285 2273/2471/2273
f 1248/1348/1248 1246/1346/1246 2285/2483/2285
f 2285/2483/2285 2286/2484/2286 1250/1350/1250
f 1247/1347/1247 1898/2039/1898 2287/2485/2287
f 1247/1347/1247 2287/2485/2287 1252/1352/1252
f 2285/2483/2285 1250/1350/1250 1248/1348/1248
f 1253/1353/1253 2218/2411/2218 2021/2186/2021
f 1255/1355/1255 2218/2411/2218 1253/1353/1253
f 1261/1361/1261 2053/2220/2053 2288/2486/2288
f 1258/1358/1258 1261/1361/1261 2288/2486/2288
f 2288/2486/2288 1259/1359/1259 1258/1358/1258
f 1259/1359/1259 2288/2486/2288 1255/1355/1255
f 1271/1371/1271 2289/2487/2289 1269/1369/1269
f 1269/1369/1269 2289/2487/2289 1270/1370/1270
f 1899/2040/1899 2290/2488/2290 1272/1372/1272
f 1273/1385/1273 2291/2489/2291 2045/2212/2045
f 2233/2429/2233 1275/1375/1275 1054/1135/1054
f 1275/1375/1275 2233/2429/2233 2292/2490/2292
f 1273/1373/1273 1275/1375/1275 2292/2490/2292
f 2287/2485/2287 1898/2039/1898 1901/2045/1901
f 2293/2491/2293 2289/2487/2289 2290/2488/2290
f 2287/2485/2287 2293/2491/2293 2290/2488/2290
f 2294/2492/2294 2295/2493/2295 2293/2491/2293
f 2294/2492/2294 2293/2491/2293 2287/2485/2287
f 1292/1395/1292 2289/2487/2289 2296/2494/2296
f 2293/2491/2293 2296/2494/2296 2289/2487/2289
f 1299/1403/1299 2296/2494/2296 1300/1404/1300
f 2297/2495/2297 2298/2496/2298 2295/2497/2295
f 2296/2494/2296 2295/2493/2295 1300/1404/1300
f 2297/2495/2297 2295/2497/2295 2294/2498/2294
f 1901/2045/1901 2294/2492/2294 2287/2485/2287
f 2296/2494/2296 2293/2491/2293 2295/2493/2295
f 2299/2499/2299 2243/2440/2243 2258/2455/2258
f 2300/2500/2300 2243/2440/2243 2299/2499/2299
f 2301/2501/2301 2299/2499/2299 2302/2502/2302
f 2303/2503/2303 2302/2504/2302 2260/2457/2260
f 2260/2505/2260 2302/2502/2302 2299/2499/2299
f 2286/2484/2286 2301/2501/2301 2304/2506/2304
f 2304/2506/2304 1902/2049/1902 2286/2484/2286
f 1902/2049/1902 1250/1350/1250 2286/2484/2286
f 2301/2501/2301 2302/2502/2302 2304/2506/2304
f 2304/2506/2304 2305/2507/2305 1902/2049/1902
f 1335/2508/1335 1330/2509/1330 2306/2510/2306
f 2307/2511/2307 1330/2509/1330 1336/2512/1336
f 2308/2513/2308 2307/2511/2307 1336/2512/1336
f 2308/2513/2308 2309/2514/2309 2310/2515/2310
f 2311/2516/2311 2310/2515/2310 2309/2514/2309
f 2308/2513/2308 2312/2517/2312 2307/2511/2307
f 1336/2512/1336 2309/2514/2309 2308/2513/2308
f 2309/2514/2309 1336/2512/1336 2311/2516/2311
f 2306/2510/2306 1330/2509/1330 2307/2511/2307
f 2294/2498/2294 1901/2053/1901 1904/2052/1904
f 2294/2498/2294 1904/2052/1904 2313/2518/2313
f 2314/2519/2314 2313/2518/2313 2306/2510/2306
f 2306/2510/2306 2313/2518/2313 1904/2052/1904
f 2314/2519/2314 2315/2520/2315 2313/2518/2313
f 2306/2510/2306 2316/2521/2316 2314/2519/2314
f 2316/2521/2316 2317/2522/2317 2318/2523/2318
f 2316/2521/2316 2318/2523/2318 2314/2519/2314
f 1341/1452/1341 2319/2524/2319 1906/2055/1906
f 1906/2055/1906 2319/2524/2319 2320/2525/2320
f 1338/1449/1338 2319/2524/2319 1339/1450/1339
f 1337/1448/1337 2321/2526/2321 2310/2515/2310
f 1337/1448/1337 1339/1450/1339 2321/2526/2321
f 1905/2054/1905 2321/2526/2321 1339/1450/1339
f 2321/2526/2321 2322/2527/2322 2323/2528/2323
f 2323/2528/2323 2310/2515/2310 2321/2526/2321
f 2310/2515/2310 2323/2528/2323 2308/2513/2308
f 1341/1452/1341 1339/1450/1339 2319/2524/2319
f 2324/2529/2324 1110/1209/1110 1136/1236/1136
f 2324/2529/2324 1343/1454/1343 1110/1209/1110
f 1345/1456/1345 1343/1454/1343 2324/2529/2324
f 2325/2530/2325 1905/2054/1905 2324/2529/2324
f 1905/2054/1905 1345/1456/1345 2324/2529/2324
f 1387/1498/1387 2326/2531/2326 2327/2532/2327
f 2324/2529/2324 2327/2532/2327 2326/2531/2326
f 2328/2533/2328 2325/2530/2325 2324/2529/2324
f 1908/2057/1908 2328/2533/2328 2326/2531/2326
f 2322/2527/2322 2325/2530/2325 2328/2533/2328
f 2328/2533/2328 2329/2534/2329 2322/2527/2322
f 2330/2535/2330 2317/2522/2317 2316/2521/2316
f 2330/2535/2330 2331/2536/2331 2317/2522/2317
f 2329/2534/2329 2332/2537/2332 2331/2536/2331
f 2322/2527/2322 2331/2536/2331 2330/2535/2330
f 2332/2537/2332 2317/2522/2317 2331/2536/2331
f 2333/2538/2333 2315/2520/2315 2334/2539/2334
f 2297/2495/2297 2315/2520/2315 2333/2538/2333
f 2335/2540/2335 2336/2541/2336 2333/2538/2333
f 1348/1459/1348 2335/2540/2335 2334/2539/2334
f 2334/2539/2334 2335/2540/2335 2333/2538/2333
f 1348/1459/1348 1347/1458/1347 2335/2540/2335
f 2334/2539/2334 1346/1457/1346 1348/1459/1348
f 1346/1457/1346 2334/2539/2334 2337/2542/2337
f 2315/2520/2315 2337/2542/2337 2334/2539/2334
f 2335/2540/2335 1356/1467/1356 2336/2541/2336
f 1350/1461/1350 2337/2542/2337 2318/2523/2318
f 2318/2523/2318 2317/2522/2317 2338/2543/2338
f 2339/2544/2339 2338/2543/2338 2340/2545/2340
f 1352/1463/1352 1350/1461/1350 2338/2543/2338
f 2341/2546/2341 1352/1463/1352 2339/2544/2339
f 2341/2546/2341 2338/2543/2338 2332/2537/2332
f 1352/1463/1352 2341/2546/2341 1354/1465/1354
f 2338/2543/2338 1350/1461/1350 2318/2523/2318
f 2340/2545/2340 2338/2543/2338 2341/2546/2341
f 2341/2546/2341 2339/2544/2339 2340/2545/2340
f 2342/2547/2342 1382/1493/1382 1354/1465/1354
f 1389/1500/1389 2343/2548/2343 1908/2057/1908
f 1908/2057/1908 2343/2548/2343 2329/2534/2329
f 2343/2548/2343 2342/2547/2342 2332/2537/2332
f 1383/1494/1383 1382/1493/1382 2342/2547/2342
f 2343/2548/2343 1383/1494/1383 2342/2547/2342
f 1395/1506/1395 1397/1508/1397 2344/2549/2344
f 2345/2550/2345 1401/1512/1401 2346/2551/2346
f 2346/2551/2346 1401/1512/1401 1403/1514/1403
f 1403/1514/1403 1381/1492/1381 2344/2549/2344
f 2347/2552/2347 2346/2551/2346 2344/2549/2344
f 1403/1514/1403 2344/2549/2344 2346/2551/2346
f 1909/2060/1909 2348/2553/2348 1409/1520/1409
f 2348/2553/2348 1414/1525/1414 1409/1520/1409
f 2349/2554/2349 1412/1523/1412 2348/2553/2348
f 2348/2553/2348 2350/2555/2350 2349/2554/2349
f 1910/2061/1910 2349/2554/2349 2351/2556/2351
f 2349/2554/2349 2350/2555/2350 2351/2556/2351
f 1464/1578/1464 2234/2557/2234 1465/1579/1465
f 1465/1579/1465 2234/2557/2234 1469/1583/1469
f 2352/2558/2352 2353/2559/2353 1467/1581/1467
f 1470/1584/1470 1469/1583/1469 2351/2556/2351
f 1470/1584/1470 2351/2556/2351 2352/2558/2352
f 1471/1585/1471 1470/1584/1470 2352/2558/2352
f 1468/1582/1468 1467/1581/1467 2353/2559/2353
f 1909/2060/1909 1468/1582/1468 2353/2559/2353
f 1474/1588/1474 2354/2560/2354 2236/2561/2236
f 1477/1591/1477 2237/2433/2237 2354/2560/2354
f 1479/1593/1479 2237/2433/2237 1477/1591/1477
f 1474/1588/1474 2236/2561/2236 1472/1586/1472
f 1577/1691/1577 2355/2562/2355 1571/1685/1571
f 1572/1686/1572 1571/1685/1571 2355/2562/2355
f 2234/2430/2234 2082/2256/2082 2355/2563/2355
f 2234/2557/2234 2355/2562/2355 1577/1691/1577
f 2238/2434/2238 1572/2564/1572 2355/2563/2355
f 1584/1698/1584 2356/2565/2356 1581/1695/1581
f 1572/2064/1572 2356/2565/2356 1584/1698/1584
f 2357/2566/2357 1582/1696/1582 1581/1695/1581
f 2356/2565/2356 2357/2566/2357 1581/1695/1581
f 2358/2567/2358 1613/1735/1613 2357/2566/2357
f 2357/2566/2357 1613/1735/1613 1582/1696/1582
f 1602/1724/1602 2359/2568/2359 1603/1725/1603
f 2360/2569/2360 2359/2570/2359 1599/1717/1599
f 1604/1726/1604 2360/2569/2360 1599/1717/1599
f 2361/2571/2361 1604/1726/1604 1606/1728/1606
f 2361/2571/2361 2359/2570/2359 2360/2569/2360
f 2360/2569/2360 1604/1726/1604 2361/2571/2361
f 1610/1732/1610 2361/2571/2361 1606/1728/1606
f 1611/1733/1611 2358/2567/2358 2101/2276/2101
f 2358/2567/2358 1611/1733/1611 1613/1735/1613
f 2101/2276/2101 1614/1736/1614 1611/1733/1611
f 2103/2278/2103 1620/1742/1620 1619/1741/1619
f 1624/1746/1624 1623/1745/1623 2362/2572/2362
f 2362/2572/2362 1623/1745/1623 1620/1742/1620
f 2110/2285/2110 1624/1746/1624 2362/2572/2362
f 2361/2571/2361 1651/1774/1651 1642/1773/1642
f 2363/2573/2363 2364/2574/2364 1719/1849/1719
f 2365/2575/2365 2363/2576/2363 1730/1861/1730
f 2366/2577/2366 2367/2578/2367 2364/2574/2364
f 1742/1873/1742 1745/1876/1745 2367/2578/2367
f 2364/2574/2364 2367/2578/2367 1745/1876/1745
f 2366/2577/2366 2368/2579/2368 2367/2578/2367
f 2368/2580/2368 2369/2581/2369 1742/2070/1742
f 1742/1873/1742 2367/2578/2367 2368/2579/2368
f 1479/1593/1479 2370/2582/2370 2237/2433/2237
f 2370/2582/2370 1479/1593/1479 1752/1884/1752
f 1754/1886/1754 2370/2582/2370 1752/1884/1752
f 1755/1887/1755 2370/2582/2370 1754/1886/1754
f 1764/1896/1764 2153/2332/2153 1755/1887/1755
f 1755/1887/1755 2153/2332/2153 2222/2417/2222
f 2371/2583/2371 1834/1966/1834 1782/1914/1782
f 2372/2584/2372 2371/2583/2371 1782/1914/1782
f 1748/1879/1748 1917/2073/1917 2373/2585/2373
f 2374/2586/2374 1917/2073/1917 1747/1878/1747
f 2373/2587/2373 1785/1917/1785 1780/1912/1780
f 2373/2587/2373 2375/2588/2375 1785/1917/1785
f 2376/2589/2376 2375/2590/2375 2373/2585/2373
f 2374/2586/2374 2373/2585/2373 1917/2073/1917
f 2375/2588/2375 2372/2584/2372 1784/1916/1784
f 2377/2591/2377 2375/2590/2375 2378/2592/2378
f 2378/2592/2378 2375/2590/2375 2376/2589/2376
f 2375/2588/2375 1784/1916/1784 1785/1917/1785
f 2379/2593/2379 2377/2591/2377 2378/2592/2378
f 2380/2594/2380 2381/2595/2381 1789/1921/1789
f 2382/2596/2382 2380/2594/2380 1789/1921/1789
f 1791/1923/1791 2382/2596/2382 1790/1922/1790
f 2382/2596/2382 1789/1921/1789 1790/1922/1790
f 1805/1937/1805 2383/2597/2383 1800/1932/1800
f 1801/1933/1801 1800/1932/1800 2382/2596/2382
f 1801/1933/1801 2382/2596/2382 1791/1923/1791
f 2384/2598/2384 2374/2586/2374 1919/2075/1919
f 2385/2599/2385 2384/2598/2384 1919/2075/1919
f 1918/2074/1918 2385/2599/2385 1919/2075/1919
f 2385/2599/2385 2386/2600/2386 1811/1943/1811
f 1811/1943/1811 2386/2600/2386 1809/1941/1809
f 2386/2600/2386 2385/2599/2385 2382/2596/2382
f 2387/2601/2387 2385/2599/2385 1811/1943/1811
f 2388/2602/2388 2387/2601/2387 1811/1943/1811
f 1810/1942/1810 2388/2602/2388 1811/1943/1811
f 2389/2603/2389 2383/2597/2383 1806/1938/1806
f 2389/2603/2389 1810/1942/1810 2386/2600/2386
f 1809/1941/1809 2386/2600/2386 1810/1942/1810
f 2383/2597/2383 2389/2603/2389 2386/2600/2386
f 2390/2604/2390 2388/2602/2388 2391/2605/2391
f 2391/2605/2391 2388/2602/2388 2392/2606/2392
f 1810/1942/1810 2392/2606/2392 2388/2602/2388
f 1810/1942/1810 2391/2605/2391 2392/2606/2392
f 2391/2605/2391 1810/1942/1810 2389/2603/2389
f 1806/1938/1806 2393/2607/2393 2389/2603/2389
f 2390/2604/2390 2391/2605/2391 2393/2607/2393
f 2369/2581/2369 2381/2595/2381 1918/2074/1918
f 2393/2607/2393 2391/2605/2391 2389/2603/2389
f 2394/2608/2394 2395/2609/2395 2396/2610/2396
f 2396/2610/2396 2395/2609/2395 2376/2589/2376
f 2396/2610/2396 2376/2589/2376 2384/2598/2384
f 2397/2611/2397 2398/2612/2398 2384/2598/2384
f 2398/2612/2398 2396/2610/2396 2384/2598/2384
f 2399/2613/2399 2400/2614/2400 2394/2608/2394
f 2394/2608/2394 2400/2614/2400 1922/2078/1922
f 2396/2610/2396 2399/2613/2399 2394/2608/2394
f 2401/2615/2401 2399/2613/2399 2398/2612/2398
f 2387/2601/2387 2402/2616/2402 2397/2611/2397
f 2384/2598/2384 2387/2601/2387 2397/2611/2397
f 2402/2616/2402 2403/2617/2403 2397/2611/2397
f 2397/2611/2397 2401/2615/2401 2398/2612/2398
f 2395/2609/2395 2394/2608/2394 2404/2618/2404
f 2398/2612/2398 2399/2613/2399 2396/2610/2396
f 2405/2619/2405 1808/1940/1808 1803/1935/1803
f 2405/2619/2405 1803/1935/1803 1923/2079/1923
f 2406/2620/2406 2407/2621/2407 1813/1945/1813
f 1813/1945/1813 1812/1944/1812 2406/2620/2406
f 2406/2620/2406 1812/1944/1812 1808/1940/1808
f 2405/2619/2405 2406/2620/2406 1808/1940/1808
f 2407/2621/2407 2393/2607/2393 1813/1945/1813
f 2407/2621/2407 2406/2620/2406 2408/2622/2408
f 1402/1513/1402 2405/2619/2405 1923/2079/1923
f 2345/2550/2345 2406/2620/2406 2405/2619/2405
f 2345/2550/2345 2405/2619/2405 1402/1513/1402
f 2345/2550/2345 2408/2622/2408 2406/2620/2406
f 1814/1946/1814 2347/2552/2347 2409/2623/2409
f 2410/2624/2410 1814/1946/1814 1815/1947/1815
f 2345/2550/2345 2410/2624/2410 2408/2622/2408
f 2410/2624/2410 2411/2625/2411 2408/2622/2408
f 2412/2626/2412 2413/2627/2413 2414/2628/2414
f 2414/2628/2414 1924/2080/1924 2415/2629/2415
f 2416/2630/2416 2417/2631/2417 2412/2626/2412
f 2412/2626/2412 2415/2629/2415 2416/2630/2416
f 2416/2630/2416 2415/2629/2415 1912/2063/1912
f 2415/2629/2415 1924/2080/1924 1912/2063/1912
f 2416/2630/2416 1569/1683/1569 1925/2081/1925
f 1567/1681/1567 1569/1683/1569 2416/2630/2416
f 1567/1681/1567 2416/2630/2416 1912/2063/1912
f 2416/2630/2416 1925/2081/1925 2417/2631/2417
f 2415/2629/2415 2412/2626/2412 2414/2628/2414
f 2413/2627/2413 2418/2632/2418 2407/2621/2407
f 2407/2621/2407 2419/2633/2419 2413/2627/2413
f 2420/2634/2420 2421/2635/2421 2422/2636/2422
f 2422/2636/2422 2421/2635/2421 2418/2632/2418
f 2412/2626/2412 2422/2636/2422 2418/2632/2418
f 2412/2626/2412 2418/2632/2418 2413/2627/2413
f 2417/2631/2417 2423/2637/2423 2424/2638/2424
f 2422/2636/2422 2417/2631/2417 2424/2638/2424
f 2425/2639/2425 2426/2640/2426 2420/2634/2420
f 2420/2634/2420 2426/2640/2426 2421/2635/2421
f 2423/2637/2423 2420/2634/2420 2424/2638/2424
f 2424/2638/2424 2420/2634/2420 2422/2636/2422
f 2427/2641/2427 2428/2642/2428 2225/2643/2225
f 2429/2644/2429 2428/2642/2428 2427/2641/2427
f 2190/2378/2190 1769/2645/1769 2225/2421/2225
f 1769/2645/1769 2190/2378/2190 2430/2646/2430
f 1820/1952/1820 2225/2643/2225 1818/1950/1818
f 1818/1950/1818 2225/2643/2225 2428/2642/2428
f 2429/2644/2429 2427/2641/2427 2431/2647/2431
f 2431/2648/2431 1769/1901/1769 2432/2649/2432
f 2433/2650/2433 2428/2642/2428 2431/2647/2431
f 2433/2651/2433 2431/2648/2431 2432/2649/2432
f 2434/2652/2434 2433/2651/2433 2432/2649/2432
f 2434/2652/2434 2432/2649/2432 1916/2072/1916
f 1818/1950/1818 1817/1949/1817 2435/2653/2435
f 2435/2653/2435 1817/1949/1817 1816/1948/1816
f 2435/2653/2435 2433/2650/2433 2436/2654/2436
f 2435/2653/2435 1816/1948/1816 2428/2642/2428
f 2433/2650/2433 2435/2653/2435 2428/2642/2428
f 2431/2648/2431 2427/2655/2427 1769/1901/1769
f 1816/1948/1816 1818/1950/1818 2428/2642/2428
f 2428/2642/2428 2429/2644/2429 2431/2647/2431
f 1819/1951/1819 2437/2656/2437 2223/2657/2223
f 2223/2657/2223 1820/1952/1820 1819/1951/1819
f 1824/1956/1824 2438/2658/2438 2437/2656/2437
f 2436/2654/2436 1821/1953/1821 2435/2653/2435
f 2439/2659/2439 2436/2654/2436 2440/2660/2440
f 2441/2661/2441 1861/1995/1861 2439/2659/2439
f 2439/2659/2439 1861/1995/1861 1826/1958/1826
f 2439/2659/2439 1826/1958/1826 1821/1953/1821
f 1819/1951/1819 1824/1956/1824 2437/2656/2437
f 2439/2659/2439 1821/1953/1821 2436/2654/2436
f 2434/2652/2434 1916/2072/1916 1783/1915/1783
f 2442/2662/2442 2434/2652/2434 1830/1962/1830
f 1830/1962/1830 2434/2652/2434 1926/2082/1926
f 1830/1962/1830 1832/1964/1832 2442/2662/2442
f 2443/2663/2443 2440/2660/2440 2444/2664/2444
f 2445/2665/2445 2441/2661/2441 2439/2659/2439
f 2446/2666/2446 1929/2086/1929 1928/2085/1928
f 1929/2086/1929 2443/2663/2443 1930/2087/1930
f 1845/1979/1845 1844/1978/1844 2446/2666/2446
f 1845/1979/1845 2446/2666/2446 1928/2085/1928
f 2446/2666/2446 2445/2665/2445 2443/2663/2443
f 1929/2086/1929 2446/2666/2446 2443/2663/2443
f 1842/1976/1842 2446/2666/2446 1844/1978/1844
f 2446/2666/2446 1932/2089/1932 1934/2091/1934
f 2446/2666/2446 2447/2667/2447 2445/2665/2445
f 2441/2661/2441 2445/2665/2445 2447/2667/2447
f 1842/1976/1842 1846/1980/1846 2446/2666/2446
f 2446/2666/2446 1846/1980/1846 1932/2089/1932
f 2448/2668/2448 1850/1984/1850 1624/1746/1624
f 1851/1985/1851 1850/1984/1850 2448/2668/2448
f 2227/2423/2227 2449/2669/2449 1851/1985/1851
f 1851/1985/1851 2449/2669/2449 1852/1986/1852
f 1852/1986/1852 2449/2669/2449 2450/2670/2450
f 2451/2671/2451 1852/1986/1852 2450/2670/2450
f 1854/1988/1854 2452/2672/2452 1855/1989/1855
f 2451/2671/2451 2453/2673/2453 2452/2672/2452
f 2452/2672/2452 1858/1992/1858 1855/1989/1855
f 2452/2672/2452 2453/2673/2453 2454/2674/2454
f 2452/2672/2452 2454/2674/2454 1858/1992/1858
f 2455/2675/2455 2456/2676/2456 2457/2677/2457
f 2457/2677/2457 2211/2401/2211 2438/2658/2438
f 2455/2675/2455 2457/2677/2457 2438/2658/2438
f 2457/2677/2457 2456/2676/2456 2229/2425/2229
f 2450/2670/2450 2228/2424/2228 2456/2676/2456
f 2456/2676/2456 2458/2678/2458 2459/2679/2459
f 2458/2678/2458 2456/2676/2456 2455/2675/2455
f 1860/1994/1860 2458/2678/2458 2455/2675/2455
f 1860/1994/1860 2455/2675/2455 1828/1960/1828
f 1861/1995/1861 2458/2678/2458 1860/1994/1860
f 2450/2670/2450 2456/2676/2456 2451/2671/2451
f 2451/2671/2451 2456/2676/2456 2459/2679/2459
f 2458/2678/2458 2441/2661/2441 2460/2680/2460
f 2459/2679/2459 2461/2681/2461 2451/2671/2451
f 2461/2681/2461 2459/2679/2459 2460/2680/2460
f 2460/2680/2460 2459/2679/2459 2458/2678/2458
f 2451/2671/2451 2461/2681/2461 2453/2673/2453
f 2462/2682/2462 2460/2680/2460 1934/2091/1934
f 2447/2667/2447 1934/2091/1934 2460/2680/2460
f 2441/2661/2441 2447/2667/2447 2460/2680/2460
f 2460/2680/2460 2462/2682/2462 2461/2681/2461
f 2463/2683/2463 2461/2681/2461 2462/2682/2462
f 2453/2673/2453 2461/2681/2461 2463/2683/2463
f 1934/2091/1934 1931/2088/1931 2462/2682/2462
f 1866/2002/1866 1865/2001/1865 2464/2684/2464
f 2371/2583/2371 2464/2684/2464 1865/2001/1865
f 1866/2092/1866 2465/2685/2465 1862/1996/1862
f 1920/2076/1920 1866/2008/1866 2464/2686/2464
f 1866/2008/1866 2400/2614/2400 1871/2007/1871
f 2400/2614/2400 1866/2008/1866 1920/2076/1920
f 1870/2687/1870 2465/2685/2465 1866/2092/1866
f 1920/2076/1920 2464/2686/2464 1921/2077/1921
f 1933/2090/1933 2466/2688/2466 2467/2689/2467
f 2468/2690/2468 2466/2688/2466 1933/2090/1933
f 2465/2685/2465 2468/2690/2468 1927/2084/1927
f 2465/2685/2465 2469/2691/2469 2468/2690/2468
f 1875/2692/1875 2470/2693/2470 1873/2694/1873
f 2470/2693/2470 2465/2685/2465 1870/2687/1870
f 1873/2694/1873 2470/2693/2470 1870/2687/1870
f 1875/2012/1875 1874/2011/1874 2470/2695/2470
f 2468/2690/2468 2469/2691/2469 2467/2689/2467
f 2467/2689/2467 2466/2688/2466 2468/2690/2468
f 1847/1981/1847 1933/2090/1933 2467/2689/2467
f 2471/2696/2471 2469/2691/2469 2470/2693/2470
f 2470/2693/2470 2469/2691/2469 2465/2685/2465
f 1876/2013/1876 2472/2697/2472 1670/1796/1670
f 1876/2013/1876 2473/2698/2473 2472/2697/2472
f 2473/2698/2473 2454/2674/2454 2474/2699/2474
f 2475/2700/2475 2472/2697/2472 2473/2698/2473
f 2472/2697/2472 2475/2700/2475 1675/1801/1675
f 2476/2701/2476 2477/2702/2477 1847/1981/1847
f 2476/2701/2476 2478/2703/2478 2479/2704/2479
f 2478/2703/2478 2476/2701/2476 2480/2705/2480
f 2480/2705/2480 2476/2701/2476 2469/2691/2469
f 2481/2706/2481 2462/2682/2462 2477/2702/2477
f 2476/2701/2476 2481/2706/2481 2477/2702/2477
f 2454/2674/2454 2482/2707/2482 2474/2699/2474
f 2474/2699/2474 2482/2707/2482 2481/2706/2481
f 2483/2708/2483 2474/2699/2474 2479/2704/2479
f 2479/2704/2479 2481/2706/2481 2476/2701/2476
f 2483/2708/2483 2484/2709/2484 2485/2710/2485
f 2485/2710/2485 2484/2709/2484 2478/2703/2478
f 2480/2705/2480 2485/2710/2485 2478/2703/2478
f 2486/2711/2486 2485/2710/2485 2480/2705/2480
f 2474/2699/2474 2481/2706/2481 2479/2704/2479
f 2479/2704/2479 2484/2709/2484 2483/2708/2483
f 2487/2712/2487 1935/2093/1935 2401/2615/2401
f 2488/2713/2488 2487/2712/2487 2489/2714/2489
f 2403/2617/2403 2489/2714/2489 2487/2712/2487
f 2403/2617/2403 2487/2712/2487 2401/2615/2401
f 2490/2715/2490 2489/2714/2489 2403/2617/2403
f 2491/2716/2491 2492/2717/2492 2493/2718/2493
f 2488/2713/2488 2491/2716/2491 2493/2718/2493
f 2491/2716/2491 2488/2713/2488 2489/2714/2489
f 2487/2712/2487 2488/2713/2488 2494/2719/2494
f 2488/2713/2488 2495/2720/2495 2494/2719/2494
f 1885/2022/1885 1883/2020/1883 2491/2716/2491
f 2491/2716/2491 1883/2020/1883 2492/2717/2492
f 2425/2639/2425 2496/2721/2496 2497/2722/2497
f 1877/2014/1877 2497/2722/2497 2496/2721/2496
f 2498/2723/2498 2475/2700/2475 2486/2711/2486
f 2498/2723/2498 1915/2068/1915 2475/2700/2475
f 2499/2724/2499 2498/2723/2498 2486/2711/2486
f 1886/2025/1886 2498/2723/2498 2499/2724/2499
f 2499/2725/2499 1882/2019/1882 1886/2023/1886
f 2471/2726/2471 1881/2018/1881 1880/2017/1880
f 2471/2726/2471 1880/2017/1880 2499/2725/2499
f 2499/2725/2499 1880/2017/1880 1882/2019/1882
f 2471/2726/2471 1874/2011/1874 1881/2018/1881
f 1887/2024/1887 1708/2026/1708 2498/2723/2498
f 1887/2024/1887 2498/2723/2498 1886/2025/1886
f 2213/2405/2213 2212/2404/2212 2239/2436/2239
f 2213/2405/2213 2239/2436/2239 1965/2129/1965
f 2239/2435/2239 1966/2130/1966 1965/2132/1965
f 2240/2437/2240 2214/2406/2214 1967/2131/1967
f 2240/2437/2240 1972/2137/1972 2214/2406/2214
f 2241/2438/2241 1972/2137/1972 2240/2437/2240
f 1972/2137/1972 2241/2438/2241 1975/2140/1975
f 1975/2140/1975 2241/2438/2241 2261/2459/2261
f 1974/2139/1974 1975/2140/1975 2261/2459/2261
f 1978/2143/1978 1977/2142/1977 1979/2144/1979
f 1976/2141/1976 1982/2147/1982 1977/2142/1977
f 1984/2149/1984 2244/2441/2244 1982/2147/1982
f 2261/2459/2261 1989/2154/1989 1974/2139/1974
f 1989/2154/1989 2215/2407/2215 1987/2152/1987
f 2215/2407/2215 2262/2460/2262 1994/2159/1994
f 2262/2460/2262 2231/2427/2231 1994/2159/1994
f 2231/2427/2231 1992/2157/1992 1994/2159/1994
f 2008/2173/2008 1997/2162/1997 2274/2472/2274
f 2274/2472/2274 1997/2162/1997 2263/2461/2263
f 1997/2162/1997 2230/2426/2230 2263/2461/2263
f 2007/2172/2007 2008/2173/2008 2274/2472/2274
f 2019/2184/2019 2010/2175/2010 2009/2174/2009
f 2021/2186/2021 2020/2185/2020 2019/2184/2019
f 2232/2428/2232 2244/2441/2244 2024/2189/2024
f 2244/2441/2244 1984/2149/1984 2024/2189/2024
f 2027/2192/2027 2245/2442/2245 2023/2188/2023
f 2023/2188/2023 2245/2442/2245 2232/2428/2232
f 2027/2192/2027 2026/2191/2026 2246/2443/2246
f 2027/2192/2027 2246/2443/2246 2245/2442/2245
f 2030/2195/2030 2247/2444/2247 2026/2191/2026
f 2248/2445/2248 2247/2444/2247 2029/2194/2029
f 2029/2194/2029 2247/2444/2247 2030/2195/2030
f 2248/2445/2248 2032/2197/2032 2216/2408/2216
f 2032/2197/2032 2248/2445/2248 2029/2194/2029
f 2031/2196/2031 2249/2446/2249 2216/2408/2216
f 2031/2196/2031 2035/2201/2035 2249/2446/2249
f 2037/2203/2037 2233/2429/2233 2036/2202/2036
f 2233/2429/2233 2037/2203/2037 2292/2490/2292
f 2292/2490/2292 2037/2203/2037 2291/2727/2291
f 2249/2446/2249 2035/2201/2035 2233/2429/2233
f 2291/2489/2291 2046/2213/2046 2045/2212/2045
f 2288/2486/2288 2051/2218/2051 2050/2217/2050
f 2218/2411/2218 2288/2486/2288 2050/2217/2050
f 2045/2212/2045 2048/2215/2048 2053/2220/2053
f 2051/2218/2051 2288/2486/2288 2053/2220/2053
f 2046/2410/2046 2291/2727/2291 2037/2203/2037
f 2082/2256/2082 2234/2430/2234 2065/2234/2065
f 2234/2430/2234 2235/2431/2235 2064/2233/2064
f 2235/2431/2235 2219/2413/2219 2064/2233/2064
f 2067/2236/2067 2061/2230/2061 2219/2413/2219
f 2235/2431/2235 2236/2432/2236 2067/2236/2067
f 2236/2561/2236 2354/2560/2354 2070/2239/2070
f 2070/2247/2070 2220/2414/2220 2236/2432/2236
f 2074/2244/2074 2073/2243/2073 2222/2417/2222
f 2073/2243/2073 2071/2240/2071 2370/2582/2370
f 2237/2433/2237 2370/2582/2370 2071/2240/2071
f 2237/2433/2237 2070/2239/2070 2354/2560/2354
f 2222/2417/2222 2073/2243/2073 2370/2582/2370
f 2063/2232/2063 2082/2256/2082 2065/2234/2065
f 2355/2563/2355 2082/2256/2082 2081/2255/2081
f 2083/2257/2083 2356/2728/2356 2238/2434/2238
f 2083/2257/2083 2238/2434/2238 2079/2253/2079
f 2085/2259/2085 2356/2728/2356 2083/2257/2083
f 2081/2255/2081 2238/2434/2238 2355/2563/2355
f 2356/2728/2356 2085/2259/2085 2084/2258/2084
f 2090/2265/2090 2357/2566/2357 2089/2264/2089
f 2089/2264/2089 2357/2566/2357 2084/2261/2084
f 2356/2565/2356 2084/2261/2084 2357/2566/2357
f 2087/2262/2087 2358/2567/2358 2090/2265/2090
f 2357/2566/2357 2090/2265/2090 2358/2567/2358
f 2099/2274/2099 2358/2567/2358 2087/2262/2087
f 2358/2567/2358 2099/2274/2099 2101/2276/2101
f 2362/2572/2362 2103/2278/2103 2109/2284/2109
f 2109/2284/2109 2110/2285/2110 2362/2572/2362
f 2108/2283/2108 2448/2668/2448 2110/2285/2110
f 2221/2415/2221 2448/2668/2448 2108/2283/2108
f 2221/2415/2221 2227/2423/2227 2448/2668/2448
f 2153/2332/2153 2152/2329/2152 2222/2417/2222
f 2153/2333/2153 2430/2646/2430 2151/2328/2151
f 2430/2646/2430 2188/2376/2188 2151/2328/2151
f 2225/2421/2225 2223/2419/2223 2192/2380/2192
f 2430/2646/2430 2190/2378/2190 2188/2376/2188
f 2437/2656/2437 2226/2422/2226 2195/2389/2195
f 2195/2389/2195 2223/2657/2223 2437/2656/2437
f 2437/2656/2437 2438/2658/2438 2200/2390/2200
f 2226/2422/2226 2437/2656/2437 2200/2390/2200
f 2449/2669/2449 2227/2423/2227 2203/2393/2203
f 2203/2393/2203 2205/2395/2205 2449/2669/2449
f 2449/2669/2449 2205/2395/2205 2228/2424/2228
f 2449/2669/2449 2228/2424/2228 2450/2670/2450
f 2206/2396/2206 2228/2424/2228 2204/2394/2204
f 2211/2401/2211 2200/2390/2200 2438/2658/2438
f 2229/2425/2229 2209/2399/2209 2208/2398/2208
f 2208/2398/2208 2211/2401/2211 2229/2425/2229
f 1979/2144/1979 938/1013/938 2212/2404/2212
f 1967/2131/1967 1966/2130/1966 2240/2437/2240
f 952/1029/952 2261/2459/2261 2241/2438/2241
f 2242/2439/2242 951/1028/951 950/1027/950
f 1982/2147/1982 969/1046/969 1977/2142/1977
f 968/1045/968 938/1013/938 1979/2144/1979
f 2244/2441/2244 2232/2428/2232 1003/1081/1003
f 2247/2444/2247 1011/1089/1011 2246/2443/2246
f 2246/2443/2246 2026/2191/2026 2247/2444/2247
f 1007/1085/1007 2245/2442/2245 1010/1088/1010
f 1045/1126/1045 2248/2445/2248 1046/1127/1046
f 1049/1130/1049 2251/2448/2251 1051/1132/1051
f 1053/1134/1053 2253/2450/2253 1049/1130/1049
f 2252/2449/2252 2255/2452/2255 2250/2447/2250
f 2254/2451/2254 1057/1138/1057 1056/1137/1056
f 2254/2451/2254 2257/2454/2257 2252/2449/2252
f 2253/2450/2253 1053/1134/1053 1058/1139/1058
f 2251/2448/2251 1049/1130/1049 2253/2450/2253
f 2255/2452/2255 2252/2449/2252 2256/2453/2256
f 2257/2454/2257 2256/2453/2256 2252/2449/2252
f 1027/1105/1027 1021/1099/1021 2250/2447/2250
f 2256/2453/2256 1060/1141/1060 1061/1143/1061
f 2250/2447/2250 2255/2452/2255 1027/1105/1027
f 1078/1168/1078 1060/1141/1060 2256/2453/2256
f 2258/2455/2258 1101/1200/1101 1103/1202/1103
f 2259/2456/2259 2243/2440/2243 966/1043/966
f 2320/2525/2320 2260/2457/2260 1106/1205/1106
f 1106/1205/1106 2260/2457/2260 1888/2028/1888
f 1108/1207/1108 2320/2525/2320 1106/1205/1106
f 2230/2426/2230 2231/2427/2231 2263/2461/2263
f 1889/2030/1889 951/1028/951 2265/2463/2265
f 1989/2154/1989 2262/2460/2262 2215/2407/2215
f 2231/2427/2231 2262/2460/2262 1206/1306/1206
f 2265/2463/2265 1206/1306/1206 1889/2030/1889
f 1206/1306/1206 1207/1307/1207 2231/2427/2231
f 2266/2464/2266 1212/1312/1212 1207/1307/1207
f 1204/1304/1204 2266/2464/2266 1207/1307/1207
f 1211/1311/1211 2263/2461/2263 2231/2427/2231
f 2263/2461/2263 1215/1315/1215 2274/2472/2274
f 1204/1304/1204 1206/1306/1206 2266/2464/2266
f 1206/1306/1206 2265/2463/2265 2266/2464/2266
f 2269/2467/2269 2268/2466/2268 2267/2465/2267
f 2266/2464/2266 2267/2465/2267 2268/2466/2268
f 2266/2464/2266 1890/2031/1890 1212/1312/1212
f 2268/2466/2268 1223/1323/1223 1890/2031/1890
f 2243/2440/2243 965/1042/965 964/1041/964
f 1218/1318/1218 1217/1317/1217 2271/2469/2271
f 2271/2469/2271 2300/2500/2300 2272/2470/2272
f 2276/2474/2276 2007/2172/2007 1220/1320/1220
f 1891/2032/1891 2276/2474/2276 1220/1320/1220
f 1892/2033/1892 1220/1320/1220 2275/2473/2275
f 2275/2473/2275 1219/1319/1219 1213/1313/1213
f 1230/1330/1230 2284/2482/2284 1228/1328/1228
f 2277/2475/2277 2276/2474/2276 2275/2473/2275
f 2284/2482/2284 2277/2475/2277 2275/2473/2275
f 2284/2482/2284 2275/2473/2275 1228/1328/1228
f 2278/2476/2278 2019/2184/2019 2009/2174/2009
f 2278/2476/2278 2009/2174/2009 2276/2474/2276
f 2009/2174/2009 2007/2172/2007 2276/2474/2276
f 1234/1334/1234 2281/2479/2281 2282/2480/2282
f 1230/1330/1230 2282/2480/2282 2284/2482/2284
f 1234/1334/1234 2282/2480/2282 1239/1339/1239
f 1253/1353/1253 2021/2186/2021 2019/2184/2019
f 2279/2477/2279 2283/2481/2283 1894/2035/1894
f 2279/2477/2279 1894/2035/1894 2280/2478/2280
f 2277/2475/2277 2283/2481/2283 2279/2477/2279
f 2281/2479/2281 1237/1337/1237 1896/2037/1896
f 2283/2481/2283 2277/2475/2277 2281/2479/2281
f 1237/1337/1237 2281/2479/2281 1234/1334/1234
f 1232/1332/1232 2282/2480/2282 1230/1330/1230
f 2273/2471/2273 1221/1321/1221 1223/1323/1223
f 2273/2471/2273 1223/1323/1223 2268/2466/2268
f 2286/2484/2286 2285/2483/2285 2272/2470/2272
f 2289/2487/2289 1264/1364/1264 1270/1370/1270
f 1255/1355/1255 2288/2486/2288 2218/2411/2218
f 2283/2481/2283 1900/2041/1900 1257/1357/1257
f 2290/2488/2290 1271/1371/1271 1272/1372/1272
f 2287/2485/2287 2290/2488/2290 1252/1352/1252
f 1899/2040/1899 1252/1352/1252 2290/2488/2290
f 1894/2035/1894 2283/2481/2283 1257/1357/1257
f 1897/2038/1897 1900/2041/1900 2283/2481/2283
f 2290/2488/2290 2289/2487/2289 1271/1371/1271
f 2292/2490/2292 2291/2727/2291 1273/1373/1273
f 2053/2220/2053 1261/1361/1261 2045/2212/2045
f 2045/2212/2045 1261/1361/1261 1283/1383/1283
f 1273/1385/1273 2045/2212/2045 1283/1383/1283
f 2289/2487/2289 1285/1387/1285 1264/1364/1264
f 1285/1387/1285 2289/2487/2289 1292/1395/1292
f 1324/1435/1324 1323/1434/1323 2336/2541/2336
f 2296/2494/2296 1299/1403/1299 1292/1395/1292
f 2500/2729/2500 1323/1434/1323 1298/2044/1298
f 1301/1405/1301 2500/2730/2500 1298/1402/1298
f 1301/1405/1301 2298/2731/2298 2500/2730/2500
f 2298/2731/2298 1301/1405/1301 2295/2493/2295
f 2295/2493/2295 1301/1405/1301 1300/1404/1300
f 1323/1434/1323 2500/2729/2500 2336/2541/2336
f 2500/2729/2500 2333/2538/2333 2336/2541/2336
f 2333/2538/2333 2500/2729/2500 2298/2496/2298
f 2258/2455/2258 2243/2440/2243 2259/2456/2259
f 2271/2469/2271 1217/1317/1217 2300/2500/2300
f 2300/2500/2300 1217/1317/1217 2243/2440/2243
f 2300/2500/2300 2299/2499/2299 2301/2501/2301
f 2258/2455/2258 2260/2505/2260 2299/2499/2299
f 2286/2484/2286 2272/2470/2272 2301/2501/2301
f 2301/2501/2301 2272/2470/2272 2300/2500/2300
f 2305/2507/2305 1332/1443/1332 1902/2049/1902
f 2311/2732/2311 2305/2507/2305 2302/2502/2302
f 2319/2524/2319 2311/2516/2311 2302/2504/2302
f 2319/2524/2319 2302/2504/2302 2303/2503/2303
f 2302/2502/2302 2305/2507/2305 2304/2506/2304
f 2306/2510/2306 1903/2051/1903 1335/2508/1335
f 2305/2507/2305 2311/2732/2311 1336/1447/1336
f 1337/1448/1337 2310/2515/2310 2311/2516/2311
f 2311/2516/2311 1338/1449/1338 1337/1448/1337
f 1338/1449/1338 2311/2516/2311 2319/2524/2319
f 2308/2513/2308 2323/2528/2323 2312/2517/2312
f 1332/1443/1332 2305/2507/2305 1336/1447/1336
f 2306/2510/2306 1904/2052/1904 1903/2051/1903
f 2297/2495/2297 2294/2498/2294 2313/2518/2313
f 2306/2510/2306 2307/2511/2307 2316/2521/2316
f 2307/2511/2307 2312/2517/2312 2316/2521/2316
f 2318/2523/2318 2315/2520/2315 2314/2519/2314
f 2303/2503/2303 2260/2457/2260 2320/2525/2320
f 2321/2526/2321 1905/2054/1905 2325/2530/2325
f 2319/2524/2319 2303/2503/2303 2320/2525/2320
f 1108/1207/1108 1342/1453/1342 2320/2525/2320
f 1906/2055/1906 2320/2525/2320 1342/1453/1342
f 2322/2527/2322 2321/2526/2321 2325/2530/2325
f 1136/1236/1136 1387/1498/1387 2327/2532/2327
f 2327/2532/2327 2324/2529/2324 1136/1236/1136
f 2328/2533/2328 2324/2529/2324 2326/2531/2326
f 2328/2533/2328 1908/2057/1908 2329/2534/2329
f 2330/2535/2330 2316/2521/2316 2312/2517/2312
f 2330/2535/2330 2312/2517/2312 2323/2528/2323
f 2329/2534/2329 2331/2536/2331 2322/2527/2322
f 2322/2527/2322 2330/2535/2330 2323/2528/2323
f 2298/2496/2298 2297/2495/2297 2333/2538/2333
f 2315/2520/2315 2297/2495/2297 2313/2518/2313
f 1356/1467/1356 1324/1435/1324 2336/2541/2336
f 1357/1468/1357 1356/1467/1356 2335/2540/2335
f 1357/1468/1357 2335/2540/2335 1347/1458/1347
f 2318/2523/2318 2337/2542/2337 2315/2520/2315
f 1346/1457/1346 2337/2542/2337 1350/1461/1350
f 2338/2543/2338 2339/2544/2339 1352/1463/1352
f 2332/2537/2332 2342/2547/2342 2341/2546/2341
f 2332/2537/2332 2338/2543/2338 2317/2522/2317
f 2342/2547/2342 1354/1465/1354 2341/2546/2341
f 1389/1500/1389 1392/1503/1392 2343/2548/2343
f 2332/2537/2332 2329/2534/2329 2343/2548/2343
f 1392/1503/1392 1383/1494/1383 2343/2548/2343
f 2326/2531/2326 1386/1497/1386 1908/2057/1908
f 2326/2531/2326 1387/1498/1387 1386/1497/1386
f 1395/1506/1395 2344/2549/2344 1381/1492/1381
f 2409/2623/2409 2347/2552/2347 2344/2549/2344
f 2347/2552/2347 2345/2550/2345 2346/2551/2346
f 1402/1513/1402 1401/1512/1401 2345/2550/2345
f 1414/1525/1414 2348/2553/2348 1412/1523/1412
f 1910/2061/1910 1593/1709/1593 2349/2554/2349
f 1593/1709/1593 1412/1523/1412 2349/2554/2349
f 2351/2556/2351 1579/1693/1579 1910/2061/1910
f 1464/1578/1464 2235/2733/2235 2234/2557/2234
f 2234/2557/2234 1577/1691/1577 1469/1583/1469
f 1472/1586/1472 2235/2733/2235 1464/1578/1464
f 2350/2555/2350 2352/2558/2352 2351/2556/2351
f 2350/2555/2350 2353/2559/2353 2352/2558/2352
f 2348/2553/2348 2353/2559/2353 2350/2555/2350
f 2352/2558/2352 1467/1581/1467 1471/1585/1471
f 2351/2556/2351 1469/1583/1469 1577/1691/1577
f 2348/2553/2348 1909/2060/1909 2353/2559/2353
f 2236/2561/2236 2235/2733/2235 1472/1586/1472
f 2354/2560/2354 1474/1588/1474 1477/1591/1477
f 1577/1691/1577 1575/1689/1575 2351/2556/2351
f 2351/2556/2351 1575/1689/1575 1579/1693/1579
f 2238/2434/2238 2356/2728/2356 1572/2564/1572
f 1639/1761/1639 1603/1725/1603 2359/2568/2359
f 1599/1717/1599 2359/2570/2359 1602/1722/1602
f 1614/1736/1614 2104/2279/2104 1619/1741/1619
f 2104/2279/2104 1614/1736/1614 2101/2276/2101
f 2104/2279/2104 2103/2278/2103 1619/1741/1619
f 2362/2572/2362 1620/1742/1620 2103/2278/2103
f 1610/1732/1610 1651/1774/1651 2361/2571/2361
f 1642/1764/1642 1639/1761/1639 2359/2568/2359
f 2359/2570/2359 2361/2571/2361 1642/1773/1642
f 1670/1796/1670 2472/2697/2472 1671/1797/1671
f 1675/1801/1675 1671/1797/1671 2472/2697/2472
f 2365/2575/2365 2366/2734/2366 2363/2576/2363
f 2365/2575/2365 1730/1861/1730 1729/1860/1729
f 2366/2577/2366 2364/2574/2364 2363/2573/2363
f 1730/2735/1730 2363/2573/2363 1719/1849/1719
f 1719/1849/1719 2364/2574/2364 1745/1876/1745
f 2381/2595/2381 2366/2734/2366 2365/2575/2365
f 2369/2581/2369 2368/2580/2368 2366/2734/2366
f 1747/1878/1747 1742/2070/1742 2369/2581/2369
f 1918/2074/1918 1747/1878/1747 2369/2581/2369
f 2369/2581/2369 2366/2734/2366 2381/2595/2381
f 1755/1887/1755 2222/2417/2222 2370/2582/2370
f 1768/1900/1768 2153/2332/2153 1764/1896/1764
f 1768/2736/1768 1769/2645/1769 2430/2646/2430
f 1769/1901/1769 1766/1898/1766 2432/2649/2432
f 2153/2333/2153 1768/2736/1768 2430/2646/2430
f 1784/1916/1784 2372/2584/2372 1779/1911/1779
f 1779/1911/1779 2372/2584/2372 1782/1914/1782
f 2377/2737/2377 2371/2583/2371 2372/2584/2372
f 2377/2737/2377 2372/2584/2372 2375/2588/2375
f 1919/2075/1919 2374/2586/2374 1747/1878/1747
f 1781/1913/1781 2373/2587/2373 1780/1912/1780
f 2376/2589/2376 2373/2585/2373 2374/2586/2374
f 2404/2618/2404 2378/2592/2378 2395/2609/2395
f 2395/2609/2395 2378/2592/2378 2376/2589/2376
f 2464/2684/2464 2377/2737/2377 2379/2738/2379
f 2464/2686/2464 2378/2592/2378 2404/2618/2404
f 2378/2592/2378 2464/2686/2464 2379/2593/2379
f 2373/2587/2373 1781/1913/1781 1746/1877/1746
f 1746/1877/1746 1748/2071/1748 2373/2587/2373
f 1789/1921/1789 2365/2575/2365 1729/1860/1729
f 2382/2596/2382 2381/2595/2381 2380/2594/2380
f 2381/2595/2381 2365/2575/2365 1789/1921/1789
f 1800/1932/1800 2383/2597/2383 2382/2596/2382
f 1805/1937/1805 1806/1938/1806 2383/2597/2383
f 2381/2595/2381 2385/2599/2385 1918/2074/1918
f 2381/2595/2381 2382/2596/2382 2385/2599/2385
f 2374/2586/2374 2384/2598/2384 2376/2589/2376
f 2385/2599/2385 2387/2601/2387 2384/2598/2384
f 2383/2597/2383 2386/2600/2386 2382/2596/2382
f 2464/2686/2464 2404/2618/2404 1921/2077/1921
f 1921/2077/1921 2404/2618/2404 2394/2608/2394
f 2394/2608/2394 1922/2078/1922 1921/2077/1921
f 2401/2615/2401 2400/2614/2400 2399/2613/2399
f 2388/2602/2388 2402/2616/2402 2387/2601/2387
f 2421/2635/2421 2402/2616/2402 2390/2604/2390
f 2418/2632/2418 2421/2635/2421 2390/2604/2390
f 2401/2615/2401 2397/2611/2397 2403/2617/2403
f 2402/2616/2402 2388/2602/2388 2390/2604/2390
f 2411/2625/2411 2419/2633/2419 2407/2621/2407
f 2408/2622/2408 2411/2625/2411 2407/2621/2407
f 2393/2607/2393 1806/1938/1806 1813/1945/1813
f 1397/1508/1397 2409/2623/2409 2344/2549/2344
f 2410/2624/2410 2414/2628/2414 2411/2625/2411
f 1815/1947/1815 2414/2628/2414 2410/2624/2410
f 2347/2552/2347 2410/2624/2410 2345/2550/2345
f 1814/1946/1814 2410/2624/2410 2347/2552/2347
f 2409/2623/2409 1397/1508/1397 1814/1946/1814
f 1815/1947/1815 1924/2080/1924 2414/2628/2414
f 1925/2081/1925 2496/2721/2496 2417/2631/2417
f 2414/2628/2414 2413/2627/2413 2411/2625/2411
f 2496/2721/2496 2425/2639/2425 2417/2631/2417
f 2425/2639/2425 2423/2637/2423 2417/2631/2417
f 2418/2632/2418 2390/2604/2390 2393/2607/2393
f 2426/2640/2426 2490/2715/2490 2402/2616/2402
f 2402/2616/2402 2421/2635/2421 2426/2640/2426
f 2418/2632/2418 2393/2607/2393 2407/2621/2407
f 2411/2625/2411 2413/2627/2413 2419/2633/2419
f 2422/2636/2422 2412/2626/2412 2417/2631/2417
f 2423/2637/2423 2425/2639/2425 2420/2634/2420
f 2427/2655/2427 2225/2739/2225 1769/1901/1769
f 1820/1952/1820 2223/2657/2223 2225/2643/2225
f 1770/1902/1770 2432/2649/2432 1766/1898/1766
f 1916/2072/1916 2432/2649/2432 1770/1902/1770
f 2435/2653/2435 1820/1952/1820 1818/1950/1818
f 2433/2650/2433 2444/2664/2444 2440/2660/2440
f 2436/2654/2436 2433/2650/2433 2440/2660/2440
f 2442/2662/2442 2444/2740/2444 2433/2651/2433
f 2442/2662/2442 2433/2651/2433 2434/2652/2434
f 1820/1952/1820 2435/2653/2435 1821/1953/1821
f 2434/2652/2434 1783/1915/1783 1926/2082/1926
f 1832/1964/1832 2444/2740/2444 2442/2662/2442
f 2443/2741/2443 1832/1964/1832 1829/1961/1829
f 2443/2741/2443 1829/1961/1829 1845/2083/1845
f 1835/1967/1835 1834/1966/1834 2371/2583/2371
f 2443/2741/2443 2444/2740/2444 1832/1964/1832
f 2445/2665/2445 2439/2659/2439 2440/2660/2440
f 2443/2663/2443 2445/2665/2445 2440/2660/2440
f 1930/2087/1930 2443/2663/2443 1845/1979/1845
f 1934/2091/1934 2447/2667/2447 2446/2666/2446
f 2448/2668/2448 1624/1746/1624 2110/2285/2110
f 2448/2668/2448 2227/2423/2227 1851/1985/1851
f 1852/1986/1852 2452/2672/2452 1853/1987/1853
f 2452/2672/2452 1852/1986/1852 2451/2671/2451
f 1853/1987/1853 2452/2672/2452 1849/1983/1849
f 1854/1988/1854 1849/1983/1849 2452/2672/2452
f 1859/1993/1859 2454/2674/2454 1857/1991/1857
f 2454/2674/2454 1856/1990/1856 1858/1992/1858
f 1859/1993/1859 1856/1990/1856 2454/2674/2454
f 2454/2674/2454 2453/2673/2453 2463/2683/2463
f 2463/2683/2463 2482/2707/2482 2454/2674/2454
f 2228/2424/2228 2229/2425/2229 2456/2676/2456
f 2457/2677/2457 2229/2425/2229 2211/2401/2211
f 1824/1956/1824 2455/2675/2455 2438/2658/2438
f 1828/1960/1828 2455/2675/2455 1824/1956/1824
f 1861/1995/1861 2441/2661/2441 2458/2678/2458
f 1922/2078/1922 2400/2614/2400 1920/2076/1920
f 2464/2684/2464 2371/2583/2371 2377/2737/2377
f 1862/1996/1862 2465/2685/2465 1927/2084/1927
f 1871/2007/1871 2400/2614/2400 2401/2615/2401
f 2494/2719/2494 1873/2010/1873 2487/2712/2487
f 1873/2010/1873 1872/2009/1872 2487/2712/2487
f 1865/2001/1865 1835/1967/1835 2371/2583/2371
f 1843/1977/1843 2468/2690/2468 1933/2090/1933
f 2468/2690/2468 1843/1977/1843 1927/2084/1927
f 2471/2726/2471 2470/2695/2470 1874/2011/1874
f 1873/2010/1873 2494/2719/2494 1874/2011/1874
f 2476/2701/2476 2467/2689/2467 2469/2691/2469
f 2471/2696/2471 2480/2705/2480 2469/2691/2469
f 2483/2708/2483 2475/2700/2475 2473/2698/2473
f 2454/2674/2454 2473/2698/2473 1876/2013/1876
f 2473/2698/2473 2474/2699/2474 2483/2708/2483
f 1876/2013/1876 1857/1991/1857 2454/2674/2454
f 2477/2702/2477 1931/2088/1931 1847/1981/1847
f 2462/2682/2462 1931/2088/1931 2477/2702/2477
f 2463/2683/2463 2462/2682/2462 2482/2707/2482
f 2478/2703/2478 2484/2709/2484 2479/2704/2479
f 2475/2700/2475 2483/2708/2483 2486/2711/2486
f 2486/2711/2486 2483/2708/2483 2485/2710/2485
f 2476/2701/2476 1847/1981/1847 2467/2689/2467
f 2481/2706/2481 2482/2707/2482 2462/2682/2462
f 2490/2715/2490 2403/2617/2403 2402/2616/2402
f 2401/2615/2401 1935/2093/1935 1871/2007/1871
f 2487/2712/2487 1872/2009/1872 1935/2093/1935
f 2490/2715/2490 2491/2716/2491 2489/2714/2489
f 2490/2715/2490 2426/2640/2426 2497/2722/2497
f 2495/2720/2495 2488/2713/2488 2493/2718/2493
f 2494/2719/2494 2493/2718/2493 1883/2020/1883
f 2492/2717/2492 1883/2020/1883 2493/2718/2493
f 2495/2720/2495 2493/2718/2493 2494/2719/2494
f 2497/2722/2497 2491/2716/2491 2490/2715/2490
f 1877/2014/1877 2496/2721/2496 1925/2081/1925
f 2497/2722/2497 2426/2640/2426 2425/2639/2425
f 1884/2021/1884 1885/2022/1885 2491/2716/2491
f 1884/2021/1884 2491/2716/2491 2497/2722/2497
f 1884/2021/1884 2497/2722/2497 1877/2014/1877
f 1915/2068/1915 2498/2723/2498 1708/2026/1708
f 2475/2700/2475 1915/2068/1915 1675/1801/1675
f 2486/2711/2486 2480/2705/2480 2499/2724/2499
f 1883/2020/1883 1874/2011/1874 2494/2719/2494
f 2499/2724/2499 2480/2705/2480 2471/2696/2471

