# Blender 5.1.0
# www.blender.org
mtllib Cup.mtl
o coffee_cup
v -0.007505 0.000179 0.043070
v 0.043286 0.103669 -0.000000
v 0.039991 0.103669 -0.016565
v 0.030608 0.103669 -0.030608
v 0.016565 0.103669 -0.039991
v 0.000000 0.103669 -0.043286
v -0.016565 0.103669 -0.039991
v -0.030608 0.103669 -0.030608
v -0.039991 0.103669 -0.016565
v -0.043286 0.103669 -0.000000
v -0.039991 0.103669 0.016565
v -0.030608 0.103669 0.030608
v -0.016565 0.103669 0.039991
v -0.000000 0.103669 0.043286
v 0.016565 0.103669 0.039991
v 0.030608 0.103669 0.030608
v 0.039991 0.103669 0.016565
v -0.024404 0.002936 0.042378
v -0.024404 0.008475 0.042378
v -0.016689 0.002936 0.045970
v -0.031375 0.022845 0.037518
v -0.008478 0.002936 0.048202
v -0.000016 0.002936 0.048985
v -0.045811 0.022845 0.016780
v -0.008478 0.008475 0.048202
v -0.008313 0.000879 0.047493
v -0.016395 0.000879 0.045220
v -0.000015 0.000879 0.048334
v -0.024050 0.000879 0.041739
v 0.007369 0.122529 0.042049
v 0.014531 0.122529 0.040125
v 0.007431 0.124510 0.042406
v -0.000016 0.120475 0.048985
v 0.035987 0.103669 0.024046
v 0.035055 0.102948 0.023423
v 0.038902 0.102948 0.016114
v -0.024404 0.120475 0.042378
v 0.042450 0.103669 0.008444
v 0.041350 0.102948 0.008225
v -0.024404 0.113653 0.042378
v 0.042108 0.102948 -0.000000
v 0.042450 0.103669 -0.008444
v 0.008367 0.123762 0.047763
v 0.041350 0.102948 -0.008225
v 0.038902 0.102948 -0.016114
v 0.011778 0.125522 -0.042933
v 0.035987 0.103669 -0.024046
v 0.035055 0.102948 -0.023423
v 0.007492 0.000179 0.043092
v 0.029775 0.102948 -0.029775
v 0.024046 0.103669 -0.035987
v 0.025719 0.123762 -0.041631
v 0.023423 0.102948 -0.035055
v 0.016114 0.102948 -0.038902
v 0.019534 0.123762 -0.045224
v 0.008444 0.103669 -0.042450
v 0.008225 0.102948 -0.041350
v -0.032543 0.122529 0.027454
v 0.000000 0.102948 -0.042108
v -0.008444 0.103669 -0.042450
v 0.021807 0.000179 0.037906
v -0.008225 0.102948 -0.041350
v -0.016114 0.102948 -0.038902
v -0.007196 0.079313 -0.049279
v -0.024046 0.103669 -0.035987
v -0.023423 0.102948 -0.035055
v 0.008448 0.002936 0.048228
v -0.029775 0.102948 -0.029775
v -0.035987 0.103669 -0.024046
v 0.008448 0.008475 0.048228
v -0.035055 0.102948 -0.023423
v -0.038902 0.102948 -0.016114
v 0.016666 0.002936 0.046020
v -0.042450 0.103669 -0.008444
v -0.041350 0.102948 -0.008225
v -0.045811 0.041164 0.016780
v -0.042108 0.102948 -0.000000
v -0.042450 0.103669 0.008444
v 0.024392 0.002936 0.042452
v -0.041350 0.102948 0.008225
v 0.031377 0.002936 0.037612
v 0.023423 0.102948 0.035055
v 0.029775 0.102948 0.029775
v 0.024046 0.103669 0.035987
v 0.016114 0.102948 0.038902
v 0.008225 0.102948 0.041350
v 0.008444 0.103669 0.042450
v -0.000000 0.102948 0.042108
v -0.008225 0.102948 0.041350
v -0.008444 0.103669 0.042450
v -0.016114 0.102948 0.038902
v -0.023423 0.102948 0.035055
v -0.024046 0.103669 0.035987
v -0.029775 0.102948 0.029775
v -0.035055 0.102948 0.023423
v -0.035987 0.103669 0.024046
v -0.038902 0.102948 0.016114
v 0.014511 0.108687 0.040070
v 0.036880 0.108687 -0.021004
v -0.005195 0.012965 -0.040901
v 0.041858 0.108687 -0.007133
v 0.041878 0.108687 0.007612
v -0.006442 0.029357 -0.051843
v 0.036774 0.108687 0.021445
v 0.027312 0.108687 0.032753
v -0.000007 0.108687 0.042650
v -0.003730 0.107350 -0.053586
v -0.047952 0.076626 -0.008367
v -0.006669 0.095325 -0.053953
v 0.000103 0.090596 -0.054604
v 0.006878 0.095328 -0.053939
v 0.000131 0.123762 -0.048836
v 0.003949 0.107350 -0.053577
v -0.014516 0.108687 0.040026
v -0.003582 0.109557 -0.060730
v -0.024404 0.097017 0.042378
v -0.005276 0.101619 -0.060907
v 0.000083 0.098301 -0.061422
v 0.005444 0.101622 -0.060901
v -0.042209 0.076630 0.024491
v 0.003756 0.109558 -0.060726
v -0.036724 0.108687 0.021335
v 0.012772 0.123762 -0.047384
v 0.037139 0.124510 0.021657
v 0.006086 0.123762 -0.048469
v -0.016689 0.097017 0.045970
v -0.011059 0.000179 -0.042993
v -0.024404 0.076630 0.042378
v -0.031453 0.113653 -0.037317
v -0.027295 0.108687 0.032671
v -0.003866 0.111228 -0.074344
v -0.016689 0.076630 0.045970
v -0.004772 0.105232 -0.073030
v 0.000064 0.102572 -0.072606
v 0.004901 0.105233 -0.073029
v -0.008478 0.097017 0.048202
v 0.003997 0.111229 -0.074343
v -0.037354 0.097017 0.031479
v 0.000126 0.000179 -0.044005
v 0.042272 0.124510 -0.007205
v -0.000016 0.097017 0.048985
v 0.022710 0.122530 -0.036574
v -0.047952 0.113652 -0.008367
v 0.016666 0.076630 0.046020
v 0.027783 0.122530 -0.032298
v 0.005700 0.108383 -0.050312
v -0.004010 0.107100 -0.089335
v -0.008478 0.076630 0.048202
v -0.004714 0.102124 -0.084579
v 0.000058 0.100053 -0.082884
v 0.004830 0.102124 -0.084579
v -0.039913 0.122529 0.014645
v 0.004127 0.107100 -0.089335
v -0.041844 0.122529 0.007496
v -0.039857 0.108687 0.014625
v 0.042251 0.076630 0.024618
v 0.022681 0.108687 -0.036523
v -0.042209 0.113653 0.024491
v -0.011094 0.018000 -0.040926
v 0.028013 0.124510 -0.032579
v -0.024404 0.041164 0.042378
v -0.005447 0.108383 -0.050329
v -0.004028 0.094434 -0.096690
v -0.036702 0.108687 -0.021115
v -0.004710 0.091031 -0.090042
v 0.000057 0.089807 -0.087704
v 0.004825 0.091031 -0.090042
v 0.048092 0.076626 -0.008223
v 0.004143 0.094434 -0.096690
v 0.011054 0.012957 -0.039967
v -0.004689 0.042223 -0.072512
v -0.027533 0.108687 -0.032336
v -0.003804 0.038394 -0.075433
v -0.003939 0.050127 -0.085308
v 0.004054 0.050127 -0.085308
v 0.031579 0.076545 -0.037185
v 0.000059 0.044226 -0.071075
v -0.026451 0.012945 -0.031077
v -0.004026 0.077756 -0.097189
v -0.035210 0.012945 -0.020251
v -0.004709 0.077004 -0.090363
v 0.000057 0.076836 -0.087881
v 0.004824 0.077004 -0.090363
v -0.027408 0.034579 -0.032188
v 0.004141 0.077756 -0.097189
v -0.010819 0.012957 -0.040000
v -0.004004 0.062986 -0.092905
v -0.016396 0.012948 -0.038190
v -0.004707 0.064222 -0.087258
v 0.000057 0.064837 -0.085017
v 0.004822 0.064222 -0.087258
v -0.040085 0.012945 -0.006966
v 0.004119 0.062986 -0.092905
v 0.048092 0.113652 -0.008223
v -0.004701 0.052831 -0.080901
v -0.040088 0.012945 0.007190
v 0.000058 0.054110 -0.079000
v 0.004817 0.052831 -0.080901
v 0.004806 0.042223 -0.072512
v -0.041531 0.034579 -0.007225
v 0.003920 0.038394 -0.075433
v -0.035283 0.012945 0.020507
v -0.026186 0.012945 0.031354
v -0.036557 0.034579 0.021239
v 0.009856 0.088294 -0.050238
v -0.024904 0.097023 -0.042427
v -0.013945 0.012945 0.038466
v -0.016689 0.113653 0.045970
v -0.031391 0.097018 -0.037307
v 0.007720 0.037135 -0.048712
v -0.000004 0.012945 0.040927
v -0.024727 0.076506 -0.042329
v -0.014450 0.034579 0.039845
v 0.016666 0.113653 0.046020
v 0.013944 0.012945 0.038508
v -0.037270 0.097014 -0.031233
v 0.008448 0.097017 0.048228
v -0.042179 0.097013 -0.024297
v 0.026206 0.012945 0.031432
v 0.042251 0.113653 0.024618
v -0.037270 0.076575 -0.031233
v -0.003597 0.029806 -0.065711
v 0.014445 0.034579 0.039889
v -0.004685 0.034563 -0.063739
v 0.000060 0.037253 -0.062654
v 0.004804 0.034563 -0.063740
v 0.035336 0.012945 0.020613
v 0.003715 0.029806 -0.065711
v 0.010416 0.030691 -0.049290
v -0.003287 0.023623 -0.058365
v 0.040181 0.012945 0.007311
v -0.004918 0.030737 -0.057063
v 0.000074 0.034265 -0.056306
v 0.005062 0.030739 -0.057065
v 0.036608 0.034579 0.021349
v 0.003428 0.023624 -0.058365
v 0.000122 0.034071 -0.051773
v 0.041668 0.034579 -0.007100
v 0.026658 0.012945 -0.030997
v 0.017316 0.108687 -0.039690
v 0.016625 0.012948 -0.038141
v 0.027620 0.034579 -0.032105
v 0.027745 0.108687 -0.032252
v 0.005865 0.012073 -0.049341
v 0.007463 0.079313 -0.049250
v 0.000131 0.078516 -0.049687
v -0.016646 0.000179 -0.040257
v 0.016666 0.097017 0.046020
v -0.036910 0.000179 -0.021262
v 0.024392 0.097017 0.042452
v -0.041985 0.000179 0.007538
v 0.031377 0.097017 0.037612
v -0.027426 0.000179 0.032843
v -0.039839 0.072089 0.014618
v -0.000006 0.000179 0.042869
v -0.036706 0.072089 0.021325
v 0.027443 0.000179 0.032925
v -0.041766 0.072089 0.007483
v 0.042078 0.000179 0.007664
v 0.011331 0.018000 -0.040893
v 0.037095 0.000179 -0.021149
v 0.037374 0.097017 0.031592
v 0.016903 0.000179 -0.040203
v 0.042251 0.097017 0.024618
v 0.017989 0.114916 -0.046795
v -0.017730 0.114916 -0.046852
v -0.017752 0.007110 -0.046878
v -0.042179 0.008450 -0.024297
v -0.042179 0.113652 -0.024297
v -0.048026 0.008475 0.008577
v -0.048026 0.113653 0.008577
v -0.031375 0.008475 0.037518
v -0.031375 0.113653 0.037518
v -0.000016 0.008475 0.048985
v -0.000016 0.113653 0.048985
v 0.031377 0.008475 0.037612
v 0.031377 0.113653 0.037612
v 0.048115 0.008475 0.008721
v 0.048115 0.113653 0.008721
v 0.042367 0.008450 -0.024170
v 0.042367 0.113652 -0.024170
v 0.018009 0.007110 -0.046823
v 0.017188 0.076713 -0.046498
v -0.016898 0.076712 -0.046569
v -0.016965 0.039666 -0.046488
v -0.042179 0.041013 -0.024297
v -0.042179 0.076598 -0.024297
v -0.048026 0.041164 0.008577
v -0.048026 0.076630 0.008577
v -0.031375 0.041164 0.037518
v -0.031375 0.076630 0.037518
v -0.000016 0.041164 0.048985
v -0.000016 0.076630 0.048985
v 0.031377 0.041164 0.037612
v 0.031377 0.076630 0.037612
v 0.048115 0.041164 0.008721
v 0.048115 0.076630 0.008721
v 0.042367 0.041013 -0.024170
v 0.042367 0.076598 -0.024170
v 0.017254 0.039668 -0.046443
v 0.000131 0.035764 -0.049613
v 0.040220 0.012945 -0.006846
v -0.010152 0.030691 -0.049319
v 0.006685 0.029357 -0.051839
v 0.000123 0.081948 -0.050886
v -0.005603 0.012073 -0.049359
v -0.009607 0.088292 -0.050268
v 0.035386 0.012945 -0.020145
v -0.017228 0.124510 -0.040141
v -0.037066 0.124510 -0.021327
v -0.042201 0.124510 0.007559
v -0.027567 0.124510 0.032994
v -0.000007 0.124510 0.043072
v 0.027582 0.124510 0.033077
v 0.042293 0.124510 0.007686
v 0.037245 0.124510 -0.021215
v 0.017463 0.124510 -0.040089
v -0.013601 0.008596 -0.031972
v -0.029147 0.008577 -0.016753
v -0.033189 0.008577 0.005976
v -0.021676 0.008577 0.025987
v 0.000007 0.008577 0.033916
v 0.021713 0.008577 0.026052
v 0.033286 0.008577 0.006076
v 0.029312 0.008577 -0.016665
v 0.013812 0.008596 -0.031932
v 0.000136 0.043689 -0.048776
v 0.003497 0.017220 -0.052185
v -0.003253 0.017220 -0.052187
v -0.005465 0.117929 -0.049208
v 0.005727 0.117929 -0.049191
v 0.045875 0.097017 0.016918
v 0.048115 0.097017 0.008721
v -0.005419 0.124510 -0.042992
v 0.005663 0.124510 -0.042976
v 0.004484 0.008704 -0.034209
v -0.004261 0.008704 -0.034222
v 0.000136 0.071769 -0.048930
v 0.005791 0.004554 -0.049083
v -0.005528 0.004554 -0.049100
v -0.005099 0.000179 -0.042758
v 0.005350 0.000179 -0.042742
v -0.027171 0.034579 0.032524
v -0.041596 0.034579 0.007453
v -0.036535 0.034579 -0.021018
v -0.017007 0.034579 -0.039560
v -0.005400 0.034579 -0.042372
v 0.005642 0.034579 -0.042356
v 0.017241 0.034579 -0.039509
v 0.036713 0.034579 -0.020908
v 0.041688 0.034579 0.007578
v 0.027188 0.034579 0.032605
v -0.000006 0.034579 0.042457
v 0.000133 0.037592 -0.049071
v 0.014654 0.124510 0.040466
v -0.032483 0.072089 0.027403
v 0.005434 0.012965 -0.040885
v -0.042452 0.122529 0.000116
v -0.027801 0.124510 -0.032663
v -0.006170 0.034857 -0.049491
v -0.016689 0.041164 0.045970
v -0.031347 0.076545 -0.037283
v -0.027597 0.000179 -0.032604
v -0.041779 0.122530 -0.007269
v -0.004951 0.033547 -0.050410
v -0.008032 0.029596 -0.050369
v -0.031445 0.008386 -0.037339
v 0.000130 0.034642 -0.050449
v -0.042393 0.108687 0.000116
v 0.048839 0.097017 0.000254
v -0.022089 0.008577 -0.026039
v -0.014661 0.124510 0.040422
v -0.041642 0.000179 -0.007173
v 0.048092 0.097016 -0.008223
v -0.037270 0.022645 -0.031233
v -0.047952 0.008473 -0.008367
v -0.031396 0.022500 -0.037311
v -0.042209 0.041164 0.024491
v 0.045920 0.097014 -0.016451
v -0.033491 0.008577 -0.005802
v 0.031580 0.040650 -0.037188
v -0.036654 0.000179 0.021367
v 0.042367 0.097013 -0.024170
v -0.037270 0.040863 -0.031233
v -0.042209 0.008475 0.024491
v -0.042179 0.022745 -0.024297
v -0.041721 0.108687 -0.007259
v -0.047952 0.041149 -0.008367
v -0.029478 0.008577 0.017159
v -0.037089 0.124510 0.021545
v -0.014488 0.000179 0.040023
v 0.048092 0.041149 -0.008223
v -0.024922 0.022304 -0.042441
v -0.016689 0.008475 0.045970
v -0.024732 0.040366 -0.042327
v -0.041785 0.108687 0.007486
v -0.031348 0.040649 -0.037282
v -0.011645 0.008577 0.032168
v -0.039864 0.122530 -0.014433
v 0.014484 0.000179 0.040067
v -0.036753 0.122530 -0.021144
v 0.005211 0.033547 -0.050400
v 0.016666 0.008475 0.046020
v 0.008291 0.029596 -0.050352
v 0.022672 0.072090 -0.036506
v 0.005661 0.108687 -0.042550
v 0.011664 0.008577 0.032203
v 0.042251 0.041164 0.024618
v 0.036706 0.000179 0.021477
v -0.042136 0.124510 -0.007332
v 0.007371 0.022119 -0.050400
v 0.042251 0.008475 0.024618
v 0.004101 0.015189 -0.050471
v -0.005418 0.108687 -0.042566
v -0.017082 0.108687 -0.039741
v 0.029542 0.008577 0.017248
v -0.039809 0.108687 -0.014413
v 0.041780 0.000179 -0.007047
v 0.016666 0.041164 0.046020
v -0.048725 0.022845 0.000108
v 0.048092 0.008473 -0.008223
v -0.047952 0.022835 -0.008367
v 0.031681 0.113653 -0.037222
v 0.027733 0.072090 -0.032237
v 0.033624 0.008577 -0.005701
v -0.039790 0.072089 -0.014406
v 0.027845 0.000179 -0.032505
v -0.048725 0.041164 0.000108
v 0.031673 0.008386 -0.037244
v -0.048026 0.022845 0.008577
v -0.041702 0.072089 -0.007255
v 0.022282 0.008577 -0.025972
v -0.045755 0.022805 -0.016588
v 0.035602 0.102640 0.019054
v 0.037205 0.102640 0.015411
v 0.037156 0.102948 0.019866
v 0.033668 0.102640 0.022496
v 0.021907 0.125522 0.038134
v 0.036772 0.000879 0.031160
v 0.024392 0.008475 0.042452
v 0.021263 0.122529 0.037016
v 0.021444 0.124510 0.037330
v -0.042209 0.097017 0.024491
v 0.024392 0.120475 0.042452
v 0.024040 0.000879 0.041811
v 0.031228 0.102640 0.025600
v 0.016375 0.000879 0.045269
v 0.032573 0.102948 0.026725
v 0.028475 0.102640 0.028475
v 0.024392 0.113653 0.042452
v 0.030949 0.000879 0.037117
v 0.016666 0.120475 0.046020
v 0.037479 0.120475 -0.031121
v 0.043569 0.000179 0.000344
v 0.008286 0.000879 0.047518
v 0.033196 0.103297 0.027244
v 0.030368 0.103297 0.030368
v 0.035705 0.103297 0.023857
v 0.033458 0.103669 0.027459
v 0.037479 0.113652 -0.031121
v 0.035671 0.125592 -0.029610
v -0.012514 0.123762 -0.047422
v -0.036775 0.122529 0.021364
v 0.040948 0.000179 -0.014654
v 0.040323 0.125592 -0.022994
v 0.037873 0.103297 0.020243
v 0.038173 0.103669 0.020403
v 0.039677 0.103297 0.016435
v 0.041236 0.125522 -0.014753
v 0.000132 0.120475 -0.049314
v -0.005717 0.002922 -0.049078
v 0.040363 0.124510 -0.014436
v 0.048839 0.002936 0.000254
v 0.016506 0.123762 0.045577
v 0.040184 0.102640 0.003979
v 0.040270 0.102640 -0.000000
v 0.041930 0.102948 0.004135
v 0.039714 0.102640 0.007900
v -0.045811 0.097017 0.016780
v 0.048839 0.008475 0.000254
v 0.024157 0.123762 0.042043
v 0.048092 0.002936 -0.008223
v -0.016689 0.022845 0.045970
v 0.045920 0.002936 -0.016451
v 0.031075 0.123762 0.037251
v 0.038648 0.102640 0.011701
v 0.025674 0.120475 -0.042259
v 0.040321 0.102948 0.012226
v 0.042367 0.002936 -0.024170
v 0.033310 0.000179 0.028283
v -0.008478 0.041164 0.048202
v 0.045920 0.008465 -0.016451
v 0.045193 0.000879 -0.016186
v 0.025399 0.113654 -0.042390
v 0.041095 0.103297 0.012466
v 0.042117 0.103297 0.008378
v 0.041419 0.103669 0.012565
v 0.047250 0.000879 -0.008022
v 0.031750 0.120475 -0.037189
v 0.041816 0.000879 -0.023855
v 0.048078 0.000879 0.000320
v 0.011517 0.122530 -0.041651
v 0.019267 0.120475 -0.045996
v 0.042737 0.103297 0.004209
v 0.043075 0.103669 0.004242
v 0.042946 0.103297 -0.000000
v 0.011581 0.124510 -0.042010
v 0.040943 0.000179 0.015109
v 0.017333 0.122530 -0.039745
v 0.011518 0.108687 -0.041593
v 0.031377 0.120475 0.037612
v 0.039260 0.018000 0.014501
v 0.038648 0.102640 -0.011701
v 0.037205 0.102640 -0.015411
v 0.040321 0.102948 -0.012226
v 0.039714 0.102640 -0.007900
v 0.008448 0.120475 0.048228
v 0.036159 0.018000 0.021089
v 0.008448 0.113653 0.048228
v 0.037014 0.123762 0.031288
v -0.005826 0.123762 -0.048486
v 0.037374 0.002936 0.031592
v 0.040184 0.102640 -0.003979
v 0.041930 0.102948 -0.004135
v 0.033644 0.000179 -0.027869
v 0.037374 0.008475 0.031592
v -0.012284 0.120475 -0.048105
v -0.005738 0.120475 -0.049016
v 0.023033 0.000179 -0.037810
v 0.042251 0.002936 0.024618
v 0.042737 0.103297 -0.004209
v 0.042117 0.103297 -0.008378
v 0.043075 0.103669 -0.004242
v 0.031986 0.018000 0.027056
v 0.000131 0.012879 -0.050499
v 0.037479 0.002936 -0.031121
v 0.037479 0.008425 -0.031121
v 0.031694 0.002934 -0.037252
v 0.045875 0.002936 0.016918
v 0.041095 0.103297 -0.012466
v 0.041419 0.103669 -0.012565
v 0.039677 0.103297 -0.016435
v -0.000016 0.022845 0.048985
v 0.048115 0.002936 0.008721
v 0.025451 0.002926 -0.042508
v 0.018939 0.002920 -0.046370
v -0.024404 0.022845 0.042378
v -0.008478 0.022845 0.048202
v 0.031228 0.102640 -0.025600
v 0.028475 0.102640 -0.028475
v 0.032573 0.102948 -0.026725
v 0.033668 0.102640 -0.022496
v 0.025366 0.008328 -0.042478
v 0.045875 0.008475 0.016918
v 0.025274 0.000879 -0.041779
v 0.031340 0.000879 -0.036701
v 0.018918 0.000879 -0.045514
v 0.045171 0.000879 0.016662
v 0.035602 0.102640 -0.019054
v 0.037156 0.102948 -0.019866
v 0.037026 0.000879 -0.030709
v 0.041511 0.000879 0.024242
v 0.007591 0.125522 0.043321
v 0.014970 0.125522 0.041338
v 0.041843 0.123762 0.024381
v 0.047459 0.000879 0.008621
v 0.037873 0.103297 -0.020243
v 0.035705 0.103297 -0.023858
v 0.038173 0.103669 -0.020403
v 0.018620 0.008582 -0.030114
v -0.045811 0.076630 0.016780
v 0.045433 0.123762 0.016756
v 0.047651 0.123762 0.008639
v 0.033196 0.103297 -0.027244
v 0.033458 0.103669 -0.027459
v 0.030368 0.103297 -0.030368
v 0.026637 0.008582 -0.022138
v 0.012348 0.002920 -0.048317
v 0.005979 0.002922 -0.049060
v 0.027244 0.103297 0.033196
v 0.027459 0.103669 0.033458
v 0.023857 0.103297 0.035705
v 0.026725 0.102948 0.032573
v 0.020243 0.103297 0.037873
v 0.016435 0.103297 0.039677
v 0.019866 0.102948 0.037156
v 0.020403 0.103669 0.038173
v 0.019054 0.102640 0.035602
v 0.022496 0.102640 0.033668
v 0.015411 0.102640 0.037205
v 0.025600 0.102640 0.031228
v 0.012466 0.103297 0.041095
v 0.012565 0.103669 0.041419
v 0.008378 0.103297 0.042117
v 0.012226 0.102948 0.040321
v 0.004209 0.103297 0.042737
v -0.000000 0.103297 0.042946
v 0.004135 0.102948 0.041930
v 0.004242 0.103669 0.043075
v 0.003979 0.102640 0.040184
v 0.007900 0.102640 0.039714
v 0.000000 0.102640 0.040270
v 0.011701 0.102640 0.038648
v -0.004209 0.103297 0.042737
v -0.004242 0.103669 0.043075
v -0.008378 0.103297 0.042117
v -0.004135 0.102948 0.041930
v -0.012466 0.103297 0.041095
v -0.016435 0.103297 0.039677
v -0.012226 0.102948 0.040321
v -0.012565 0.103669 0.041419
v -0.011701 0.102640 0.038648
v -0.007900 0.102640 0.039714
v -0.015411 0.102640 0.037205
v -0.003979 0.102640 0.040184
v -0.020243 0.103297 0.037873
v -0.020403 0.103669 0.038173
v -0.023857 0.103297 0.035705
v -0.019866 0.102948 0.037156
v -0.027244 0.103297 0.033196
v -0.030368 0.103297 0.030368
v -0.026725 0.102948 0.032573
v -0.027459 0.103669 0.033458
v -0.025600 0.102640 0.031228
v -0.022496 0.102640 0.033668
v -0.028475 0.102640 0.028475
v -0.019054 0.102640 0.035602
v -0.033196 0.103297 0.027244
v -0.033458 0.103669 0.027459
v -0.035705 0.103297 0.023857
v -0.032573 0.102948 0.026725
v -0.037873 0.103297 0.020243
v -0.039677 0.103297 0.016435
v -0.037156 0.102948 0.019866
v -0.038173 0.103669 0.020403
v -0.035602 0.102640 0.019054
v -0.033668 0.102640 0.022496
v -0.037205 0.102640 0.015411
v -0.031228 0.102640 0.025600
v -0.041095 0.103297 0.012466
v -0.041419 0.103669 0.012565
v -0.042117 0.103297 0.008378
v -0.040321 0.102948 0.012226
v -0.042737 0.103297 0.004209
v -0.042946 0.103297 -0.000000
v -0.041930 0.102948 0.004135
v -0.043075 0.103669 0.004242
v -0.040184 0.102640 0.003979
v -0.039714 0.102640 0.007900
v -0.040270 0.102640 -0.000000
v -0.038648 0.102640 0.011701
v -0.042737 0.103297 -0.004209
v -0.043075 0.103669 -0.004242
v -0.042117 0.103297 -0.008378
v -0.041930 0.102948 -0.004135
v -0.041095 0.103297 -0.012466
v -0.039677 0.103297 -0.016435
v -0.040321 0.102948 -0.012226
v -0.041419 0.103669 -0.012565
v -0.038648 0.102640 -0.011701
v -0.039714 0.102640 -0.007900
v -0.037205 0.102640 -0.015411
v -0.040184 0.102640 -0.003979
v -0.037873 0.103297 -0.020243
v -0.038173 0.103669 -0.020403
v -0.035705 0.103297 -0.023858
v -0.037156 0.102948 -0.019866
v -0.033196 0.103297 -0.027244
v -0.030368 0.103297 -0.030368
v -0.032573 0.102948 -0.026725
v -0.033458 0.103669 -0.027459
v -0.031228 0.102640 -0.025600
v -0.033668 0.102640 -0.022496
v -0.028475 0.102640 -0.028475
v -0.035602 0.102640 -0.019054
v -0.027244 0.103297 -0.033196
v -0.027459 0.103669 -0.033458
v -0.023857 0.103297 -0.035705
v -0.026725 0.102948 -0.032573
v -0.020243 0.103297 -0.037873
v -0.016435 0.103297 -0.039677
v -0.019866 0.102948 -0.037156
v -0.020403 0.103669 -0.038173
v -0.019054 0.102640 -0.035602
v -0.022496 0.102640 -0.033668
v -0.015411 0.102640 -0.037205
v -0.025600 0.102640 -0.031228
v -0.012466 0.103297 -0.041095
v -0.012565 0.103669 -0.041419
v -0.008378 0.103297 -0.042117
v -0.012226 0.102948 -0.040321
v -0.004209 0.103297 -0.042737
v 0.000000 0.103297 -0.042946
v -0.004135 0.102948 -0.041930
v -0.004242 0.103669 -0.043075
v -0.003979 0.102640 -0.040184
v -0.007900 0.102640 -0.039714
v -0.000000 0.102640 -0.040270
v -0.011701 0.102640 -0.038648
v 0.004209 0.103297 -0.042737
v 0.004242 0.103669 -0.043075
v 0.008378 0.103297 -0.042117
v 0.004135 0.102948 -0.041930
v 0.012466 0.103297 -0.041095
v 0.016435 0.103297 -0.039677
v 0.012226 0.102948 -0.040321
v 0.012565 0.103669 -0.041419
v 0.011701 0.102640 -0.038648
v 0.007900 0.102640 -0.039714
v 0.015411 0.102640 -0.037205
v 0.003979 0.102640 -0.040184
v 0.020243 0.103297 -0.037873
v 0.020403 0.103669 -0.038173
v 0.023857 0.103297 -0.035705
v 0.019866 0.102948 -0.037156
v 0.027244 0.103297 -0.033196
v 0.026725 0.102948 -0.032573
v 0.027459 0.103669 -0.033458
v 0.025600 0.102640 -0.031228
v 0.022496 0.102640 -0.033668
v 0.019054 0.102640 -0.035602
v 0.009829 0.115334 -0.049007
v 0.011700 0.118232 -0.048412
v 0.005151 0.114125 -0.049660
v 0.011776 0.110023 -0.048836
v -0.009708 0.006352 -0.048684
v -0.011471 0.004332 -0.048442
v -0.005011 0.007226 -0.049161
v -0.011709 0.010809 -0.048404
v 0.013707 0.021866 -0.048164
v 0.018935 0.022085 -0.046158
v 0.013011 0.032862 -0.048220
v 0.009761 0.021820 -0.049280
v 0.011971 0.010810 -0.048367
v -0.013108 0.097315 -0.048672
v -0.018559 0.097099 -0.046309
v -0.012336 0.084611 -0.048712
v -0.009109 0.098025 -0.050245
v -0.011517 0.110023 -0.048874
v 0.008043 0.125592 0.045907
v -0.000012 0.125592 0.046627
v -0.036685 0.072089 -0.021105
v 0.015864 0.125592 0.043806
v 0.037479 0.097014 -0.031121
v 0.023217 0.125592 0.040410
v 0.031621 0.097018 -0.037210
v 0.025159 0.097023 -0.042343
v 0.029864 0.125592 0.035804
v 0.000119 0.108979 -0.051738
v 0.000111 0.109260 -0.053542
v 0.004263 0.106631 -0.051736
v 0.000126 0.110117 -0.050632
v -0.004025 0.106631 -0.051748
v -0.007120 0.099586 -0.051763
v -0.007822 0.091868 -0.051891
v -0.006278 0.101619 -0.053709
v -0.004788 0.087501 -0.052239
v -0.005815 0.083277 -0.050627
v 0.000114 0.086156 -0.052465
v -0.004039 0.091723 -0.054361
v 0.005015 0.087503 -0.052227
v 0.006062 0.083278 -0.050608
v 0.008050 0.091870 -0.051871
v 0.004245 0.091725 -0.054353
v 0.007353 0.099587 -0.051744
v 0.009359 0.098026 -0.050217
v 0.006492 0.101621 -0.053695
v -0.012103 0.125592 -0.045565
v -0.042373 0.072089 0.000116
v -0.005681 0.125592 -0.046588
v -0.012097 0.000879 -0.047514
v -0.018565 0.125592 -0.043509
v 0.000099 0.109912 -0.056384
v -0.003586 0.108371 -0.056432
v 0.000087 0.110812 -0.060716
v 0.003783 0.108372 -0.056425
v -0.005717 0.103748 -0.056566
v -0.005837 0.098649 -0.056823
v -0.005403 0.105795 -0.060768
v -0.003489 0.095678 -0.057238
v 0.000093 0.094725 -0.057484
v -0.003108 0.099126 -0.061221
v 0.003675 0.095680 -0.057233
v 0.006025 0.098652 -0.056814
v 0.003274 0.099128 -0.061218
v 0.005910 0.103751 -0.056557
v 0.005573 0.105797 -0.060763
v 0.000122 0.072090 -0.042854
v 0.000122 0.034579 -0.042678
v -0.005422 0.072090 -0.042546
v 0.000122 0.108687 -0.042874
v 0.005665 0.072090 -0.042530
v 0.000075 0.111834 -0.066988
v -0.003708 0.110770 -0.066929
v 0.000066 0.112171 -0.074556
v 0.003857 0.110771 -0.066927
v -0.005301 0.107578 -0.066748
v -0.004940 0.104012 -0.066605
v -0.005315 0.108402 -0.073709
v 0.043858 0.125522 0.000246
v 0.042929 0.124510 0.000245
v 0.043187 0.125522 -0.007365
v -0.005713 0.000879 -0.048303
v 0.043208 0.125522 0.007848
v -0.002863 0.101825 -0.066660
v 0.000073 0.101077 -0.066737
v -0.002729 0.103259 -0.072691
v 0.003009 0.101827 -0.066659
v 0.005087 0.104014 -0.066603
v 0.002858 0.103260 -0.072691
v 0.005449 0.107580 -0.066745
v 0.005445 0.108403 -0.073707
v 0.046483 0.125592 0.000250
v 0.045794 0.125592 0.008308
v 0.045772 0.125592 -0.007817
v 0.006433 0.034857 -0.049473
v -0.035467 0.125592 -0.029717
v 0.012363 0.000879 -0.047476
v -0.030071 0.125592 -0.035423
v 0.005977 0.000879 -0.048285
v -0.040139 0.125592 -0.023115
v 0.042567 0.122530 0.000244
v 0.041936 0.122529 0.007622
v 0.042508 0.108687 0.000244
v 0.041916 0.122530 -0.007143
v 0.023369 0.125522 -0.037710
v 0.024392 0.041164 0.042452
v 0.017811 0.125522 -0.040971
v 0.024392 0.076630 0.042452
v 0.022893 0.124510 -0.036892
v -0.022080 0.018000 -0.035974
v -0.016798 0.018000 -0.039072
v 0.020380 0.012945 0.035504
v -0.027071 0.018000 -0.031790
v 0.017311 0.008582 0.030272
v 0.024392 0.022845 0.042452
v 0.016666 0.022845 0.046020
v 0.008448 0.076630 0.048228
v 0.008448 0.041164 0.048228
v 0.041196 0.125522 0.015208
v -0.032491 0.122530 -0.027171
v 0.037942 0.125522 0.022122
v 0.040324 0.124510 0.014890
v 0.000131 0.007517 -0.049314
v 0.000131 0.004628 -0.049314
v 0.005273 0.007226 -0.049144
v 0.000131 0.010598 -0.049610
v 0.007355 0.072089 0.041971
v 0.007326 0.034579 0.041801
v 0.014504 0.072089 0.040051
v 0.007359 0.108687 0.041991
v -0.000006 0.072089 0.042630
v -0.024496 0.125592 -0.040074
v -0.032446 0.108687 -0.027133
v -0.032431 0.072090 -0.027120
v 0.000060 0.111012 -0.082774
v -0.003962 0.110151 -0.082294
v 0.000058 0.107886 -0.090096
v 0.004082 0.110151 -0.082293
v -0.005348 0.107570 -0.080853
v -0.004715 0.104683 -0.079292
v -0.005381 0.104740 -0.087050
v -0.025479 0.123762 -0.041708
v 0.006088 0.008582 0.034338
v 0.007077 0.012945 0.040323
v -0.031291 0.123762 -0.036868
v -0.002679 0.102909 -0.078449
v 0.000060 0.102299 -0.078207
v -0.002672 0.100567 -0.083258
v 0.002799 0.102909 -0.078449
v 0.004835 0.104684 -0.079292
v 0.002788 0.100567 -0.083258
v 0.005469 0.107570 -0.080853
v 0.005497 0.104740 -0.087050
v 0.021224 0.072089 0.036947
v 0.027299 0.072089 0.032738
v 0.021234 0.108687 0.036964
v 0.021137 0.034579 0.036797
v -0.023141 0.125522 -0.037780
v -0.022668 0.124510 -0.036961
v -0.028389 0.125522 -0.033390
v -0.017573 0.125522 -0.041025
v 0.031377 0.022845 0.037612
v 0.045875 0.041164 0.016918
v 0.008448 0.022845 0.048228
v 0.045875 0.076630 0.016918
v 0.011518 0.072090 -0.041574
v 0.011472 0.034579 -0.041404
v 0.037374 0.076630 0.031592
v 0.037374 0.041164 0.031592
v 0.007236 0.018000 0.041291
v -0.000006 0.018000 0.041939
v 0.014268 0.018000 0.039402
v 0.042488 0.072089 0.000244
v 0.042315 0.034579 0.000244
v 0.041838 0.072089 -0.007130
v 0.041858 0.072089 0.007608
v 0.039949 0.072089 -0.014286
v 0.036863 0.072089 -0.020995
v 0.039967 0.108687 -0.014293
v 0.039786 0.034579 -0.014227
v 0.017311 0.072090 -0.039671
v 0.045920 0.041103 -0.016451
v -0.021220 0.072089 0.036883
v 0.045920 0.076615 -0.016451
v -0.027283 0.072089 0.032656
v 0.020879 0.018000 0.036348
v 0.026855 0.018000 0.032208
v -0.033469 0.125522 -0.028014
v -0.037868 0.125522 -0.021795
v -0.032766 0.124510 -0.027407
v 0.000057 0.102322 -0.094978
v -0.004027 0.101635 -0.094025
v 0.000057 0.094979 -0.097756
v 0.004142 0.101635 -0.094025
v -0.005391 0.099572 -0.091166
v -0.004712 0.097310 -0.088079
v -0.005390 0.092800 -0.093494
v -0.022485 0.122530 -0.036642
v -0.017098 0.122530 -0.039797
v -0.022456 0.108687 -0.036591
v -0.027571 0.122530 -0.032381
v -0.002668 0.096025 -0.086440
v 0.000057 0.095627 -0.085982
v -0.002667 0.090079 -0.088213
v 0.002783 0.096025 -0.086440
v 0.004827 0.097311 -0.088079
v 0.002782 0.090079 -0.088213
v 0.005506 0.099572 -0.091166
v 0.005505 0.092800 -0.093494
v -0.022447 0.072090 -0.036574
v -0.022355 0.034579 -0.036424
v -0.027521 0.072090 -0.032320
v -0.017077 0.072090 -0.039723
v -0.046369 0.125592 0.000111
v 0.045875 0.022845 0.016918
v -0.045633 0.125592 -0.007955
v 0.042251 0.022845 0.024618
v -0.045704 0.125592 0.008171
v 0.048115 0.022845 0.008721
v 0.048839 0.076630 0.000254
v 0.048839 0.041164 0.000254
v 0.000130 0.113721 -0.049884
v -0.004892 0.114125 -0.049676
v 0.000132 0.117829 -0.049456
v -0.047952 0.097016 -0.008367
v -0.007084 0.012945 0.040302
v -0.019283 0.123762 -0.045282
v -0.006076 0.008582 0.034320
v 0.033668 0.125522 -0.027913
v 0.032963 0.124510 -0.027308
v 0.028604 0.125522 -0.033304
v 0.037374 0.022845 0.031592
v 0.038049 0.125522 -0.021681
v 0.012545 0.120475 -0.048067
v 0.024996 0.040367 -0.042256
v -0.032498 0.108687 0.027416
v 0.024992 0.076506 -0.042243
v 0.006001 0.120475 -0.048998
v -0.036992 0.123762 0.031177
v 0.037479 0.076575 -0.031121
v 0.037479 0.040863 -0.031121
v 0.000124 0.125522 -0.044251
v -0.005483 0.125522 -0.043935
v 0.009353 0.008657 -0.034225
v 0.005730 0.125522 -0.043918
v 0.000122 0.124510 -0.043303
v -0.043542 0.125592 -0.015779
v 0.000132 0.002923 -0.049314
v -0.045755 0.041103 -0.016588
v 0.000057 0.086516 -0.098770
v -0.004028 0.086177 -0.097658
v 0.000057 0.077880 -0.098280
v 0.004143 0.086177 -0.097658
v -0.005390 0.085159 -0.094324
v -0.004709 0.084071 -0.090720
v -0.005388 0.077384 -0.093915
v -0.036909 0.123762 -0.030930
v -0.017287 0.008582 0.030220
v -0.020372 0.012945 0.035442
v -0.041771 0.123762 -0.024061
v -0.002666 0.083521 -0.088796
v 0.000057 0.083381 -0.088255
v -0.002667 0.076853 -0.088438
v 0.002781 0.083521 -0.088796
v 0.004824 0.084071 -0.090720
v 0.002781 0.076853 -0.088438
v 0.005505 0.085159 -0.094324
v 0.005503 0.077384 -0.093915
v 0.000128 0.125592 -0.046924
v 0.000132 0.000879 -0.048561
v 0.005936 0.125592 -0.046571
v -0.041077 0.125522 -0.014876
v -0.040205 0.124510 -0.014557
v -0.043050 0.125522 -0.007495
v 0.039984 0.122530 0.014765
v 0.036825 0.122530 0.021475
v 0.039928 0.108687 0.014745
v 0.032576 0.122529 0.027552
v 0.027350 0.122529 0.032799
v 0.032531 0.108687 0.027514
v 0.032853 0.124510 0.027786
v -0.020873 0.018000 0.036286
v -0.026837 0.018000 0.032127
v -0.014272 0.018000 0.039359
v -0.021133 0.034579 0.036734
v -0.031071 0.123762 0.037157
v -0.008428 0.043654 -0.048223
v 0.045920 0.022805 -0.016451
v -0.008365 0.071990 -0.048366
v 0.048092 0.022835 -0.008223
v 0.042367 0.022745 -0.024170
v 0.008646 0.071990 -0.048329
v 0.008709 0.043655 -0.048201
v 0.032096 0.018000 -0.026579
v 0.036263 0.018000 -0.020649
v 0.031334 0.012945 -0.025960
v 0.027281 0.018000 -0.031708
v 0.032495 0.034579 -0.026912
v -0.007246 0.018000 0.041269
v -0.007336 0.034579 0.041779
v -0.043743 0.125522 0.000115
v -0.043116 0.125522 0.007719
v -0.042815 0.124510 0.000116
v 0.000057 0.070016 -0.096549
v -0.004019 0.070065 -0.095542
v 0.000057 0.062794 -0.093802
v 0.004133 0.070065 -0.095542
v -0.005383 0.070214 -0.092521
v -0.004708 0.070403 -0.089224
v -0.005372 0.063562 -0.090216
v -0.045755 0.076615 -0.016588
v -0.031207 0.012945 0.026323
v -0.037270 0.120475 -0.031233
v -0.026594 0.008582 0.022387
v -0.002667 0.070576 -0.087387
v 0.000057 0.070658 -0.086833
v -0.002668 0.064668 -0.085555
v 0.002782 0.070576 -0.087387
v 0.004823 0.070403 -0.089224
v 0.002783 0.064668 -0.085555
v 0.005498 0.070214 -0.092521
v 0.005487 0.063562 -0.090216
v -0.037270 0.113652 -0.031233
v -0.032547 0.008582 0.012040
v -0.038263 0.012945 0.014059
v -0.031523 0.120475 -0.037284
v -0.035547 0.125592 0.029967
v 0.048839 0.022845 0.000254
v -0.040168 0.125592 0.023316
v -0.007448 0.037135 -0.048732
v -0.029857 0.125592 0.035714
v 0.000057 0.056083 -0.090262
v -0.003979 0.056398 -0.089465
v 0.000058 0.049705 -0.086002
v 0.004094 0.056398 -0.089465
v -0.005354 0.057344 -0.087073
v -0.004705 0.058416 -0.084424
v -0.005324 0.051393 -0.083225
v -0.039189 0.018000 0.014383
v -0.041084 0.018000 0.007364
v -0.036107 0.018000 0.020981
v -0.039676 0.034579 0.014560
v -0.002670 0.059111 -0.082854
v 0.000058 0.059363 -0.082338
v -0.002673 0.053767 -0.079483
v 0.002785 0.059111 -0.082854
v 0.004820 0.058416 -0.084424
v 0.002789 0.053767 -0.079483
v 0.005469 0.057344 -0.087073
v 0.005440 0.051393 -0.083225
v -0.007380 0.122529 0.042027
v -0.007444 0.124510 0.042384
v -0.014536 0.122529 0.040082
v -0.007370 0.108687 0.041969
v -0.000007 0.122529 0.042709
v -0.043595 0.125592 0.015978
v 0.043704 0.125592 -0.015648
v 0.025176 0.022305 -0.042369
v 0.000058 0.043484 -0.081092
v -0.003880 0.043999 -0.080521
v 0.000058 0.037803 -0.075887
v 0.003995 0.043999 -0.080521
v -0.005281 0.045543 -0.078807
v -0.004696 0.047311 -0.076873
v -0.005224 0.040168 -0.074071
v -0.031953 0.018000 0.026960
v -0.032350 0.034579 0.027293
v -0.002677 0.048501 -0.075641
v 0.000058 0.048951 -0.075202
v -0.002683 0.043661 -0.071468
v 0.002794 0.048501 -0.075641
v 0.004812 0.047312 -0.076873
v 0.002800 0.043661 -0.071468
v 0.005396 0.045543 -0.078807
v 0.005341 0.040168 -0.074071
v -0.021259 0.122529 0.036952
v -0.027333 0.122529 0.032717
v -0.021229 0.108687 0.036900
v -0.021441 0.124510 0.037265
v -0.041127 0.125522 0.015085
v -0.040254 0.124510 0.014769
v -0.037893 0.125522 0.022008
v 0.000058 0.033047 -0.070738
v -0.003713 0.033696 -0.070371
v 0.000059 0.029078 -0.066013
v 0.003829 0.033696 -0.070371
v -0.005157 0.035643 -0.069270
v -0.004681 0.037930 -0.067993
v -0.005080 0.031988 -0.064803
v -0.042179 0.120475 -0.024297
v -0.040701 0.012945 0.000110
v -0.025432 0.120475 -0.042336
v -0.034641 0.008582 0.000057
v -0.002689 0.039597 -0.067100
v 0.000059 0.040275 -0.066749
v -0.002707 0.036468 -0.062967
v 0.002807 0.039597 -0.067100
v 0.004798 0.037930 -0.067993
v 0.002828 0.036468 -0.062968
v 0.005274 0.035643 -0.069270
v 0.005198 0.031988 -0.064803
v -0.019013 0.120475 -0.046054
v -0.032551 0.008582 -0.011695
v -0.038223 0.012945 -0.013821
v -0.025153 0.113654 -0.042468
v -0.033533 0.125522 0.028283
v -0.028165 0.125522 0.033705
v -0.032821 0.124510 0.027687
v 0.022303 0.018000 -0.035908
v 0.022580 0.034579 -0.036357
v 0.021791 0.012945 -0.035104
v 0.017030 0.018000 -0.039021
v -0.011534 0.125522 -0.042968
v -0.011340 0.124510 -0.042045
v -0.011277 0.122530 -0.041686
v -0.005408 0.122530 -0.042626
v -0.011278 0.108687 -0.041628
v 0.032516 0.072089 0.027501
v 0.032383 0.034579 0.027390
v 0.036757 0.072089 0.021435
v 0.033563 0.125522 0.028384
v 0.032688 0.122530 -0.027073
v 0.028179 0.125522 0.033789
v 0.039910 0.072089 0.014738
v 0.039747 0.034579 0.014679
v -0.011278 0.072090 -0.041608
v -0.011232 0.034579 -0.041438
v -0.008065 0.125592 0.045882
v 0.036932 0.122530 -0.021034
v -0.015881 0.125592 0.043758
v 0.032642 0.108687 -0.027035
v 0.035572 0.125592 0.030074
v 0.040213 0.125592 0.023437
v 0.032627 0.072090 -0.027023
v -0.045312 0.123762 -0.016426
v -0.047488 0.123762 -0.008285
v 0.038379 0.012945 -0.013706
v -0.048725 0.097017 0.000108
v 0.032701 0.008582 -0.011597
v -0.039141 0.018000 -0.014168
v -0.036086 0.018000 -0.020757
v -0.041021 0.018000 -0.007133
v -0.039628 0.034579 -0.014347
v -0.048253 0.123762 0.000108
v 0.034756 0.008582 0.000162
v 0.040815 0.012945 0.000232
v -0.047562 0.123762 0.008495
v -0.007366 0.072089 0.041949
v -0.014509 0.072089 0.040007
v 0.041796 0.018000 0.000243
v 0.041177 0.018000 0.007488
v 0.041157 0.018000 -0.007010
v -0.048026 0.097017 0.008577
v -0.048725 0.120475 0.000108
v 0.000120 0.012968 -0.041196
v -0.048725 0.113653 0.000108
v 0.000114 0.008731 -0.035267
v -0.023223 0.125592 0.040340
v 0.031626 0.022500 -0.037217
v 0.037479 0.022645 -0.031121
v 0.000061 0.025762 -0.062076
v -0.003446 0.026627 -0.061825
v 0.000071 0.022518 -0.058563
v 0.003568 0.026627 -0.061824
v -0.004992 0.029220 -0.061069
v -0.004713 0.032253 -0.060173
v -0.004997 0.026938 -0.057770
v -0.041682 0.018000 0.000118
v -0.042201 0.034579 0.000117
v -0.002747 0.034437 -0.059500
v 0.000063 0.035316 -0.059220
v -0.002905 0.033296 -0.056530
v 0.002872 0.034437 -0.059501
v 0.004837 0.032254 -0.060174
v 0.003052 0.033297 -0.056531
v 0.005114 0.029221 -0.061069
v 0.005140 0.026939 -0.057771
v 0.000121 0.018000 -0.042152
v 0.005573 0.018000 -0.041833
v -0.005333 0.018000 -0.041849
v -0.021906 0.125522 0.038069
v -0.014979 0.125522 0.041293
v 0.000097 0.018766 -0.055108
v -0.003145 0.020260 -0.054984
v 0.000122 0.015290 -0.052243
v 0.003339 0.020260 -0.054984
v -0.005199 0.024742 -0.054611
v -0.005449 0.029755 -0.054181
v -0.005827 0.023010 -0.052017
v -0.047952 0.120475 -0.008367
v -0.031142 0.012945 -0.026054
v -0.048026 0.120475 0.008577
v -0.026455 0.008582 -0.022218
v -0.003280 0.032838 -0.053887
v 0.000098 0.033897 -0.053775
v -0.003939 0.032957 -0.051779
v 0.003476 0.032838 -0.053888
v 0.005643 0.029756 -0.054182
v 0.004182 0.032957 -0.051776
v 0.005393 0.024743 -0.054611
v 0.006070 0.023010 -0.052013
v -0.045755 0.120475 -0.016588
v -0.018415 0.008582 -0.030169
v -0.021571 0.012945 -0.035169
v -0.045755 0.113652 -0.016588
v -0.007606 0.125522 0.043298
v -0.000009 0.125522 0.044001
v 0.045875 0.120475 0.016918
v 0.011316 0.000179 -0.042959
v 0.045875 0.113653 0.016918
v 0.042251 0.120475 0.024618
v -0.037354 0.120475 0.031479
v -0.009132 0.008657 -0.034252
v -0.037354 0.113653 0.031479
v -0.042209 0.120475 0.024491
v -0.009570 0.115334 -0.049037
v -0.011439 0.118232 -0.048447
v 0.043662 0.125592 0.016109
v -0.012089 0.002920 -0.048355
v 0.039298 0.018000 -0.014050
v 0.000122 0.122530 -0.042933
v 0.005651 0.122530 -0.042609
v 0.048115 0.120475 0.008721
v -0.022772 0.000179 -0.037891
v 0.037374 0.120475 0.031592
v 0.037374 0.113653 0.031592
v 0.048368 0.123762 0.000254
v 0.047628 0.123762 -0.008142
v -0.033423 0.000179 -0.027980
v 0.009968 0.006352 -0.048653
v 0.011730 0.004332 -0.048405
v -0.025209 0.002926 -0.042585
v -0.025121 0.008328 -0.042554
v -0.031467 0.002934 -0.037347
v -0.031902 0.018000 -0.026675
v -0.018686 0.002920 -0.046428
v -0.037270 0.002936 -0.031233
v -0.042179 0.002936 -0.024297
v -0.032299 0.034579 -0.027009
v -0.037270 0.008425 -0.031233
v -0.036805 0.000879 -0.030827
v -0.031092 0.000879 -0.036805
v -0.041625 0.000879 -0.023982
v -0.025014 0.000879 -0.041862
v -0.018654 0.000879 -0.045573
v -0.045368 0.123762 0.016620
v 0.026642 0.008582 0.022467
v -0.041801 0.123762 0.024256
v 0.031242 0.012945 0.026417
v -0.031375 0.120475 0.037518
v -0.045811 0.120475 0.016780
v -0.045811 0.113653 0.016780
v -0.024168 0.123762 0.041971
v -0.031375 0.097017 0.037518
v -0.040788 0.000179 -0.014777
v 0.045477 0.123762 -0.016290
v 0.041958 0.123762 -0.023935
v -0.037354 0.076630 0.031479
v -0.043454 0.000179 0.000213
v -0.013436 0.021866 -0.048203
v -0.012734 0.032860 -0.048255
v -0.018664 0.022084 -0.046210
v -0.009499 0.021820 -0.049309
v -0.045755 0.002936 -0.016588
v -0.045755 0.008465 -0.016588
v -0.047952 0.002936 -0.008367
v -0.007111 0.022119 -0.050415
v -0.048725 0.002936 0.000108
v -0.048026 0.002936 0.008577
v -0.003840 0.015189 -0.050480
v -0.048725 0.008475 0.000108
v -0.047963 0.000879 0.000175
v -0.047110 0.000879 -0.008164
v -0.047369 0.000879 0.008478
v -0.045029 0.000879 -0.016322
v -0.048725 0.076630 0.000108
v 0.038335 0.012945 0.014174
v 0.032626 0.008582 0.012138
v -0.016528 0.123762 0.045527
v 0.012355 0.125592 -0.045528
v -0.008395 0.123762 0.047738
v -0.000015 0.123762 0.048513
v 0.045920 0.120475 -0.016451
v -0.040872 0.000179 0.014987
v 0.045920 0.113652 -0.016451
v 0.048092 0.120475 -0.008223
v 0.042367 0.120475 -0.024170
v -0.033279 0.000179 0.028183
v 0.013374 0.097315 -0.048624
v 0.012608 0.084611 -0.048663
v 0.018831 0.097099 -0.046241
v -0.045811 0.002936 0.016780
v -0.045811 0.008475 0.016780
v -0.042209 0.002936 0.024491
v -0.037354 0.022845 0.031479
v -0.037354 0.002936 0.031479
v -0.031375 0.002936 0.037518
v -0.042209 0.022845 0.024491
v -0.037354 0.008475 0.031479
v -0.036749 0.000879 0.031050
v -0.041468 0.000879 0.024117
v -0.030945 0.000879 0.037024
v -0.045106 0.000879 0.016526
v 0.024731 0.125592 -0.040000
v -0.037354 0.041164 0.031479
v 0.030293 0.125592 -0.035332
v -0.045755 0.097014 -0.016588
v 0.018810 0.125592 -0.043452
v 0.040023 0.122530 -0.014313
v -0.008478 0.120475 0.048202
v -0.008478 0.113653 0.048202
v -0.016689 0.120475 0.045970
v 0.048839 0.120475 0.000254
v -0.021805 0.000179 0.037841
v 0.048839 0.113653 0.000254
v 0.037117 0.123762 -0.030819
v 0.031517 0.123762 -0.036774
vn -0.0562 0.9962 -0.0663
vn -0.0397 0.9962 -0.0773
vn -0.0659 0.9929 -0.0986
vn -0.0245 -0.9994 -0.0262
vn -0.0529 -0.9957 -0.0760
vn -0.0220 -0.9985 -0.0506
vn -0.1224 0.9900 0.0703
vn -0.1612 0.9865 -0.0289
vn -0.3853 0.9228 -0.0039
vn -0.2911 0.9553 0.0515
vn -0.0627 0.9977 -0.0260
vn -0.0773 0.9962 -0.0398
vn -0.2529 0.9583 -0.1331
vn -0.2594 0.9598 -0.1075
vn -0.0986 0.9929 -0.0658
vn -0.2418 0.9568 -0.1615
vn -0.6423 0.0709 0.7632
vn -0.4976 0.0709 0.8645
vn -0.4433 0.4587 0.7701
vn -0.5721 0.4589 0.6798
vn 0.8646 0.0709 -0.4974
vn 0.7726 0.0698 -0.6311
vn 0.6890 0.4580 -0.5618
vn 0.7702 0.4588 -0.4431
vn 0.6416 -0.0000 0.7670
vn 0.7669 -0.0000 0.6418
vn 0.3562 0.4757 -0.8042
vn 0.5091 0.4637 -0.7251
vn 0.5728 0.0735 -0.8164
vn 0.3990 0.1019 -0.9113
vn 0.6829 0.0676 -0.7274
vn 0.6102 0.4576 -0.6467
vn -0.7756 0.0024 0.6312
vn -0.7722 0.0923 0.6286
vn -0.6850 0.0926 0.7226
vn -0.6881 0.0024 0.7256
vn -0.0663 0.9962 -0.0562
vn -0.2198 0.9583 -0.1827
vn -0.0400 0.9984 -0.0400
vn -0.1986 0.9598 -0.1986
vn 0.0015 0.0862 -0.9963
vn 0.0015 0.1063 -0.9943
vn 0.0971 0.1171 -0.9884
vn 0.0848 0.0922 -0.9921
vn 0.6729 -0.0038 -0.7397
vn 0.5670 -0.0096 -0.8237
vn 0.5743 -0.0044 -0.8186
vn 0.6800 -0.0044 -0.7332
vn 0.4429 -0.0102 -0.8965
vn 0.3866 0.0216 -0.9220
vn -0.4069 0.8179 -0.4069
vn -0.4467 0.8160 -0.3669
vn -0.4828 0.8142 -0.3226
vn -0.5713 0.6740 -0.4684
vn -0.6143 0.6740 -0.4104
vn -0.5224 0.6740 -0.5224
vn 0.9851 0.0026 -0.1722
vn 1.0000 0.0026 0.0043
vn 1.0000 0.0024 0.0043
vn 0.9851 0.0024 -0.1722
vn 0.9845 0.0026 0.1751
vn 0.9845 0.0024 0.1751
vn 0.9998 0.0179 0.0043
vn 0.9844 0.0179 0.1751
vn -0.6514 0.6740 -0.3485
vn -0.5099 0.8160 -0.2723
vn -0.5316 0.8179 -0.2202
vn -0.6825 0.6740 -0.2827
vn 0.7733 -0.0009 -0.6340
vn 0.8668 -0.0000 -0.4987
vn -0.3538 0.4757 -0.8053
vn -0.1985 0.4774 -0.8560
vn -0.2123 0.1252 -0.9692
vn -0.3962 0.1019 -0.9125
vn -0.0940 0.1171 -0.9887
vn -0.0918 0.4694 -0.8782
vn -0.0424 0.9991 -0.0000
vn -0.0866 0.9962 -0.0071
vn -0.2846 0.9583 -0.0262
vn -0.2808 0.9598 -0.0000
vn -0.1163 0.9929 -0.0231
vn -0.2852 0.9568 -0.0567
vn -0.0013 0.4589 0.8885
vn -0.1581 0.4587 0.8744
vn -0.1774 0.0709 0.9816
vn -0.0015 0.0713 0.9975
vn 0.9849 0.0179 -0.1721
vn -0.0817 0.0923 -0.9924
vn -0.1963 0.0758 -0.9776
vn -0.0187 -0.9959 -0.0890
vn -0.0278 -0.9907 -0.1333
vn -0.0127 -0.9903 -0.1386
vn -0.0051 -0.9984 -0.0556
vn -0.3426 0.0709 0.9368
vn -0.3052 0.4585 0.8346
vn -0.0827 0.9962 -0.0265
vn -0.2730 0.9583 -0.0847
vn -0.0747 -0.3580 -0.9307
vn -0.1863 -0.3696 -0.9103
vn -0.1877 -0.1907 -0.9635
vn -0.0761 -0.1854 -0.9797
vn -0.3840 0.0217 -0.9231
vn -0.2812 0.0733 -0.9568
vn -0.1407 0.1554 -0.9778
vn -0.1895 0.3305 -0.9246
vn -0.3374 0.1051 -0.9355
vn 0.0013 0.1728 -0.9849
vn 0.0012 0.4269 -0.9043
vn -0.5531 0.8160 -0.1680
vn -0.5695 0.8142 -0.1133
vn -0.7070 0.6740 -0.2141
vn -0.7246 0.6740 -0.1441
vn -0.1333 0.0344 -0.9905
vn 0.0015 0.0270 -0.9996
vn -0.3503 0.0255 -0.9363
vn -0.5476 0.1580 -0.8217
vn -0.3322 0.5681 -0.7530
vn -0.5023 0.7667 -0.3999
vn -0.8174 0.2405 -0.5235
vn 0.0006 0.7446 -0.6675
vn -0.0000 0.9550 -0.2966
vn -0.7352 0.6740 -0.0728
vn -0.5753 0.8160 -0.0564
vn -0.5754 0.8179 -0.0000
vn -0.7387 0.6740 -0.0000
vn -0.7716 0.0010 -0.6361
vn -0.7699 0.0009 -0.6382
vn -0.6715 0.0050 -0.7410
vn -0.6795 0.0057 -0.7336
vn -0.7683 0.0004 -0.6401
vn -0.6644 0.0021 -0.7474
vn -0.0784 0.9964 0.0325
vn -0.0827 0.9962 0.0265
vn -0.2730 0.9583 0.0847
vn -0.2594 0.9598 0.1075
vn -0.1163 0.9929 0.0231
vn -0.2852 0.9568 0.0567
vn -0.6931 0.4486 0.5642
vn -0.6144 0.4497 0.6483
vn -0.8632 0.0924 0.4963
vn -0.7747 0.4489 0.4455
vn -0.8653 -0.0000 -0.5013
vn -0.4161 0.0134 -0.9092
vn -0.5627 0.0126 -0.8266
vn -0.5484 0.0075 -0.8362
vn -0.1779 -0.0000 0.9841
vn -0.3434 -0.0000 0.9392
vn -0.1154 0.9933 0.0095
vn -0.2846 0.9583 0.0262
vn 0.9851 -0.0000 -0.1722
vn 0.9412 -0.0000 -0.3380
vn -0.5726 0.0117 -0.8198
vn -0.3598 0.0085 -0.9330
vn 0.3334 0.5677 -0.7527
vn 0.5006 0.7647 -0.4057
vn 0.5485 0.1579 -0.8211
vn 0.8126 0.2396 -0.5313
vn -0.5753 0.8160 0.0564
vn -0.5695 0.8142 0.1133
vn -0.7352 0.6740 0.0728
vn -0.7246 0.6740 0.1441
vn 0.1919 0.3305 -0.9241
vn 0.3398 0.1049 -0.9346
vn 0.5693 -0.1443 -0.8094
vn 0.8124 -0.1966 -0.5489
vn 0.3964 -0.3417 -0.8521
vn 0.5665 -0.4746 -0.6737
vn -0.7070 0.6740 0.2141
vn -0.5531 0.8160 0.1680
vn -0.5316 0.8179 0.2202
vn -0.6825 0.6740 0.2827
vn 0.3391 -0.0629 -0.9387
vn 0.1833 -0.1247 -0.9751
vn -1.0000 -0.0000 -0.0043
vn -0.9845 -0.0000 -0.1751
vn -0.0400 0.9984 0.0400
vn -0.0663 0.9962 0.0562
vn -0.2198 0.9583 0.1827
vn -0.1986 0.9598 0.1986
vn -0.0986 0.9929 0.0659
vn -0.2418 0.9568 0.1615
vn -0.0015 -0.0000 1.0000
vn -0.9851 -0.0000 0.1722
vn -0.9401 -0.0000 -0.3408
vn 0.8617 0.0926 0.4989
vn 0.9361 0.0926 0.3392
vn 0.9402 0.0024 0.3407
vn 0.8654 0.0024 0.5010
vn -0.0773 0.9962 0.0398
vn -0.2529 0.9583 0.1331
vn 0.9803 0.0929 0.1744
vn 0.7736 0.0179 0.6335
vn 0.7697 0.1108 0.6288
vn 0.6824 0.1089 0.7229
vn 0.6858 0.0180 0.7276
vn 0.6457 0.5584 0.5208
vn 0.5774 0.5496 0.6037
vn -0.5099 0.8160 0.2722
vn -0.4828 0.8142 0.3226
vn -0.6514 0.6740 0.3486
vn -0.6143 0.6740 0.4104
vn -0.4989 -0.0000 0.8667
vn 0.8599 0.1128 0.4979
vn 0.7162 0.5613 0.4147
vn 0.8653 0.0179 0.5010
vn -0.6439 -0.0000 0.7651
vn -0.3952 -0.3422 -0.8525
vn -0.5686 -0.1446 -0.8098
vn -0.8168 -0.1983 -0.5418
vn -0.5688 -0.4771 -0.6700
vn -0.5713 0.6740 0.4684
vn -0.4467 0.8160 0.3669
vn -0.4069 0.8179 0.4069
vn -0.5224 0.6740 0.5224
vn -0.7755 0.0179 0.6311
vn -0.7756 0.0026 0.6312
vn -0.6881 0.0026 0.7256
vn -0.6880 0.0180 0.7255
vn -0.3363 -0.0626 -0.9397
vn -0.1803 -0.1244 -0.9757
vn 0.3027 0.4585 0.8356
vn 0.1554 0.4587 0.8749
vn 0.1745 0.0709 0.9821
vn 0.3398 0.0709 0.9378
vn -0.7688 -0.0000 0.6395
vn -0.8668 -0.0000 0.4987
vn -0.4684 0.6740 -0.5713
vn -0.3669 0.8160 -0.4467
vn -0.3226 0.8142 -0.4828
vn -0.4104 0.6740 -0.6143
vn -0.1827 0.9583 -0.2198
vn -0.1615 0.9568 -0.2418
vn -0.2202 0.8179 -0.5316
vn -0.2722 0.8160 -0.5099
vn -0.1331 0.9583 -0.2529
vn -0.1075 0.9598 -0.2594
vn -0.3486 0.6740 -0.6514
vn -0.2827 0.6740 -0.6825
vn -0.0325 0.9964 -0.0784
vn 0.5701 0.4589 0.6815
vn 0.4410 0.4587 0.7715
vn 0.4950 0.0709 0.8660
vn 0.6400 0.0715 0.7650
vn -0.2141 0.6740 -0.7070
vn -0.1680 0.8160 -0.5531
vn -0.1133 0.8141 -0.5695
vn -0.1441 0.6740 -0.7246
vn -0.0847 0.9583 -0.2730
vn -0.0567 0.9568 -0.2852
vn -0.0000 0.8179 -0.5754
vn -0.0564 0.8160 -0.5753
vn -0.0262 0.9583 -0.2846
vn -0.0000 0.9597 -0.2809
vn -0.0728 0.6740 -0.7352
vn -0.0000 0.6740 -0.7387
vn -0.8669 0.0026 0.4984
vn -0.8669 0.0024 0.4984
vn -0.0231 0.9929 -0.1163
vn -0.0095 0.9933 -0.1155
vn -0.0000 0.9991 -0.0424
vn -0.8668 0.0180 0.4984
vn -0.0265 0.9962 -0.0827
vn 0.4963 -0.0000 0.8682
vn 0.3406 -0.0000 0.9402
vn 0.8402 0.4487 0.3045
vn 0.8799 0.4487 0.1565
vn 0.0728 0.6740 -0.7352
vn 0.0564 0.8160 -0.5753
vn 0.1133 0.8142 -0.5695
vn 0.1441 0.6740 -0.7246
vn 0.0262 0.9583 -0.2846
vn 0.0567 0.9568 -0.2852
vn 0.2202 0.8179 -0.5316
vn 0.1680 0.8160 -0.5530
vn 0.0847 0.9583 -0.2730
vn 0.1075 0.9598 -0.2594
vn 0.2141 0.6740 -0.7070
vn 0.2827 0.6740 -0.6825
vn 0.7733 0.4489 0.4478
vn 0.0231 0.9930 -0.1162
vn 0.0265 0.9962 -0.0827
vn 0.0260 0.9977 -0.0627
vn 0.0071 0.9962 -0.0866
vn 0.9400 0.0179 0.3406
vn 0.9402 0.0026 0.3407
vn 0.3486 0.6740 -0.6514
vn 0.2722 0.8160 -0.5099
vn 0.3226 0.8141 -0.4828
vn 0.4104 0.6740 -0.6143
vn 0.1331 0.9583 -0.2529
vn 0.1615 0.9568 -0.2418
vn 0.4069 0.8179 -0.4069
vn 0.3669 0.8160 -0.4467
vn 0.1827 0.9583 -0.2198
vn 0.1986 0.9598 -0.1986
vn 0.4684 0.6740 -0.5713
vn 0.5224 0.6740 -0.5224
vn 0.1749 -0.0000 0.9846
vn 0.0659 0.9929 -0.0986
vn 0.0562 0.9962 -0.0663
vn 0.0400 0.9984 -0.0400
vn 0.0398 0.9962 -0.0773
vn 0.7690 0.4585 0.4455
vn 0.6815 0.4587 0.5703
vn 0.7649 0.0709 0.6402
vn 0.8631 0.0709 0.5000
vn 0.5713 0.6740 -0.4684
vn 0.4467 0.8160 -0.3669
vn 0.4828 0.8141 -0.3226
vn 0.6143 0.6740 -0.4104
vn 0.2198 0.9583 -0.1827
vn 0.2418 0.9568 -0.1616
vn 0.5316 0.8179 -0.2202
vn 0.5099 0.8160 -0.2723
vn 0.2529 0.9583 -0.1331
vn 0.2594 0.9598 -0.1075
vn 0.6514 0.6740 -0.3486
vn 0.6825 0.6740 -0.2827
vn 0.0986 0.9929 -0.0659
vn 0.0773 0.9962 -0.0398
vn 0.0784 0.9964 -0.0325
vn -0.1093 0.1095 0.9880
vn -0.2357 0.1103 0.9655
vn -0.2373 0.0183 0.9713
vn -0.1099 0.0182 0.9938
vn 0.0663 0.9962 -0.0562
vn 0.8748 0.4588 0.1556
vn 0.8337 0.4587 0.3075
vn 0.9359 0.0709 0.3452
vn 0.9821 0.0709 0.1747
vn 0.7070 0.6740 -0.2141
vn 0.5531 0.8160 -0.1680
vn 0.5695 0.8142 -0.1133
vn 0.7246 0.6740 -0.1441
vn 0.2730 0.9583 -0.0847
vn 0.2852 0.9568 -0.0567
vn 0.5754 0.8179 -0.0000
vn 0.5753 0.8160 -0.0564
vn 0.2846 0.9583 -0.0262
vn 0.2809 0.9597 -0.0000
vn 0.7352 0.6740 -0.0728
vn 0.7387 0.6740 -0.0000
vn 0.1163 0.9929 -0.0231
vn 0.1154 0.9933 -0.0095
vn 0.0424 0.9991 -0.0000
vn 0.8653 -0.0000 0.5013
vn 0.0827 0.9962 -0.0265
vn 0.9382 -0.0000 0.3461
vn 0.8654 0.0026 0.5010
vn 0.7352 0.6740 0.0728
vn 0.5753 0.8160 0.0564
vn 0.5695 0.8142 0.1133
vn 0.7246 0.6740 0.1441
vn 0.2846 0.9583 0.0262
vn 0.2852 0.9568 0.0567
vn 0.5316 0.8179 0.2202
vn 0.5531 0.8160 0.1680
vn 0.2730 0.9583 0.0847
vn 0.2594 0.9598 0.1075
vn 0.7070 0.6740 0.2141
vn 0.6825 0.6740 0.2827
vn 0.1163 0.9929 0.0231
vn 0.0827 0.9962 0.0265
vn 0.0627 0.9977 0.0260
vn 0.9845 -0.0000 0.1751
vn 0.0866 0.9962 0.0071
vn 0.7716 -0.0007 -0.6361
vn 0.7703 -0.0003 -0.6377
vn 0.6668 -0.0016 -0.7452
vn 0.6514 0.6740 0.3485
vn 0.5099 0.8160 0.2722
vn 0.4828 0.8142 0.3226
vn 0.6143 0.6740 0.4104
vn 0.2529 0.9583 0.1331
vn 0.2418 0.9568 0.1616
vn 0.4069 0.8179 0.4069
vn 0.4467 0.8160 0.3669
vn 0.2198 0.9583 0.1827
vn 0.1986 0.9597 0.1986
vn 0.5713 0.6740 0.4684
vn 0.5224 0.6740 0.5224
vn 0.0986 0.9929 0.0659
vn 0.0663 0.9962 0.0562
vn 0.0400 0.9984 0.0400
vn 0.0773 0.9962 0.0398
vn -0.9392 -0.0000 0.3432
vn 0.8754 0.4585 -0.1530
vn 0.8886 0.4587 -0.0012
vn 0.9975 0.0709 -0.0013
vn 0.9826 0.0709 -0.1717
vn 0.4684 0.6740 0.5713
vn 0.3669 0.8160 0.4467
vn 0.3226 0.8142 0.4828
vn 0.4104 0.6740 0.6143
vn 0.1827 0.9583 0.2198
vn 0.1615 0.9568 0.2418
vn 0.2202 0.8179 0.5316
vn 0.2722 0.8160 0.5099
vn 0.1331 0.9583 0.2529
vn 0.1075 0.9598 0.2594
vn 0.3486 0.6740 0.6514
vn 0.2827 0.6740 0.6825
vn 0.0659 0.9929 0.0986
vn 0.0397 0.9962 0.0772
vn 0.0325 0.9964 0.0784
vn 0.0562 0.9962 0.0663
vn 0.8363 0.4587 -0.3003
vn 0.9388 0.0709 -0.3371
vn 0.2141 0.6740 0.7070
vn 0.1680 0.8160 0.5531
vn 0.1133 0.8141 0.5695
vn 0.1441 0.6740 0.7246
vn 0.0847 0.9583 0.2730
vn 0.0567 0.9568 0.2852
vn -0.0000 0.8179 0.5754
vn 0.0564 0.8160 0.5753
vn 0.0262 0.9583 0.2846
vn -0.0000 0.9597 0.2809
vn 0.0728 0.6740 0.7352
vn -0.0000 0.6740 0.7387
vn 0.3362 0.9340 -0.1207
vn 0.3520 0.9340 -0.0615
vn 0.0231 0.9929 0.1163
vn 0.0095 0.9933 0.1155
vn -0.0000 0.9991 0.0424
vn 0.3095 0.9341 -0.1781
vn 0.0265 0.9962 0.0827
vn -0.0728 0.6740 0.7352
vn -0.0564 0.8160 0.5753
vn -0.1133 0.8142 0.5695
vn -0.1441 0.6740 0.7246
vn -0.0262 0.9583 0.2846
vn -0.0567 0.9568 0.2852
vn -0.2202 0.8179 0.5316
vn -0.1680 0.8160 0.5530
vn -0.0847 0.9583 0.2730
vn -0.1075 0.9598 0.2594
vn -0.2141 0.6740 0.7070
vn -0.2827 0.6740 0.6825
vn -0.0231 0.9930 0.1162
vn -0.0265 0.9962 0.0827
vn -0.0260 0.9977 0.0627
vn -0.0071 0.9962 0.0866
vn 0.5524 -0.0063 -0.8336
vn 0.3690 -0.0295 -0.9290
vn -0.3486 0.6740 0.6514
vn -0.2722 0.8160 0.5099
vn -0.3226 0.8141 0.4828
vn -0.4104 0.6740 0.6143
vn -0.1331 0.9583 0.2529
vn -0.1615 0.9568 0.2418
vn -0.3669 0.8160 0.4467
vn -0.1827 0.9583 0.2198
vn -0.4684 0.6740 0.5713
vn 1.0000 -0.0000 -0.0013
vn -0.0659 0.9929 0.0986
vn -0.0562 0.9962 0.0663
vn -0.0398 0.9962 0.0773
vn 0.1993 0.0756 -0.9770
vn 0.1821 0.0828 -0.9798
vn 0.0998 0.1177 -0.9880
vn 0.2728 0.0527 -0.9606
vn 0.2979 0.2370 -0.9247
vn -0.1721 -0.0015 -0.9851
vn -0.1485 -0.0093 -0.9889
vn -0.0771 -0.0303 -0.9966
vn -0.0721 -0.0083 -0.9974
vn -0.2124 -0.0171 -0.9770
vn 0.4187 0.0129 -0.9080
vn 0.2987 -0.0094 -0.9543
vn 0.2828 0.0728 -0.9564
vn 0.3530 0.0255 -0.9353
vn 0.2150 -0.0173 -0.9765
vn 0.3625 0.0081 -0.9320
vn -0.4403 -0.0101 -0.8978
vn -0.3681 0.0135 -0.9297
vn -0.3454 -0.0789 -0.9351
vn -0.3662 -0.0298 -0.9301
vn -0.5202 0.0933 -0.8489
vn -0.4664 -0.0910 -0.8799
vn -0.2700 0.0530 -0.9614
vn -0.2962 0.2378 -0.9251
vn -0.0005 0.9341 0.3571
vn 0.0626 0.9340 0.3517
vn -0.0713 0.9131 -0.4016
vn 0.0006 0.9131 -0.4077
vn -0.1390 0.9130 -0.3836
vn 0.1217 0.9340 0.3360
vn 0.1773 0.9340 0.3102
vn -0.2024 0.9131 -0.3541
vn -0.2616 0.9131 -0.3127
vn 0.2291 0.9341 0.2739
vn 0.4334 0.8740 0.2199
vn 0.4608 0.8665 0.1922
vn 0.7264 0.6786 0.1090
vn 0.7121 0.6860 0.1492
vn 0.4510 0.4215 -0.7867
vn 0.0009 0.5973 -0.8020
vn 0.0012 0.3880 -0.9216
vn -0.4508 0.4231 -0.7859
vn -0.7259 0.6779 0.1161
vn -0.4607 0.8655 0.1965
vn -0.4334 0.8730 0.2236
vn -0.7115 0.6853 0.1554
vn -0.8498 0.2107 -0.4832
vn -0.6764 -0.1027 -0.7293
vn -0.9639 0.2443 -0.1054
vn -0.8288 -0.1542 -0.5379
vn -0.2373 -0.2672 -0.9340
vn -0.3100 -0.3279 -0.8924
vn 0.0012 -0.3860 -0.9225
vn 0.0015 -0.3256 -0.9455
vn -0.3934 -0.4342 -0.8104
vn 0.0010 -0.5018 -0.8650
vn 0.2398 -0.2669 -0.9334
vn 0.3114 -0.3270 -0.8922
vn 0.6745 -0.1024 -0.7311
vn 0.4672 -0.0909 -0.8794
vn 0.3939 -0.4330 -0.8107
vn 0.8264 -0.1536 -0.5418
vn 0.5203 0.0927 -0.8489
vn 0.8472 0.2096 -0.4882
vn 0.9632 0.2439 -0.1134
vn -0.0818 0.9348 -0.3456
vn -0.0384 0.9347 -0.3533
vn 0.0942 0.9148 0.3929
vn 0.0433 0.9147 0.4018
vn 0.1644 0.9152 0.3679
vn -0.1429 0.9352 -0.3240
vn -0.6805 0.7073 0.1915
vn -0.0001 0.9676 0.2526
vn -0.0001 0.9785 0.2062
vn -0.6508 0.7397 0.1711
vn 0.6811 0.7079 0.1870
vn 0.6513 0.7400 0.1681
vn -0.9736 0.2280 -0.0133
vn -0.8903 -0.2341 -0.3905
vn -0.9781 0.2073 0.0192
vn -0.9084 -0.3246 -0.2633
vn -0.4597 -0.5728 -0.6787
vn 0.0007 -0.6612 -0.7502
vn -0.4912 -0.7135 -0.4996
vn 0.0004 -0.8228 -0.5683
vn 0.4598 -0.5716 -0.6796
vn 0.8887 -0.2335 -0.3945
vn 0.4913 -0.7125 -0.5009
vn 0.9075 -0.3243 -0.2668
vn 0.9735 0.2277 -0.0197
vn 0.9782 0.2069 0.0146
vn -0.0015 0.0182 0.9998
vn -0.0015 0.0026 1.0000
vn 0.1069 0.0026 0.9943
vn 0.1069 0.0182 0.9941
vn -0.0015 0.0024 1.0000
vn 0.1070 0.0024 0.9943
vn -0.1099 0.0026 0.9939
vn -0.1099 0.0024 0.9939
vn -0.6269 0.7719 0.1062
vn -0.0001 0.9931 0.1171
vn -0.0000 0.9992 -0.0404
vn -0.6154 0.7880 -0.0211
vn 0.6271 0.7719 0.1041
vn 0.6155 0.7878 -0.0223
vn -0.9831 0.1825 0.0175
vn -0.8987 -0.4096 -0.1564
vn -0.9879 0.1548 -0.0033
vn -0.8832 -0.4676 -0.0359
vn -0.8936 0.4488 0.0012
vn -0.4078 0.9131 0.0005
vn -0.4018 0.9130 0.0702
vn -0.8803 0.4487 0.1539
vn 0.3573 0.9340 -0.0005
vn 0.3516 0.9341 0.0625
vn -0.4013 0.9131 -0.0714
vn -0.8797 0.4490 -0.1565
vn -0.4883 -0.8178 -0.3047
vn 0.0002 -0.9360 -0.3519
vn -0.4783 -0.8747 -0.0787
vn 0.0001 -0.9955 -0.0947
vn 0.4883 -0.8173 -0.3060
vn 0.8983 -0.4096 -0.1591
vn 0.4783 -0.8746 -0.0796
vn 0.8830 -0.4679 -0.0376
vn 0.9832 0.1820 0.0142
vn 0.9880 0.1542 -0.0053
vn 0.0013 0.4653 -0.8851
vn 0.0944 0.4696 -0.8778
vn -0.6082 0.4576 -0.6486
vn -0.6873 0.4580 -0.5639
vn -0.2765 0.9339 -0.2266
vn -0.2446 0.9340 -0.2604
vn 0.3157 0.9130 0.2586
vn 0.2792 0.9133 0.2965
vn 0.3528 0.9131 0.2043
vn -0.3090 0.9341 -0.1790
vn -0.7688 0.4589 -0.4454
vn -0.9803 0.0927 -0.1744
vn -0.9957 0.0929 0.0013
vn -1.0000 0.0024 0.0013
vn -0.9845 0.0024 -0.1751
vn -0.9808 0.0929 0.1714
vn -0.9851 0.0024 0.1722
vn -0.1228 0.9815 -0.1472
vn -0.1953 0.9232 -0.3309
vn -0.4159 0.5595 -0.7169
vn -0.5310 0.5615 -0.6347
vn -0.1012 0.9554 -0.2774
vn -0.2842 0.5536 -0.7828
vn -0.3826 0.9131 -0.1411
vn 0.3352 0.9340 0.1236
vn 0.3092 0.9340 0.1792
vn -0.3530 0.9130 -0.2045
vn -0.8384 0.4488 -0.3093
vn -0.7733 0.4487 -0.4480
vn 0.0016 -0.0064 -1.0000
vn 0.0016 -0.0392 -0.9992
vn 0.0802 -0.0302 -0.9963
vn 0.0752 -0.0082 -0.9971
vn 0.0015 -0.1923 -0.9813
vn -0.1749 0.0179 -0.9844
vn -0.1749 0.0026 -0.9846
vn -0.3406 0.0026 -0.9402
vn -0.3406 0.0179 -0.9401
vn -0.1749 0.0024 -0.9846
vn -0.3406 0.0024 -0.9402
vn 0.0015 0.0026 -1.0000
vn 0.0015 0.0024 -1.0000
vn 0.0015 0.0179 -0.9998
vn -0.2035 0.9347 -0.2915
vn 0.2328 0.9144 0.3312
vn -0.5069 0.4637 -0.7266
vn -0.2371 0.9363 -0.2591
vn -0.0000 0.9638 -0.2668
vn -0.0000 0.8097 -0.5868
vn -0.2598 0.7819 -0.5666
vn 0.2371 0.9363 -0.2593
vn 0.2598 0.7819 -0.5666
vn -0.9916 0.1261 -0.0304
vn -0.8793 -0.4603 0.1222
vn -0.9941 0.0904 -0.0596
vn -0.8868 -0.3553 0.2956
vn -0.9027 0.4167 -0.1070
vn -0.9222 0.3129 -0.2271
vn -0.0630 0.9229 -0.3798
vn -0.1406 0.5586 -0.8174
vn 0.0003 0.9815 -0.1914
vn 0.0012 0.5615 -0.8274
vn -0.4802 -0.8492 0.2199
vn -0.0000 -0.9687 0.2482
vn -0.4889 -0.6672 0.5620
vn -0.0000 -0.7636 0.6457
vn 0.4802 -0.8493 0.2194
vn 0.8792 -0.4607 0.1214
vn 0.4890 -0.6673 0.5618
vn 0.8868 -0.3556 0.2953
vn 0.9916 0.1256 -0.0312
vn 0.9028 0.4163 -0.1078
vn 0.9941 0.0901 -0.0599
vn 0.9222 0.3127 -0.2274
vn -0.6416 0.0026 -0.7670
vn -0.4963 0.0026 -0.8682
vn -0.4963 0.0024 -0.8682
vn -0.6416 0.0024 -0.7670
vn -0.4962 0.0179 -0.8680
vn -0.6415 0.0179 -0.7669
vn 0.5131 0.4524 0.7294
vn 0.6124 0.4497 0.6502
vn -0.0881 0.9735 0.2109
vn -0.2217 0.9218 0.3180
vn -0.4801 0.5533 0.6807
vn -0.3397 0.5564 0.7583
vn -0.1619 0.9726 0.1668
vn -0.5780 0.5499 0.6029
vn 0.3639 0.4545 0.8130
vn 0.0015 0.1129 -0.9936
vn -0.1728 0.1108 -0.9787
vn -0.3386 0.1097 -0.9345
vn -0.9998 0.0179 0.0013
vn -1.0000 0.0026 0.0013
vn -0.9851 0.0026 0.1722
vn -0.9849 0.0179 0.1721
vn -0.9845 0.0026 -0.1751
vn -0.9844 0.0179 -0.1751
vn -0.9412 0.0026 0.3378
vn -0.9412 0.0024 0.3378
vn -0.9411 0.0179 0.3378
vn 0.9808 0.0927 -0.1714
vn 0.9352 0.0930 -0.3418
vn 0.9392 0.0024 -0.3432
vn 0.8631 0.0924 -0.4966
vn 0.8668 0.0024 -0.4987
vn -0.4940 0.1115 -0.8623
vn -0.6375 0.1128 -0.7621
vn 0.6914 0.4486 0.5663
vn -0.2743 0.4929 -0.8257
vn -0.0000 0.5126 -0.8586
vn -0.0000 0.2360 -0.9717
vn -0.2721 0.2271 -0.9351
vn 0.2743 0.4929 -0.8257
vn 0.2721 0.2271 -0.9351
vn -0.9952 0.0518 -0.0830
vn -0.8857 -0.2074 0.4153
vn -0.9953 0.0234 -0.0942
vn -0.8814 -0.0926 0.4632
vn -0.9310 0.1819 -0.3165
vn -0.9303 0.0824 -0.3574
vn 0.4075 0.0936 0.9084
vn 0.5733 0.0932 0.8140
vn 0.5760 0.0024 0.8174
vn 0.4097 0.0023 0.9122
vn 0.6828 0.0925 0.7248
vn 0.6859 0.0024 0.7277
vn -0.4775 -0.3852 0.7897
vn -0.0000 -0.4356 0.9001
vn -0.4654 -0.1678 0.8691
vn -0.0000 -0.1869 0.9824
vn 0.4775 -0.3853 0.7896
vn 0.8858 -0.2075 0.4152
vn 0.4654 -0.1678 0.8691
vn 0.8814 -0.0926 0.4632
vn 0.9952 0.0517 -0.0831
vn 0.9310 0.1819 -0.3166
vn 0.9953 0.0234 -0.0942
vn 0.9303 0.0824 -0.3574
vn 0.5760 0.0182 0.8172
vn 0.5761 0.0026 0.8174
vn 0.6859 0.0026 0.7277
vn 0.4099 0.0026 0.9121
vn 0.4098 0.0184 0.9120
vn -0.8750 0.4585 -0.1556
vn -0.8886 0.4587 -0.0038
vn -0.3573 0.9340 -0.0015
vn -0.3519 0.9340 -0.0626
vn 0.4078 0.9131 0.0018
vn 0.4016 0.9130 0.0714
vn 0.4016 0.9131 -0.0702
vn -0.3518 0.9341 0.0615
vn -0.8753 0.4588 0.1530
vn 0.8393 0.4488 -0.3067
vn 0.7746 0.4487 -0.4457
vn 0.8802 0.4490 -0.1538
vn -0.0967 0.1179 -0.9883
vn 0.0015 0.1350 -0.9908
vn 0.0631 0.9232 -0.3790
vn 0.1423 0.5596 -0.8165
vn 0.0810 0.9718 -0.2214
vn 0.2855 0.5536 -0.7824
vn -0.3164 0.9130 0.2576
vn -0.2801 0.9133 0.2956
vn 0.2772 0.9339 -0.2258
vn 0.2453 0.9340 -0.2597
vn -0.3534 0.9131 0.2033
vn 0.5516 0.0075 -0.8341
vn 0.6672 0.0021 -0.7449
vn -0.0818 0.9225 0.3773
vn -0.1921 0.5572 0.8078
vn -0.0891 0.5555 0.8267
vn -0.0156 0.9805 0.1960
vn -0.4435 0.4488 -0.7758
vn -0.3044 0.4487 -0.8403
vn 0.7704 0.0004 -0.6376
vn -0.5733 0.4490 -0.6853
vn -0.0006 0.9150 0.4035
vn 0.0005 0.9349 -0.3548
vn 0.0394 0.9347 -0.3532
vn -0.0445 0.9147 0.4017
vn -0.0013 0.4546 0.8907
vn -0.0981 0.4536 0.8858
vn 0.0955 0.4536 0.8861
vn -0.3359 0.9340 -0.1216
vn 0.3835 0.9130 0.1390
vn -0.8354 0.4587 -0.3028
vn -0.2631 0.0297 -0.9643
vn -0.0000 0.0308 -0.9995
vn -0.0000 -0.1349 -0.9909
vn -0.2502 -0.1306 -0.9593
vn 0.2631 0.0297 -0.9643
vn 0.2502 -0.1306 -0.9593
vn -0.9950 0.0030 -0.1003
vn -0.8773 -0.0101 0.4798
vn -0.9944 -0.0153 -0.1047
vn -0.8727 0.0545 0.4851
vn -0.9258 0.0104 -0.3778
vn -0.9186 -0.0517 -0.3919
vn 0.1962 0.9227 -0.3320
vn 0.4177 0.5586 -0.7166
vn 0.0008 -0.4514 -0.8923
vn -0.0002 -0.6194 -0.7850
vn 0.1486 0.9730 -0.1765
vn 0.5329 0.5615 -0.6331
vn -0.4588 -0.0157 0.8884
vn -0.0000 -0.0159 0.9999
vn -0.4546 0.0986 0.8852
vn -0.0000 0.1110 0.9938
vn 0.4588 -0.0157 0.8884
vn 0.8773 -0.0101 0.4798
vn 0.4546 0.0986 0.8852
vn 0.8727 0.0545 0.4851
vn 0.9950 0.0030 -0.1003
vn 0.9258 0.0104 -0.3778
vn 0.9944 -0.0153 -0.1047
vn 0.9185 -0.0517 -0.3919
vn -0.3035 0.9221 0.2400
vn -0.6473 0.5576 0.5197
vn -0.7175 0.5613 0.4126
vn -0.9341 0.0929 -0.3446
vn -0.8615 0.0929 -0.4991
vn -0.9382 0.0024 -0.3461
vn -0.8653 0.0024 -0.5013
vn -0.6389 0.0930 -0.7637
vn -0.7636 0.0926 -0.6390
vn -0.7669 0.0024 -0.6418
vn -0.6853 0.4488 -0.5735
vn 0.6399 0.1123 -0.7602
vn 0.4966 0.1113 -0.8608
vn 0.3414 0.1097 -0.9335
vn 0.4988 0.0179 -0.8665
vn 0.3434 0.0179 -0.9390
vn 0.6438 0.0179 -0.7650
vn -0.1453 -0.0561 -0.9878
vn 0.0019 -0.0587 -0.9983
vn 0.1361 0.0345 -0.9901
vn 0.1488 -0.0559 -0.9873
vn -0.8614 0.1128 0.4953
vn -0.7715 0.1108 0.6264
vn -0.6846 0.1090 0.7208
vn 0.1779 0.0179 -0.9839
vn 0.1758 0.1112 -0.9781
vn 0.7704 0.0928 0.6308
vn 0.7737 0.0024 0.6336
vn 0.8936 0.4488 0.0039
vn -0.2333 -0.2756 -0.9325
vn -0.0000 -0.2834 -0.9590
vn -0.0000 -0.4097 -0.9122
vn -0.2169 -0.4001 -0.8904
vn 0.2333 -0.2757 -0.9325
vn 0.2169 -0.4000 -0.8905
vn -0.9934 -0.0345 -0.1095
vn -0.8660 0.1188 0.4858
vn -0.9921 -0.0538 -0.1134
vn -0.8583 0.1909 0.4764
vn -0.9067 -0.1160 -0.4055
vn -0.8923 -0.1826 -0.4128
vn 0.2916 0.9234 -0.2495
vn 0.6338 0.5595 -0.5341
vn 0.2558 0.9554 -0.1477
vn 0.7216 0.5535 -0.4158
vn -0.4486 0.2085 0.8691
vn -0.0000 0.2322 0.9727
vn -0.4415 0.3316 0.8338
vn -0.0000 0.3690 0.9294
vn 0.4486 0.2086 0.8690
vn 0.8660 0.1188 0.4858
vn 0.4415 0.3316 0.8337
vn 0.8583 0.1909 0.4764
vn 0.9934 -0.0345 -0.1095
vn 0.9067 -0.1160 -0.4055
vn 0.9921 -0.0538 -0.1134
vn 0.8923 -0.1826 -0.4128
vn 0.3638 0.9226 -0.1283
vn 0.7807 0.5585 -0.2805
vn 0.1406 0.9898 -0.0245
vn 0.8152 0.5614 -0.1425
vn -0.7703 0.4585 0.4432
vn -0.6832 0.4587 0.5683
vn -0.2747 0.9340 0.2285
vn -0.3098 0.9340 0.1782
vn 0.3136 0.9131 -0.2608
vn 0.3536 0.9130 -0.2034
vn 0.2625 0.9131 -0.3119
vn -0.2299 0.9341 0.2732
vn -0.2056 -0.4998 -0.8414
vn -0.0000 -0.5106 -0.8598
vn -0.0000 -0.5867 -0.8098
vn -0.5824 -0.4773 -0.6580
vn 0.2056 -0.4998 -0.8414
vn 0.5824 -0.4773 -0.6581
vn -0.9907 -0.0725 -0.1154
vn -0.8533 0.2536 0.4556
vn -0.9889 -0.0910 -0.1176
vn -0.8524 0.2932 0.4329
vn -0.8794 -0.2429 -0.4094
vn 0.9788 0.1127 -0.1711
vn 0.9337 0.1114 -0.3402
vn 0.8615 0.1099 -0.4957
vn 0.9391 0.0179 -0.3432
vn 0.8666 0.0179 -0.4986
vn -0.4377 0.4380 0.7852
vn -0.0000 0.4876 0.8731
vn -0.4394 0.5054 0.7426
vn -0.0000 0.5634 0.8262
vn 0.4377 0.4380 0.7852
vn 0.8533 0.2536 0.4556
vn 0.4394 0.5055 0.7425
vn 0.8524 0.2932 0.4329
vn 0.9907 -0.0725 -0.1155
vn 0.8794 -0.2429 -0.4095
vn 0.9889 -0.0909 -0.1177
vn 0.1590 0.4488 -0.8794
vn 0.1771 0.0926 -0.9798
vn 0.3420 0.0926 -0.9351
vn 0.3069 0.4487 -0.8393
vn 0.1779 0.0024 -0.9840
vn 0.3434 0.0024 -0.9392
vn 0.0015 0.0926 -0.9957
vn 0.0013 0.4490 -0.8935
vn -0.3355 0.9340 0.1227
vn 0.3831 0.9131 -0.1400
vn -0.8346 0.4587 0.3050
vn -0.5691 -0.5325 -0.6265
vn -0.0000 -0.6469 -0.7626
vn -0.0000 -0.7053 -0.7089
vn -0.5589 -0.5865 -0.5862
vn 0.5691 -0.5325 -0.6266
vn 0.5588 -0.5866 -0.5863
vn -0.8550 0.3210 0.4073
vn -0.9864 -0.1107 -0.1212
vn -0.9834 -0.1331 -0.1234
vn -0.8626 0.3475 0.3676
vn 0.7687 0.0179 -0.6394
vn 0.7634 0.1108 -0.6363
vn -0.0000 0.6239 0.7815
vn -0.4468 0.5570 0.7001
vn -0.4619 0.6155 0.6386
vn -0.0000 0.6965 0.7176
vn 0.8551 0.3211 0.4072
vn 0.4468 0.5570 0.7000
vn 0.4619 0.6156 0.6385
vn 0.8627 0.3475 0.3675
vn 0.9864 -0.1107 -0.1213
vn 0.9834 -0.1331 -0.1235
vn 0.6412 0.0926 -0.7618
vn 0.4967 0.0926 -0.8630
vn 0.4989 0.0024 -0.8667
vn 0.6439 0.0024 -0.7651
vn 0.4458 0.4488 -0.7745
vn 0.5754 0.4490 -0.6836
vn -0.5561 -0.6286 -0.5438
vn -0.0000 -0.7515 -0.6597
vn -0.0000 -0.7698 -0.6383
vn -0.5651 -0.6439 -0.5158
vn 0.5560 -0.6285 -0.5439
vn 0.5649 -0.6438 -0.5162
vn -0.9802 -0.1549 -0.1236
vn -0.8761 0.3638 0.3164
vn -0.9771 -0.1725 -0.1249
vn -0.8955 0.3631 0.2575
vn 0.3840 0.9233 -0.0036
vn 0.8289 0.5593 -0.0017
vn 0.2911 0.9553 0.0513
vn 0.8202 0.5533 0.1453
vn -0.4852 0.6694 0.5626
vn -0.0000 0.7693 0.6389
vn -0.5151 0.7125 0.4765
vn -0.0000 0.8360 0.5487
vn 0.4853 0.6695 0.5624
vn 0.8762 0.3638 0.3161
vn 0.5153 0.7126 0.4761
vn 0.8957 0.3632 0.2567
vn 0.9801 -0.1549 -0.1239
vn 0.9770 -0.1725 -0.1256
vn 0.3613 0.9225 0.1356
vn 0.7784 0.5583 0.2869
vn 0.1218 0.9900 0.0713
vn 0.7737 0.0026 0.6336
vn 0.6870 0.4488 -0.5715
vn -0.5785 0.0182 0.8155
vn -0.5749 0.1086 0.8110
vn -0.4098 0.1105 0.9055
vn -0.4126 0.0184 0.9107
vn 0.2081 0.4534 0.8667
vn 0.2330 0.0933 0.9680
vn 0.1065 0.0935 0.9899
vn 0.2343 0.0023 0.9722
vn -0.7668 0.0179 -0.6417
vn -0.7669 0.0026 -0.6418
vn -0.8653 0.0026 -0.5013
vn -0.8651 0.0179 -0.5012
vn -0.3128 0.9131 -0.2617
vn 0.2740 0.9340 0.2293
vn -0.9382 0.0026 -0.3461
vn -0.9381 0.0179 -0.3460
vn 0.2344 0.0183 0.9720
vn 0.2344 0.0026 0.9721
vn -0.0636 0.9340 0.3516
vn -0.1227 0.9340 0.3357
vn 0.0726 0.9130 -0.4013
vn 0.1401 0.9130 -0.3831
vn -0.7683 -0.0003 -0.6401
vn -0.6642 -0.0017 -0.7475
vn -0.3602 0.9230 0.1350
vn -0.7784 0.5593 0.2850
vn -0.8204 0.5533 0.1440
vn 0.9340 0.1109 0.3395
vn 0.9786 0.1094 0.1741
vn -0.8296 0.5584 -0.0035
vn -0.2338 0.9144 0.3305
vn -0.5153 0.4524 0.7279
vn -0.8148 0.5614 -0.1449
vn -0.1655 0.9152 0.3674
vn -0.3663 0.4545 0.8119
vn 0.1779 0.0026 -0.9840
vn 0.3434 0.0026 -0.9392
vn -0.9783 0.1129 -0.1740
vn -0.9938 0.1114 0.0003
vn -0.9792 0.1094 0.1711
vn 0.0157 0.9807 0.1950
vn -0.0006 0.9212 0.3891
vn -0.0012 0.5591 0.8291
vn 0.0877 0.5569 0.8259
vn -0.1781 0.9340 0.3097
vn 0.2035 0.9130 -0.3535
vn -0.5863 -0.6298 -0.5094
vn -0.0000 -0.7598 -0.6501
vn -0.0002 -0.7226 -0.6912
vn -0.6109 -0.5888 -0.5292
vn 0.5859 -0.6291 -0.5109
vn 0.6092 -0.5866 -0.5337
vn -0.9729 -0.1819 -0.1425
vn -0.9202 0.3531 0.1688
vn -0.9624 -0.1899 -0.1944
vn -0.9425 0.3329 0.0307
vn 0.9938 0.1114 0.0033
vn -0.5485 0.7566 0.3560
vn -0.0000 0.9073 0.4204
vn -0.5744 0.7982 0.1816
vn -0.0000 0.9713 0.2378
vn 0.5489 0.7573 0.3540
vn 0.9206 0.3538 0.1654
vn 0.5745 0.7996 0.1747
vn 0.9422 0.3343 0.0202
vn 0.9726 -0.1812 -0.1456
vn 0.9608 -0.1881 -0.2038
vn -0.0015 0.1097 0.9940
vn 0.1062 0.1098 0.9883
vn 0.9392 0.0026 -0.3432
vn 0.8668 0.0026 -0.4987
vn -0.6186 -0.5370 -0.5735
vn -0.0005 -0.6750 -0.7378
vn 0.6154 -0.5336 -0.5801
vn -0.9292 -0.2007 -0.3105
vn -0.9365 0.2983 -0.1845
vn 0.3024 0.9226 0.2396
vn 0.1624 0.9726 0.1667
vn -0.5745 0.8166 -0.0560
vn -0.0001 1.0000 0.0082
vn 0.5734 0.8166 -0.0667
vn 0.9331 0.2987 -0.2003
vn 0.9250 -0.1984 -0.3241
vn 0.2228 0.9212 0.3190
vn 0.4794 0.5522 0.6821
vn 0.0882 0.9733 0.2117
vn 0.3386 0.5554 0.7595
vn -0.5496 -0.0065 -0.8354
vn -0.1791 0.0830 -0.9803
vn -0.9350 0.1114 0.3366
vn -0.0015 0.0940 0.9956
vn -0.1095 0.0935 0.9896
vn 0.7719 0.0008 -0.6358
vn 0.6741 0.0048 -0.7386
vn 0.7736 0.0009 -0.6337
vn 0.6819 0.0055 -0.7315
vn 0.1515 -0.0092 -0.9884
vn 0.1750 -0.0015 -0.9846
vn -0.5677 -0.1592 -0.8077
vn -0.6755 -0.1504 -0.7219
vn -0.5443 -0.3259 -0.7730
vn -0.6518 -0.3022 -0.6956
vn -0.3713 -0.3580 -0.8567
vn -0.3839 -0.1790 -0.9059
vn -0.8557 -0.1562 -0.4934
vn -0.7640 -0.1478 -0.6280
vn -0.7388 -0.2926 -0.6070
vn -0.8252 -0.3080 -0.4735
vn -0.0731 -0.9955 -0.0603
vn -0.1096 -0.9899 -0.0902
vn -0.0976 -0.9897 -0.1046
vn -0.0550 -0.9905 -0.1263
vn -0.1245 -0.9898 -0.0699
vn -0.0623 -0.9974 -0.0350
vn -0.0792 -0.9903 -0.1138
vn -0.2925 0.9229 -0.2505
vn -0.6332 0.5585 -0.5358
vn -0.7209 0.5535 -0.4170
vn -0.2560 0.9554 -0.1476
vn 0.4989 0.0026 -0.8667
vn 0.6439 0.0026 -0.7651
vn -0.2967 -0.0090 -0.9549
vn -0.9263 -0.1770 -0.3326
vn -0.9669 -0.1887 -0.1719
vn -0.8837 -0.3471 -0.3141
vn -0.9151 -0.3690 -0.1626
vn -0.9715 -0.1657 0.1698
vn -0.9842 -0.1771 -0.0066
vn -0.9377 -0.3475 -0.0086
vn -0.9313 -0.3258 0.1626
vn -0.0933 -0.9956 -0.0016
vn -0.1397 -0.9902 -0.0026
vn -0.1389 -0.9900 -0.0247
vn -0.0464 -0.9989 -0.0083
vn -0.1396 -0.9899 0.0244
vn -0.0560 -0.9984 0.0098
vn -0.1323 -0.9902 -0.0452
vn -0.0883 -0.9956 -0.0302
vn -0.3625 0.9231 -0.1281
vn -0.7795 0.5594 -0.2819
vn -0.2373 0.0026 0.9714
vn -0.2372 0.0023 0.9715
vn -0.5757 0.0931 0.8123
vn -0.5785 0.0024 0.8157
vn -0.4103 0.0936 0.9071
vn -0.4125 0.0023 0.9110
vn 0.3705 0.0134 -0.9287
vn 0.3481 -0.0789 -0.9341
vn -0.9242 -0.1741 0.3401
vn -0.8522 -0.1824 0.4904
vn -0.8813 -0.3416 0.3266
vn -0.8095 -0.3574 0.4658
vn -0.6354 -0.1623 0.7549
vn -0.7586 -0.1723 0.6284
vn -0.7260 -0.3384 0.5987
vn -0.6100 -0.3197 0.7251
vn -0.0725 -0.9956 0.0590
vn -0.1086 -0.9902 0.0881
vn -0.1225 -0.9900 0.0705
vn -0.0409 -0.9989 0.0235
vn 0.0829 0.9348 -0.3454
vn 0.2011 0.4775 -0.8553
vn -0.0914 -0.9899 0.1086
vn -0.0458 -0.9975 0.0544
vn 0.1439 0.9352 -0.3236
vn -0.0953 0.9148 0.3926
vn -0.1307 -0.9902 0.0498
vn -0.0873 -0.9956 0.0332
vn 0.2044 0.9347 -0.2909
vn 0.2329 0.1102 0.9662
vn 0.1922 0.5577 0.8075
vn 0.4072 0.1099 0.9067
vn 0.1859 -0.1794 -0.9661
vn 0.0019 -0.2120 -0.9773
vn -0.4899 -0.1702 0.8550
vn -0.3379 -0.1783 0.9241
vn -0.4668 -0.3344 0.8187
vn -0.3214 -0.3497 0.8800
vn -0.0015 -0.1609 0.9870
vn -0.1771 -0.1696 0.9695
vn -0.1713 -0.3332 0.9271
vn -0.0014 -0.3171 0.9484
vn -0.0176 -0.9956 0.0918
vn -0.0265 -0.9901 0.1375
vn -0.0486 -0.9899 0.1329
vn -0.0122 -0.9994 0.0333
vn -0.8411 0.4487 0.3019
vn -0.9371 0.0929 0.3364
vn -0.0002 -0.9899 0.1420
vn -0.0001 -0.9975 0.0711
vn -0.0684 -0.9902 0.1221
vn -0.0457 -0.9956 0.0815
vn -0.1742 0.0930 -0.9803
vn -0.3391 0.0926 -0.9362
vn -0.1563 0.4488 -0.8798
vn 0.2152 0.1252 -0.9685
vn -0.5719 -0.0044 -0.8203
vn -0.5645 -0.0096 -0.8254
vn -0.6706 -0.0039 -0.7419
vn -0.6778 -0.0044 -0.7352
vn -0.1824 -0.1794 -0.9667
vn 0.1742 -0.1695 0.9700
vn 0.3351 -0.1782 0.9252
vn 0.1687 -0.3329 0.9277
vn 0.3191 -0.3495 0.8809
vn 0.6332 -0.1623 0.7568
vn 0.4874 -0.1702 0.8565
vn 0.4645 -0.3345 0.8200
vn 0.6078 -0.3195 0.7269
vn 0.0456 -0.9956 0.0816
vn 0.0680 -0.9902 0.1223
vn 0.0482 -0.9899 0.1331
vn 0.0193 -0.9984 0.0533
vn 0.0911 -0.9899 0.1089
vn 0.0456 -0.9975 0.0545
vn 0.0261 -0.9901 0.1376
vn 0.0174 -0.9956 0.0919
vn 0.0015 -0.1806 -0.9836
vn 0.0014 -0.3502 -0.9367
vn 0.0774 -0.3576 -0.9306
vn 0.0791 -0.1852 -0.9795
vn -0.7697 -0.0007 -0.6384
vn -0.7714 -0.0009 -0.6364
vn -0.9327 0.1115 -0.3430
vn -0.8600 0.1098 -0.4983
vn 0.7568 -0.1720 0.6306
vn 0.8508 -0.1823 0.4929
vn 0.7243 -0.3379 0.6009
vn 0.8082 -0.3571 0.4683
vn 0.9710 -0.1655 0.1727
vn 0.9231 -0.1740 0.3428
vn 0.8802 -0.3417 0.3294
vn 0.9309 -0.3256 0.1654
vn 0.0873 -0.9956 0.0333
vn 0.1305 -0.9902 0.0501
vn 0.1223 -0.9900 0.0709
vn 0.0409 -0.9989 0.0237
vn 0.1396 -0.9899 0.0248
vn 0.0699 -0.9975 0.0124
vn -0.2107 0.4534 0.8660
vn 0.1084 -0.9902 0.0885
vn 0.0724 -0.9956 0.0591
vn -0.4941 0.0926 -0.8644
vn 0.0837 0.9227 0.3763
vn -0.4126 0.0026 0.9109
vn -0.3839 0.9131 0.1378
vn 0.9842 -0.1768 -0.0036
vn 0.9674 -0.1884 -0.1691
vn 0.9379 -0.3469 -0.0058
vn 0.9157 -0.3687 -0.1598
vn 0.8573 -0.1555 -0.4908
vn 0.9273 -0.1768 -0.3299
vn 0.8847 -0.3472 -0.3112
vn 0.8271 -0.3067 -0.4710
vn 0.0884 -0.9956 -0.0299
vn 0.1324 -0.9902 -0.0448
vn 0.1390 -0.9900 -0.0243
vn 0.0348 -0.9994 -0.0061
vn 0.1248 -0.9897 -0.0695
vn 0.0625 -0.9974 -0.0348
vn 0.7655 0.0926 -0.6367
vn 0.1397 -0.9902 -0.0022
vn 0.0933 -0.9956 -0.0014
vn -0.2361 0.0936 0.9672
vn 0.7688 0.0026 -0.6395
vn 0.7688 0.0024 -0.6395
vn -0.5786 0.0026 0.8156
vn -0.7615 0.1114 -0.6385
vn 0.7661 -0.1465 -0.6258
vn 0.6778 -0.1488 -0.7200
vn 0.7415 -0.2899 -0.6051
vn 0.6546 -0.2988 -0.6944
vn 0.3867 -0.1782 -0.9048
vn 0.5702 -0.1579 -0.8062
vn 0.5471 -0.3230 -0.7722
vn 0.3741 -0.3563 -0.8562
vn 0.5751 0.0108 -0.8180
vn 0.0532 -0.9957 -0.0759
vn 0.0796 -0.9903 -0.1137
vn 0.0980 -0.9897 -0.1043
vn 0.0327 -0.9989 -0.0348
vn 0.0554 -0.9905 -0.1261
vn 0.0277 -0.9976 -0.0632
vn 0.1101 -0.9899 -0.0899
vn 0.0735 -0.9955 -0.0600
vn 0.5659 0.0122 -0.8244
vn 0.1907 -0.1903 -0.9630
vn 0.1892 -0.3688 -0.9100
vn 0.1428 0.1549 -0.9776
vn 0.0189 -0.9959 -0.0889
vn 0.0283 -0.9907 -0.1332
vn 0.0131 -0.9903 -0.1386
vn 0.0038 -0.9992 -0.0396
vn 0.5724 0.1086 0.8127
vn 0.0001 -0.9957 -0.0923
vn 0.0002 -0.9904 -0.1382
vn -0.5704 0.0736 -0.8181
vn -0.6808 0.0676 -0.7294
vn -0.7707 0.0698 -0.6334
vn -0.8631 0.0709 -0.5000
vn 0.9957 0.0926 0.0043
vn -0.9377 0.0713 -0.3399
vn -0.9821 0.0709 -0.1747
vn -0.9975 0.0709 -0.0043
vn -0.9825 0.0715 0.1717
vn -0.9369 0.0709 0.3424
vn -0.8646 0.0713 0.4974
vn -0.7669 0.0709 0.6379
vt 0.569852 0.156997
vt 0.555839 0.147633
vt 0.563201 0.151783
vt 0.814353 0.267033
vt 0.823137 0.253169
vt 0.836023 0.245378
vt 0.941518 0.149480
vt 0.950403 0.098751
vt 0.953614 0.111920
vt 0.951053 0.124990
vt 0.594695 0.190843
vt 0.591257 0.183051
vt 0.596678 0.180192
vt 0.600518 0.188431
vt 0.587107 0.175689
vt 0.592059 0.172380
vt 0.346114 0.933252
vt 0.368568 0.933233
vt 0.368519 0.946158
vt 0.346022 0.946158
vt 0.704870 0.932854
vt 0.726966 0.932853
vt 0.727194 0.946158
vt 0.705259 0.946158
vt 0.525251 0.859264
vt 0.547613 0.859267
vt 0.548126 0.910428
vt 0.525695 0.910424
vt 0.790133 0.946158
vt 0.769694 0.946158
vt 0.769737 0.933282
vt 0.790198 0.933433
vt 0.748673 0.932967
vt 0.748719 0.946158
vt 0.218238 0.488726
vt 0.247236 0.489521
vt 0.247310 0.503640
vt 0.218356 0.502683
vt 0.581893 0.169038
vt 0.586610 0.165124
vt 0.576010 0.162880
vt 0.580467 0.158423
vt 0.026591 0.928756
vt 0.026591 0.935064
vt 0.010624 0.935723
vt 0.014616 0.931157
vt 0.747968 0.859195
vt 0.769390 0.859510
vt 0.769666 0.910794
vt 0.748489 0.910321
vt 0.790552 0.859926
vt 0.795441 0.909177
vt 0.583758 0.155132
vt 0.590155 0.162199
vt 0.595832 0.169859
vt 0.593115 0.159770
vt 0.599016 0.167732
vt 0.586466 0.152424
vt 0.141272 0.177377
vt 0.141276 0.162608
vt 0.218055 0.162028
vt 0.218053 0.176902
vt 0.141288 0.147830
vt 0.218059 0.147150
vt 0.062526 0.163194
vt 0.062542 0.148521
vt 0.604113 0.176230
vt 0.600736 0.178035
vt 0.604817 0.186650
vt 0.608355 0.185185
vt 0.726686 0.910150
vt 0.704525 0.910151
vt 0.081849 0.946158
vt 0.062087 0.946158
vt 0.062030 0.934476
vt 0.081763 0.934403
vt 0.043435 0.934588
vt 0.043449 0.946158
vt 0.601256 0.223828
vt 0.601061 0.215313
vt 0.607164 0.214746
vt 0.607558 0.223828
vt 0.600044 0.206924
vt 0.605886 0.205762
vt 0.436028 0.946158
vt 0.413524 0.946158
vt 0.413499 0.933177
vt 0.435978 0.933152
vt 0.062520 0.177856
vt 0.043424 0.927803
vt 0.061988 0.927579
vt 0.060773 0.566835
vt 0.060786 0.571989
vt 0.043124 0.571989
vt 0.043121 0.566835
vt 0.391029 0.933202
vt 0.391022 0.946158
vt 0.597773 0.198784
vt 0.603629 0.196972
vt 0.060837 0.583056
vt 0.043137 0.583056
vt 0.076438 0.910948
vt 0.413981 0.105404
vt 0.414030 0.127919
vt 0.405974 0.125768
vt 0.403005 0.105614
vt 0.403682 0.145889
vt 0.400157 0.143603
vt 0.608023 0.195627
vt 0.610336 0.204877
vt 0.611688 0.194516
vt 0.614092 0.204130
vt 0.422931 0.131120
vt 0.410366 0.143546
vt 0.426446 0.106160
vt 0.395003 0.107758
vt 0.399608 0.125717
vt 0.393676 0.127356
vt 0.388280 0.111788
vt 0.397067 0.142138
vt 0.393658 0.141590
vt 0.615550 0.213932
vt 0.611739 0.214307
vt 0.612212 0.223828
vt 0.616042 0.223828
vt 0.144629 0.601592
vt 0.145279 0.645373
vt 0.123276 0.645373
vt 0.122760 0.601592
vt 0.145866 0.699181
vt 0.123769 0.699181
vt 0.594695 0.256813
vt 0.597773 0.248872
vt 0.603629 0.250683
vt 0.600518 0.259224
vt 0.600044 0.240732
vt 0.605886 0.241894
vt 0.252290 0.489795
vt 0.252290 0.504120
vt 0.247185 0.474765
vt 0.252290 0.474932
vt 0.167440 0.645373
vt 0.168123 0.699181
vt 0.166660 0.601592
vt 0.079835 0.645373
vt 0.101500 0.645373
vt 0.101968 0.699181
vt 0.074505 0.687675
vt 0.413453 0.910636
vt 0.391019 0.910675
vt 0.601061 0.232342
vt 0.607164 0.232909
vt 0.659244 0.859148
vt 0.681541 0.859110
vt 0.682273 0.910193
vt 0.659962 0.910250
vt 0.101015 0.601592
vt 0.074772 0.603070
vt 0.651437 0.166239
vt 0.653750 0.146767
vt 0.659923 0.150486
vt 0.655605 0.166705
vt 0.663882 0.128759
vt 0.670058 0.135224
vt 0.611739 0.233349
vt 0.610336 0.242779
vt 0.615550 0.233724
vt 0.614092 0.243526
vt 0.646603 0.144659
vt 0.655868 0.123675
vt 0.647397 0.166912
vt 0.689652 0.113680
vt 0.691830 0.121878
vt 0.723241 0.100066
vt 0.719419 0.109488
vt 0.611688 0.253140
vt 0.608023 0.252028
vt 0.604817 0.261005
vt 0.608355 0.262471
vt 0.685250 0.105229
vt 0.727790 0.092381
vt 0.233604 0.601592
vt 0.234333 0.645373
vt 0.212006 0.645373
vt 0.211229 0.601592
vt 0.234983 0.699181
vt 0.212690 0.699181
vt 0.576010 0.284776
vt 0.581893 0.278617
vt 0.586610 0.282532
vt 0.580467 0.289232
vt 0.587107 0.271966
vt 0.592059 0.275275
vt 0.703808 0.859082
vt 0.435897 0.910599
vt 0.256676 0.645373
vt 0.257281 0.699181
vt 0.256007 0.601592
vt 0.189696 0.645373
vt 0.190400 0.699181
vt 0.247099 0.117100
vt 0.247103 0.132001
vt 0.218067 0.132266
vt 0.218076 0.117388
vt 0.591257 0.264604
vt 0.596678 0.267464
vt 0.247105 0.146915
vt 0.188887 0.601592
vt 0.062776 0.104405
vt 0.027731 0.104875
vt 0.027803 0.090721
vt 0.062883 0.090146
vt 0.014493 0.105095
vt 0.014493 0.091068
vt 0.600736 0.269620
vt 0.595832 0.277796
vt 0.604113 0.271425
vt 0.599016 0.279924
vt 0.368600 0.910721
vt 0.027682 0.119514
vt 0.014493 0.119654
vt 0.062703 0.119126
vt 0.346187 0.910749
vt 0.353598 0.070714
vt 0.376106 0.086721
vt 0.372058 0.093553
vt 0.353218 0.079470
vt 0.593115 0.287885
vt 0.590155 0.285456
vt 0.583758 0.292523
vt 0.586466 0.295231
vt 0.062479 0.485142
vt 0.141354 0.486888
vt 0.141454 0.500774
vt 0.062536 0.499028
vt 0.382461 0.080821
vt 0.353892 0.058602
vt 0.481045 0.946158
vt 0.458536 0.946158
vt 0.458464 0.933125
vt 0.480951 0.933093
vt 0.323377 0.601592
vt 0.323811 0.645373
vt 0.301412 0.645373
vt 0.300886 0.601592
vt 0.324199 0.699181
vt 0.301888 0.699181
vt 0.579120 0.145775
vt 0.576691 0.148735
vt 0.569031 0.143058
vt 0.571158 0.139874
vt 0.573766 0.152280
vt 0.566510 0.146831
vt 0.552240 0.134073
vt 0.560855 0.138154
vt 0.558699 0.142212
vt 0.550459 0.138372
vt 0.562660 0.134777
vt 0.553705 0.130535
vt 0.548047 0.144195
vt 0.526048 0.946158
vt 0.503549 0.946158
vt 0.503433 0.933059
vt 0.525907 0.933035
vt 0.544374 0.127203
vt 0.543263 0.130867
vt 0.534014 0.128554
vt 0.534761 0.124798
vt 0.541918 0.135261
vt 0.533128 0.133004
vt 0.515062 0.126678
vt 0.524583 0.127151
vt 0.524144 0.131726
vt 0.515062 0.131332
vt 0.524958 0.123340
vt 0.515062 0.122848
vt 0.141305 0.472341
vt 0.218163 0.474075
vt 0.531966 0.138846
vt 0.523577 0.137829
vt 0.515062 0.137634
vt 0.062468 0.470657
vt 0.540106 0.141117
vt 0.503253 0.910459
vt 0.480804 0.910511
vt 0.252290 0.131990
vt 0.252290 0.146901
vt 0.505166 0.123340
vt 0.505541 0.127151
vt 0.496111 0.128554
vt 0.495364 0.124798
vt 0.505981 0.131726
vt 0.496996 0.133004
vt 0.477885 0.134073
vt 0.486862 0.130867
vt 0.488207 0.135261
vt 0.479666 0.138372
vt 0.485750 0.127203
vt 0.476419 0.130535
vt 0.252290 0.117095
vt 0.498158 0.138846
vt 0.490018 0.141117
vt 0.482077 0.144195
vt 0.506548 0.137829
vt 0.062613 0.133832
vt 0.141333 0.133039
vt 0.467465 0.134777
vt 0.469270 0.138154
vt 0.461094 0.143058
vt 0.458967 0.139874
vt 0.471426 0.142212
vt 0.463615 0.146831
vt 0.446367 0.155132
vt 0.453434 0.148735
vt 0.456358 0.152280
vt 0.449658 0.158423
vt 0.451005 0.145775
vt 0.443659 0.152424
vt 0.458350 0.910558
vt 0.466924 0.151783
vt 0.460273 0.156997
vt 0.454114 0.162880
vt 0.474286 0.147633
vt 0.324160 0.798733
vt 0.301864 0.798732
vt 0.571019 0.946158
vt 0.548540 0.946158
vt 0.548370 0.933038
vt 0.570813 0.933041
vt 0.437010 0.159770
vt 0.439969 0.162199
vt 0.434293 0.169859
vt 0.431109 0.167732
vt 0.443515 0.165124
vt 0.438066 0.172380
vt 0.425308 0.186650
vt 0.429388 0.178035
vt 0.433447 0.180192
vt 0.429607 0.188431
vt 0.426011 0.176230
vt 0.421770 0.185185
vt 0.443018 0.175689
vt 0.438868 0.183051
vt 0.435430 0.190843
vt 0.028165 0.546507
vt 0.027964 0.535144
vt 0.063245 0.535247
vt 0.063558 0.546507
vt 0.448232 0.169038
vt 0.615914 0.946158
vt 0.593477 0.946158
vt 0.593223 0.933018
vt 0.615611 0.932983
vt 0.418437 0.194516
vt 0.422101 0.195627
vt 0.419788 0.204877
vt 0.416033 0.204130
vt 0.426496 0.196972
vt 0.424239 0.205762
vt 0.417912 0.223828
vt 0.418386 0.214307
vt 0.422961 0.214746
vt 0.422566 0.223828
vt 0.414575 0.213932
vt 0.414083 0.223828
vt 0.346511 0.699181
vt 0.346457 0.798735
vt 0.430080 0.206924
vt 0.429064 0.215313
vt 0.428869 0.223828
vt 0.569963 0.859270
vt 0.570535 0.910433
vt 0.432352 0.198784
vt 0.592912 0.910398
vt 0.141389 0.118240
vt 0.414575 0.233724
vt 0.418386 0.233349
vt 0.419788 0.242779
vt 0.416033 0.243526
vt 0.422961 0.232909
vt 0.424239 0.241894
vt 0.425308 0.261005
vt 0.422101 0.252028
vt 0.426496 0.250683
vt 0.429607 0.259224
vt 0.418437 0.253140
vt 0.421770 0.262471
vt 0.430080 0.240732
vt 0.432352 0.248872
vt 0.435430 0.256813
vt 0.615270 0.910346
vt 0.429064 0.232342
vt 0.726029 0.859082
vt 0.725428 0.798636
vt 0.747488 0.798664
vt 0.426011 0.271425
vt 0.429388 0.269620
vt 0.434293 0.277796
vt 0.431109 0.279924
vt 0.433447 0.267464
vt 0.438066 0.275275
vt 0.446367 0.292523
vt 0.439969 0.285456
vt 0.443515 0.282532
vt 0.449658 0.289232
vt 0.437010 0.287885
vt 0.443659 0.295231
vt 0.443018 0.271966
vt 0.448232 0.278617
vt 0.454114 0.284776
vt 0.438868 0.264604
vt 0.279582 0.699181
vt 0.279573 0.798742
vt 0.257284 0.798754
vt 0.660708 0.946158
vt 0.638325 0.946158
vt 0.637983 0.932952
vt 0.660330 0.932919
vt 0.451005 0.301881
vt 0.453434 0.298921
vt 0.461094 0.304597
vt 0.458967 0.307781
vt 0.456358 0.295375
vt 0.463615 0.300824
vt 0.477885 0.313583
vt 0.469270 0.309502
vt 0.471426 0.305443
vt 0.479666 0.309283
vt 0.467465 0.312879
vt 0.476419 0.317121
vt 0.466924 0.295872
vt 0.474286 0.300022
vt 0.482077 0.303460
vt 0.460273 0.290658
vt 0.683058 0.946158
vt 0.682642 0.932881
vt 0.485750 0.320453
vt 0.486862 0.316789
vt 0.496111 0.319102
vt 0.495364 0.322857
vt 0.488207 0.312394
vt 0.496996 0.314651
vt 0.515062 0.320978
vt 0.505541 0.320504
vt 0.505981 0.315929
vt 0.515062 0.316324
vt 0.505166 0.324315
vt 0.515062 0.324807
vt 0.683512 0.955748
vt 0.661078 0.955748
vt 0.498158 0.308810
vt 0.506548 0.309826
vt 0.515062 0.310021
vt 0.705712 0.955748
vt 0.490018 0.306539
vt 0.703164 0.798636
vt 0.524958 0.324315
vt 0.524583 0.320504
vt 0.534014 0.319102
vt 0.534761 0.322857
vt 0.524144 0.315929
vt 0.533128 0.314651
vt 0.552240 0.313583
vt 0.543263 0.316789
vt 0.541918 0.312394
vt 0.550459 0.309283
vt 0.544374 0.320453
vt 0.553705 0.317121
vt 0.531966 0.308810
vt 0.540106 0.306539
vt 0.548047 0.303460
vt 0.523577 0.309826
vt 0.769149 0.798743
vt 0.796388 0.810354
vt 0.562660 0.312879
vt 0.560855 0.309502
vt 0.569031 0.304597
vt 0.571158 0.307781
vt 0.558699 0.305443
vt 0.566510 0.300824
vt 0.576691 0.298921
vt 0.573766 0.295375
vt 0.579120 0.301881
vt 0.637624 0.910299
vt 0.563201 0.295872
vt 0.569852 0.290658
vt 0.555839 0.300022
vt 0.547156 0.798682
vt 0.524857 0.798681
vt 0.581132 0.516533
vt 0.584443 0.502980
vt 0.596358 0.492074
vt 0.595198 0.506289
vt 0.571169 0.487583
vt 0.593321 0.479453
vt 0.558489 0.504681
vt 0.357961 0.027711
vt 0.355400 0.037313
vt 0.345051 0.045572
vt 0.342706 0.035799
vt 0.368086 0.046600
vt 0.377748 0.032867
vt 0.667025 0.080900
vt 0.677080 0.093807
vt 0.644042 0.119509
vt 0.630311 0.115802
vt 0.713352 0.074974
vt 0.709740 0.056735
vt 0.424677 0.420450
vt 0.410459 0.411350
vt 0.437076 0.380733
vt 0.452273 0.379657
vt 0.397773 0.404358
vt 0.422660 0.382118
vt 0.380479 0.438426
vt 0.365365 0.425202
vt 0.390171 0.455360
vt 0.436027 0.955748
vt 0.458556 0.955748
vt 0.458575 0.966021
vt 0.436024 0.966021
vt 0.481125 0.966021
vt 0.481086 0.955748
vt 0.503613 0.955748
vt 0.503676 0.966021
vt 0.526225 0.966021
vt 0.526138 0.955748
vt 0.343114 0.417827
vt 0.345061 0.422591
vt 0.331115 0.425486
vt 0.330410 0.421249
vt 0.345488 0.428904
vt 0.330788 0.431158
vt 0.362806 0.415892
vt 0.358531 0.411567
vt 0.388147 0.401584
vt 0.409808 0.384119
vt 0.379371 0.399634
vt 0.397192 0.385226
vt 0.428741 0.363299
vt 0.416514 0.367948
vt 0.415743 0.352423
vt 0.425419 0.346191
vt 0.403550 0.371543
vt 0.404178 0.358224
vt 0.550860 0.386546
vt 0.562931 0.397659
vt 0.561655 0.418049
vt 0.548069 0.409854
vt 0.576004 0.408344
vt 0.575156 0.425832
vt 0.571346 0.380301
vt 0.582167 0.393088
vt 0.562792 0.368246
vt 0.563560 0.443182
vt 0.574657 0.444505
vt 0.594799 0.473993
vt 0.584937 0.447786
vt 0.600033 0.471972
vt 0.062117 0.955748
vt 0.043457 0.955748
vt 0.062146 0.966021
vt 0.043464 0.966021
vt 0.081938 0.966021
vt 0.081894 0.955748
vt 0.352671 0.404566
vt 0.339557 0.410582
vt 0.333689 0.400737
vt 0.344885 0.394811
vt 0.328168 0.414879
vt 0.323370 0.405972
vt 0.369236 0.395112
vt 0.383487 0.383927
vt 0.357834 0.387503
vt 0.369101 0.379212
vt 0.389659 0.372717
vt 0.391792 0.361495
vt 0.375251 0.370334
vt 0.378842 0.361163
vt 0.590750 0.417219
vt 0.590420 0.432162
vt 0.607838 0.423497
vt 0.608272 0.436356
vt 0.594783 0.403800
vt 0.609765 0.411611
vt 0.597492 0.450155
vt 0.608266 0.469672
vt 0.613427 0.451158
vt 0.620943 0.466933
vt 0.063539 0.025882
vt 0.142194 0.025355
vt 0.142018 0.037532
vt 0.063498 0.038462
vt 0.218648 0.025092
vt 0.218382 0.037025
vt 0.142394 0.013373
vt 0.218980 0.013373
vt 0.063558 0.013373
vt 0.334829 0.382227
vt 0.324812 0.388172
vt 0.314482 0.373659
vt 0.324070 0.367905
vt 0.314999 0.394122
vt 0.304677 0.379810
vt 0.345257 0.376291
vt 0.354443 0.370067
vt 0.333225 0.362940
vt 0.341380 0.358206
vt 0.639074 0.971489
vt 0.638925 0.966021
vt 0.661449 0.966021
vt 0.661635 0.971489
vt 0.638626 0.955748
vt 0.616155 0.955748
vt 0.616394 0.966021
vt 0.616512 0.971489
vt 0.360736 0.363256
vt 0.365582 0.356151
vt 0.347970 0.353140
vt 0.353777 0.347909
vt 0.627937 0.426393
vt 0.629539 0.437728
vt 0.648391 0.425450
vt 0.651560 0.435598
vt 0.627687 0.415699
vt 0.646023 0.415822
vt 0.633847 0.450342
vt 0.639508 0.463597
vt 0.656333 0.446782
vt 0.661907 0.458485
vt 0.026591 0.946158
vt 0.010624 0.946158
vt 0.122946 0.946158
vt 0.144620 0.946158
vt 0.144340 0.955748
vt 0.122884 0.955748
vt 0.144059 0.966021
vt 0.122821 0.966021
vt 0.165824 0.966021
vt 0.166293 0.955748
vt 0.166759 0.946158
vt 0.247114 0.415256
vt 0.247122 0.430157
vt 0.218065 0.429655
vt 0.218057 0.414800
vt 0.247136 0.445049
vt 0.218082 0.444497
vt 0.252290 0.430214
vt 0.252290 0.445125
vt 0.252290 0.415303
vt 0.502693 0.699181
vt 0.502556 0.798687
vt 0.480255 0.798696
vt 0.480386 0.699181
vt 0.480508 0.859322
vt 0.458131 0.859353
vt 0.457952 0.798704
vt 0.524997 0.699181
vt 0.502882 0.859287
vt 0.924650 0.054214
vt 0.914838 0.044862
vt 0.923814 0.029547
vt 0.937406 0.038980
vt 0.902243 0.040573
vt 0.908778 0.022586
vt 0.346212 0.645373
vt 0.345873 0.601592
vt 0.435756 0.699181
vt 0.458072 0.699181
vt 0.435650 0.798711
vt 0.569452 0.798683
vt 0.593857 0.966021
vt 0.593668 0.955748
vt 0.571168 0.955748
vt 0.571316 0.966021
vt 0.593951 0.971489
vt 0.571390 0.971489
vt 0.328068 0.042183
vt 0.332129 0.051808
vt 0.317920 0.057031
vt 0.318366 0.048662
vt 0.335667 0.060628
vt 0.322095 0.065314
vt 0.062445 0.309722
vt 0.141223 0.310228
vt 0.141210 0.324988
vt 0.062424 0.324372
vt 0.218042 0.310731
vt 0.218041 0.325600
vt 0.141236 0.295467
vt 0.218044 0.295861
vt 0.062467 0.295071
vt 0.102109 0.955748
vt 0.102138 0.966021
vt 0.102079 0.946158
vt 0.314174 0.352933
vt 0.304258 0.357972
vt 0.296020 0.341306
vt 0.306694 0.337347
vt 0.294026 0.363520
vt 0.284990 0.345623
vt 0.323458 0.348914
vt 0.331780 0.345342
vt 0.316656 0.334104
vt 0.325536 0.331289
vt 0.889833 0.035769
vt 0.892782 0.018263
vt 0.279035 0.645373
vt 0.876309 0.036634
vt 0.876308 0.016762
vt 0.338808 0.341644
vt 0.345189 0.337884
vt 0.332965 0.328611
vt 0.339667 0.326001
vt 0.666545 0.420211
vt 0.671672 0.429284
vt 0.681708 0.410233
vt 0.688635 0.418188
vt 0.662249 0.411737
vt 0.675791 0.403040
vt 0.678463 0.439553
vt 0.686085 0.450422
vt 0.697581 0.427667
vt 0.707538 0.437907
vt 0.141234 0.354507
vt 0.141222 0.339747
vt 0.218043 0.340469
vt 0.218045 0.355338
vt 0.062443 0.339023
vt 0.062462 0.353672
vt 0.102152 0.971489
vt 0.122788 0.971489
vt 0.906805 0.183384
vt 0.917488 0.179369
vt 0.926828 0.194030
vt 0.914733 0.200948
vt 0.925683 0.170222
vt 0.938269 0.184658
vt 0.081958 0.971489
vt 0.591911 0.699181
vt 0.591743 0.798677
vt 0.569607 0.699181
vt 0.614613 0.859212
vt 0.592293 0.859247
vt 0.614031 0.798668
vt 0.614216 0.699181
vt 0.547302 0.699181
vt 0.391022 0.859431
vt 0.413385 0.859406
vt 0.435755 0.859381
vt 0.027524 0.294925
vt 0.027509 0.309536
vt 0.014493 0.309509
vt 0.014493 0.294904
vt 0.027494 0.324146
vt 0.014493 0.324115
vt 0.062432 0.426880
vt 0.141228 0.428265
vt 0.141226 0.442991
vt 0.062412 0.441499
vt 0.141236 0.413524
vt 0.062454 0.412249
vt 0.141257 0.457696
vt 0.218113 0.459318
vt 0.062435 0.456100
vt 0.681121 0.699181
vt 0.680888 0.798643
vt 0.658605 0.798652
vt 0.658827 0.699181
vt 0.247104 0.176735
vt 0.247105 0.191644
vt 0.218048 0.191774
vt 0.703396 0.699181
vt 0.247106 0.206553
vt 0.218045 0.206644
vt 0.027508 0.338757
vt 0.014493 0.338720
vt 0.027520 0.353367
vt 0.014493 0.353326
vt 0.278432 0.601592
vt 0.143914 0.971489
vt 0.165584 0.971489
vt 0.303184 0.321180
vt 0.291650 0.323860
vt 0.290151 0.304905
vt 0.302290 0.303583
vt 0.279515 0.326492
vt 0.277199 0.305760
vt 0.313518 0.318404
vt 0.322543 0.315862
vt 0.312803 0.301328
vt 0.321826 0.299051
vt 0.247108 0.061846
vt 0.247095 0.074558
vt 0.218132 0.074821
vt 0.218185 0.062036
vt 0.247092 0.087879
vt 0.218096 0.088173
vt 0.252290 0.074629
vt 0.252290 0.087906
vt 0.252290 0.061989
vt 0.330154 0.313884
vt 0.337057 0.312189
vt 0.329495 0.297667
vt 0.336487 0.296729
vt 0.693188 0.395071
vt 0.701205 0.401711
vt 0.701661 0.376099
vt 0.710351 0.381314
vt 0.686074 0.389323
vt 0.693734 0.371820
vt 0.711031 0.410131
vt 0.721761 0.419441
vt 0.720566 0.388398
vt 0.731543 0.396417
vt 0.063074 0.076826
vt 0.141633 0.075748
vt 0.141503 0.089113
vt 0.141778 0.062894
vt 0.063275 0.063990
vt 0.211371 0.946158
vt 0.233753 0.946158
vt 0.233440 0.955748
vt 0.210988 0.955748
vt 0.233127 0.966021
vt 0.210603 0.966021
vt 0.255658 0.966021
vt 0.255912 0.955748
vt 0.256166 0.946158
vt 0.636524 0.699181
vt 0.636319 0.798661
vt 0.252290 0.191635
vt 0.252290 0.206546
vt 0.252290 0.176724
vt 0.357396 0.442469
vt 0.344484 0.440792
vt 0.329938 0.441830
vt 0.342765 0.455469
vt 0.332588 0.451825
vt 0.356515 0.457478
vt 0.862785 0.035771
vt 0.859834 0.018266
vt 0.850377 0.040577
vt 0.843840 0.022592
vt 0.413440 0.699181
vt 0.413349 0.798717
vt 0.391050 0.798723
vt 0.391126 0.699181
vt 0.727876 0.971489
vt 0.727737 0.966021
vt 0.748844 0.966021
vt 0.748876 0.971489
vt 0.727465 0.955748
vt 0.748781 0.955748
vt 0.706165 0.966021
vt 0.706397 0.971489
vt 0.769473 0.699181
vt 0.747714 0.699181
vt 0.896892 0.188544
vt 0.901762 0.205281
vt 0.888666 0.207550
vt 0.886049 0.188604
vt 0.796956 0.687675
vt 0.503706 0.971489
vt 0.481144 0.971489
vt 0.725641 0.699181
vt 0.526267 0.971489
vt 0.026591 0.966021
vt 0.026591 0.955748
vt 0.010624 0.955748
vt 0.010624 0.966021
vt 0.026591 0.971489
vt 0.014616 0.970122
vt 0.043467 0.971489
vt 0.188557 0.955748
vt 0.188087 0.966021
vt 0.189025 0.946158
vt 0.302656 0.283707
vt 0.290527 0.283712
vt 0.292441 0.262919
vt 0.304228 0.264069
vt 0.277641 0.283060
vt 0.280000 0.261071
vt 0.313270 0.282391
vt 0.322408 0.280846
vt 0.314706 0.263823
vt 0.323802 0.263199
vt 0.837784 0.044868
vt 0.828807 0.029555
vt 0.326257 0.071534
vt 0.338160 0.067840
vt 0.339971 0.076360
vt 0.329520 0.078737
vt 0.827975 0.054220
vt 0.815220 0.038989
vt 0.330106 0.280160
vt 0.337085 0.279902
vt 0.331446 0.263218
vt 0.338363 0.263558
vt 0.707805 0.354689
vt 0.717039 0.358458
vt 0.711866 0.333437
vt 0.721431 0.335834
vt 0.699404 0.351766
vt 0.703207 0.331711
vt 0.727940 0.363919
vt 0.739675 0.370224
vt 0.732804 0.339571
vt 0.745081 0.343980
vt 0.935471 0.161690
vt 0.949281 0.172961
vt 0.026591 0.950949
vt 0.187848 0.971489
vt 0.210409 0.971489
vt 0.958778 0.159368
vt 0.252290 0.400392
vt 0.247111 0.400352
vt 0.247110 0.385446
vt 0.252290 0.385480
vt 0.218049 0.399938
vt 0.218044 0.385073
vt 0.247105 0.355632
vt 0.247107 0.370539
vt 0.218044 0.370206
vt 0.252290 0.370569
vt 0.252290 0.355658
vt 0.027530 0.236482
vt 0.027513 0.251093
vt 0.014493 0.251088
vt 0.014493 0.236482
vt 0.027498 0.265704
vt 0.014493 0.265693
vt 0.062452 0.251119
vt 0.062429 0.265770
vt 0.062476 0.236468
vt 0.057221 0.701775
vt 0.057206 0.793830
vt 0.039773 0.782323
vt 0.039775 0.713282
vt 0.074759 0.810566
vt 0.814292 0.701775
vt 0.813874 0.793830
vt 0.831730 0.713282
vt 0.831411 0.782323
vt 0.027511 0.470119
vt 0.027510 0.484621
vt 0.014493 0.484713
vt 0.014493 0.470154
vt 0.027535 0.498564
vt 0.014493 0.498740
vt 0.062448 0.280420
vt 0.027510 0.280314
vt 0.014493 0.280298
vt 0.252290 0.102231
vt 0.247094 0.102226
vt 0.218081 0.102526
vt 0.232970 0.971489
vt 0.255531 0.971489
vt 0.306955 0.247183
vt 0.295559 0.245164
vt 0.299683 0.228884
vt 0.310681 0.231567
vt 0.283436 0.242471
vt 0.287815 0.225592
vt 0.316896 0.247853
vt 0.325521 0.248062
vt 0.319942 0.233030
vt 0.327933 0.233997
vt 0.817060 0.062245
vt 0.803563 0.050725
vt 0.810638 0.073901
vt 0.794086 0.064314
vt 0.413318 0.601592
vt 0.413391 0.645373
vt 0.390982 0.645373
vt 0.390813 0.601592
vt 0.332972 0.248698
vt 0.339835 0.249547
vt 0.335125 0.235191
vt 0.341916 0.236499
vt 0.714095 0.314936
vt 0.723690 0.316127
vt 0.714519 0.297379
vt 0.723977 0.297489
vt 0.705262 0.314203
vt 0.705603 0.297518
vt 0.734808 0.318233
vt 0.746689 0.320797
vt 0.734517 0.298100
vt 0.745598 0.298961
vt 0.803746 0.085279
vt 0.787040 0.079307
vt 0.435810 0.645373
vt 0.802235 0.098748
vt 0.782687 0.095266
vt 0.435838 0.601592
vt 0.301066 0.946158
vt 0.323537 0.946158
vt 0.323409 0.955748
vt 0.300902 0.955748
vt 0.323280 0.966021
vt 0.300737 0.966021
vt 0.345826 0.966021
vt 0.345924 0.955748
vt 0.315254 0.215737
vt 0.304615 0.212517
vt 0.310522 0.195345
vt 0.320798 0.198988
vt 0.293004 0.208768
vt 0.299193 0.191289
vt 0.323946 0.217899
vt 0.331406 0.219564
vt 0.328967 0.201806
vt 0.335941 0.204176
vt 0.027559 0.178033
vt 0.027533 0.192648
vt 0.014493 0.192666
vt 0.014493 0.178060
vt 0.027511 0.207260
vt 0.014493 0.207271
vt 0.062482 0.192513
vt 0.062449 0.207166
vt 0.338346 0.221291
vt 0.345026 0.223048
vt 0.342627 0.206476
vt 0.349170 0.208740
vt 0.713167 0.278956
vt 0.722451 0.278070
vt 0.710153 0.259109
vt 0.719202 0.257234
vt 0.704260 0.279933
vt 0.701336 0.260954
vt 0.732492 0.277366
vt 0.742911 0.276753
vt 0.728713 0.255297
vt 0.738455 0.253328
vt 0.252290 0.281102
vt 0.247105 0.281093
vt 0.247106 0.266185
vt 0.252290 0.266191
vt 0.218043 0.280992
vt 0.218041 0.266123
vt 0.247104 0.296001
vt 0.252290 0.296013
vt 0.278401 0.955748
vt 0.278195 0.966021
vt 0.278606 0.946158
vt 0.327439 0.180616
vt 0.317567 0.176652
vt 0.324803 0.158346
vt 0.334412 0.162460
vt 0.306571 0.172445
vt 0.314017 0.154218
vt 0.341538 0.187248
vt 0.335064 0.184096
vt 0.341668 0.166548
vt 0.347786 0.170528
vt 0.062461 0.221817
vt 0.027519 0.221871
vt 0.014493 0.221877
vt 0.354358 0.193119
vt 0.347961 0.190227
vt 0.353981 0.174315
vt 0.360213 0.178007
vt 0.714319 0.234344
vt 0.705595 0.237280
vt 0.699903 0.215975
vt 0.708307 0.211965
vt 0.696930 0.240090
vt 0.691427 0.219836
vt 0.732061 0.227842
vt 0.723160 0.231156
vt 0.716567 0.207660
vt 0.724755 0.203207
vt 0.247104 0.236369
vt 0.247105 0.251277
vt 0.218043 0.251253
vt 0.218046 0.236384
vt 0.252290 0.251280
vt 0.252290 0.236368
vt 0.278093 0.971489
vt 0.300654 0.971489
vt 0.340951 0.146356
vt 0.331282 0.142333
vt 0.336533 0.128245
vt 0.346516 0.132014
vt 0.320411 0.138590
vt 0.325474 0.125212
vt 0.348215 0.150939
vt 0.354272 0.155764
vt 0.354346 0.137256
vt 0.360838 0.143234
vt 0.799028 0.111911
vt 0.781290 0.111748
vt 0.801589 0.124974
vt 0.782752 0.128252
vt 0.368596 0.645373
vt 0.368818 0.699181
vt 0.360318 0.160514
vt 0.366360 0.165226
vt 0.366808 0.149213
vt 0.372517 0.155191
vt 0.693490 0.197699
vt 0.701674 0.192661
vt 0.686807 0.182748
vt 0.694969 0.176569
vt 0.685209 0.202688
vt 0.678759 0.189033
vt 0.709668 0.187523
vt 0.717566 0.182336
vt 0.703362 0.170600
vt 0.711871 0.164737
vt 0.803615 0.138131
vt 0.786973 0.144277
vt 0.368341 0.601592
vt 0.811119 0.149450
vt 0.793869 0.159327
vt 0.141434 0.103438
vt 0.323215 0.971489
vt 0.345777 0.971489
vt 0.062706 0.511790
vt 0.027631 0.511440
vt 0.014493 0.511736
vt 0.027780 0.523537
vt 0.014493 0.523883
vt 0.062954 0.523753
vt 0.062160 0.971489
vt 0.252290 0.049576
vt 0.247135 0.049322
vt 0.247218 0.037059
vt 0.252290 0.037364
vt 0.218248 0.049389
vt 0.062440 0.368320
vt 0.141221 0.369265
vt 0.141208 0.384021
vt 0.062418 0.382967
vt 0.548828 0.971489
vt 0.548772 0.966021
vt 0.548657 0.955748
vt 0.141221 0.398775
vt 0.062436 0.397610
vt 0.063414 0.051183
vt 0.141893 0.050100
vt 0.413500 0.955748
vt 0.390974 0.955748
vt 0.413474 0.966021
vt 0.390924 0.966021
vt 0.145864 0.798788
vt 0.123770 0.798836
vt 0.949026 0.138154
vt 0.965678 0.144305
vt 0.969900 0.128269
vt 0.027621 0.134155
vt 0.014493 0.134244
vt 0.027574 0.148791
vt 0.014493 0.148849
vt 0.971359 0.111756
vt 0.769649 0.966021
vt 0.769639 0.971489
vt 0.969959 0.095266
vt 0.790066 0.966021
vt 0.790050 0.971489
vt 0.141224 0.280707
vt 0.141213 0.265947
vt 0.027513 0.411793
vt 0.027497 0.426392
vt 0.014493 0.426353
vt 0.014493 0.411748
vt 0.027481 0.440984
vt 0.014493 0.440958
vt 0.866448 0.188615
vt 0.876242 0.190983
vt 0.876196 0.208276
vt 0.863747 0.207480
vt 0.503325 0.601592
vt 0.503019 0.645373
vt 0.480636 0.645373
vt 0.480858 0.601592
vt 0.368447 0.955748
vt 0.368375 0.966021
vt 0.350572 0.119145
vt 0.340088 0.115713
vt 0.341785 0.103183
vt 0.352930 0.106353
vt 0.328930 0.113734
vt 0.330773 0.102528
vt 0.359706 0.125487
vt 0.367330 0.133213
vt 0.364341 0.114551
vt 0.374009 0.124941
vt 0.027563 0.163416
vt 0.014493 0.163455
vt 0.373284 0.140800
vt 0.378402 0.148318
vt 0.379927 0.134685
vt 0.383970 0.144106
vt 0.680308 0.171418
vt 0.688742 0.163829
vt 0.673714 0.162752
vt 0.682655 0.153222
vt 0.672560 0.179260
vt 0.666581 0.172701
vt 0.698550 0.156745
vt 0.709045 0.149915
vt 0.695211 0.144532
vt 0.709575 0.136262
vt 0.028190 0.026631
vt 0.028165 0.013373
vt 0.014493 0.027492
vt 0.017911 0.016903
vt 0.028192 0.039694
vt 0.014493 0.041079
vt 0.368338 0.971489
vt 0.390899 0.971489
vt 0.168152 0.798772
vt 0.141247 0.192142
vt 0.141226 0.206905
vt 0.353404 0.092239
vt 0.341462 0.089104
vt 0.330998 0.089965
vt 0.368297 0.103368
vt 0.381137 0.117657
vt 0.817158 0.161651
vt 0.803357 0.172907
vt 0.826931 0.170177
vt 0.814352 0.184589
vt 0.525391 0.645373
vt 0.525776 0.601592
vt 0.386920 0.130274
vt 0.389174 0.142055
vt 0.666749 0.155794
vt 0.676372 0.143533
vt 0.660791 0.168687
vt 0.693327 0.132536
vt 0.713948 0.122170
vt 0.835105 0.179319
vt 0.825769 0.193945
vt 0.458229 0.645373
vt 0.845761 0.183343
vt 0.837820 0.200853
vt 0.102073 0.798934
vt 0.413461 0.971489
vt 0.436022 0.971489
vt 0.367041 0.449573
vt 0.369884 0.462572
vt 0.027494 0.455566
vt 0.014493 0.455564
vt 0.252290 0.025325
vt 0.247395 0.025132
vt 0.247621 0.013373
vt 0.251123 0.016361
vt 0.704207 0.645373
vt 0.726322 0.645373
vt 0.748264 0.645373
vt 0.727010 0.601592
vt 0.748788 0.601592
vt 0.705054 0.601592
vt 0.730241 0.070908
vt 0.735438 0.084909
vt 0.732242 0.060226
vt 0.739239 0.075056
vt 0.100829 0.583056
vt 0.122548 0.583056
vt 0.100778 0.571989
vt 0.122436 0.571989
vt 0.079898 0.571989
vt 0.079974 0.583056
vt 0.166172 0.583056
vt 0.144280 0.583056
vt 0.143882 0.571989
vt 0.165530 0.571989
vt 0.143683 0.566835
vt 0.122383 0.566835
vt 0.079878 0.566835
vt 0.189667 0.910919
vt 0.190064 0.859594
vt 0.212356 0.859582
vt 0.211969 0.910902
vt 0.165227 0.566835
vt 0.190435 0.798764
vt 0.212716 0.798761
vt 0.167767 0.859625
vt 0.100765 0.566835
vt 0.935568 0.062240
vt 0.949067 0.050716
vt 0.958549 0.064306
vt 0.941995 0.073897
vt 0.458357 0.601592
vt 0.141227 0.251186
vt 0.141242 0.236426
vt 0.060874 0.588970
vt 0.043146 0.588970
vt 0.393140 0.073797
vt 0.405981 0.066213
vt 0.188376 0.583056
vt 0.210761 0.583056
vt 0.187796 0.571989
vt 0.210340 0.571989
vt 0.255660 0.583056
vt 0.233196 0.583056
vt 0.232820 0.571989
vt 0.255312 0.571989
vt 0.232693 0.566835
vt 0.210233 0.566835
vt 0.167361 0.910965
vt 0.256962 0.859554
vt 0.234654 0.859574
vt 0.234999 0.798759
vt 0.255152 0.566835
vt 0.234287 0.910890
vt 0.187577 0.566835
vt 0.948890 0.085278
vt 0.965601 0.079303
vt 0.142149 0.535992
vt 0.142394 0.546507
vt 0.218864 0.536950
vt 0.218980 0.546507
vt 0.593126 0.601592
vt 0.592508 0.645373
vt 0.570137 0.645373
vt 0.570681 0.601592
vt 0.614882 0.645373
vt 0.615574 0.601592
vt 0.252290 0.517397
vt 0.247414 0.516559
vt 0.218536 0.515359
vt 0.247514 0.528003
vt 0.218724 0.526774
vt 0.252290 0.529007
vt 0.548554 0.446686
vt 0.532554 0.402288
vt 0.531594 0.452604
vt 0.516073 0.395035
vt 0.278130 0.583056
vt 0.300625 0.583056
vt 0.277891 0.571989
vt 0.300480 0.571989
vt 0.345705 0.583056
vt 0.323160 0.583056
vt 0.323003 0.571989
vt 0.345521 0.571989
vt 0.322953 0.566835
vt 0.300464 0.566835
vt 0.256623 0.910859
vt 0.829709 0.955748
vt 0.810028 0.955748
vt 0.810051 0.946158
vt 0.829709 0.946158
vt 0.345419 0.566835
vt 0.790098 0.955748
vt 0.810006 0.966021
vt 0.277803 0.566835
vt 0.769671 0.955748
vt 0.547764 0.645373
vt 0.548230 0.601592
vt 0.028149 0.052367
vt 0.014493 0.053601
vt 0.028062 0.064899
vt 0.014493 0.065714
vt 0.539122 0.376386
vt 0.556975 0.359733
vt 0.527551 0.366703
vt 0.547395 0.358104
vt 0.368227 0.583056
vt 0.390748 0.583056
vt 0.368097 0.571989
vt 0.390684 0.571989
vt 0.435840 0.583056
vt 0.413290 0.583056
vt 0.413234 0.571989
vt 0.435766 0.571989
vt 0.413185 0.566835
vt 0.390632 0.566835
vt 0.829709 0.966021
vt 0.252290 0.460036
vt 0.247155 0.459930
vt 0.435703 0.566835
vt 0.278981 0.910787
vt 0.279281 0.859506
vt 0.301614 0.859466
vt 0.301363 0.910727
vt 0.368011 0.566835
vt 0.247105 0.310909
vt 0.247107 0.325816
vt 0.252290 0.310924
vt 0.252290 0.325835
vt 0.810094 0.933055
vt 0.810068 0.940489
vt 0.829709 0.932412
vt 0.810126 0.924737
vt 0.824813 0.926013
vt 0.102002 0.911942
vt 0.102029 0.860276
vt 0.123433 0.859880
vt 0.123102 0.911349
vt 0.080932 0.860774
vt 0.451834 0.354793
vt 0.440424 0.358967
vt 0.432137 0.341626
vt 0.439681 0.343052
vt 0.458387 0.583056
vt 0.480924 0.583056
vt 0.458296 0.571989
vt 0.480843 0.571989
vt 0.525951 0.583056
vt 0.503441 0.583056
vt 0.503429 0.571989
vt 0.526004 0.571989
vt 0.503396 0.566835
vt 0.480776 0.566835
vt 0.525987 0.566835
vt 0.346317 0.859480
vt 0.323963 0.859470
vt 0.458223 0.566835
vt 0.026591 0.583056
vt 0.026591 0.571989
vt 0.010624 0.571989
vt 0.010624 0.583056
vt 0.682844 0.601592
vt 0.681963 0.645373
vt 0.659635 0.645373
vt 0.660474 0.601592
vt 0.145451 0.859692
vt 0.145031 0.911066
vt 0.027502 0.397190
vt 0.027490 0.382584
vt 0.014493 0.397142
vt 0.014493 0.382537
vt 0.548466 0.583056
vt 0.570975 0.583056
vt 0.548521 0.571989
vt 0.571043 0.571989
vt 0.615948 0.583056
vt 0.593463 0.583056
vt 0.593633 0.571989
vt 0.616210 0.571989
vt 0.593604 0.566835
vt 0.570944 0.566835
vt 0.323769 0.910733
vt 0.616255 0.566835
vt 0.809996 0.971489
vt 0.824780 0.970122
vt 0.548454 0.566835
vt 0.252290 0.340747
vt 0.247106 0.340724
vt 0.637266 0.645373
vt 0.638036 0.601592
vt 0.855635 0.188532
vt 0.850717 0.205185
vt 0.141903 0.525095
vt 0.683966 0.966021
vt 0.684196 0.971489
vt 0.638447 0.583056
vt 0.660920 0.583056
vt 0.638696 0.571989
vt 0.661172 0.571989
vt 0.705522 0.583056
vt 0.683329 0.583056
vt 0.683722 0.571989
vt 0.705999 0.571989
vt 0.683830 0.566835
vt 0.661174 0.566835
vt 0.706197 0.566835
vt 0.252290 0.221457
vt 0.247105 0.221461
vt 0.638714 0.566835
vt 0.252290 0.538329
vt 0.247577 0.537693
vt 0.247621 0.546507
vt 0.251123 0.544463
vt 0.368753 0.798731
vt 0.141233 0.221666
vt 0.218045 0.221514
vt 0.141654 0.513432
vt 0.027505 0.367976
vt 0.014493 0.367931
vt 0.727350 0.583056
vt 0.748994 0.583056
vt 0.727652 0.571989
vt 0.749079 0.571989
vt 0.791548 0.583056
vt 0.770637 0.583056
vt 0.770676 0.571989
vt 0.791605 0.571989
vt 0.770460 0.601592
vt 0.796753 0.603070
vt 0.770686 0.566835
vt 0.749116 0.566835
vt 0.791620 0.566835
vt 0.368668 0.859462
vt 0.727789 0.566835
vt 0.458583 0.971489
vt 0.026591 0.588970
vt 0.014616 0.587491
vt 0.769985 0.645373
vt 0.791596 0.645373
vt 0.810966 0.588970
vt 0.810994 0.583056
vt 0.829709 0.583056
vt 0.825023 0.587491
vt 0.811032 0.571989
vt 0.829709 0.571989
vt 0.625809 0.144524
vt 0.636856 0.144184
vt 0.642596 0.168344
vt 0.635809 0.163295
vt 0.811042 0.566835
vt 0.825042 0.568124
vt 0.027930 0.077540
vt 0.014493 0.078072
vt 0.026591 0.566835
vt 0.014616 0.568124
vt 0.102021 0.934047
vt 0.122987 0.933652
vt 0.144839 0.933463
vt 0.167134 0.933396
vt 0.252290 0.161813
vt 0.247105 0.161826
vt 0.189425 0.933365
vt 0.211729 0.933354
vt 0.234062 0.933346
vt 0.256424 0.933325
vt 0.636932 0.859180
vt 0.278812 0.933277
vt 0.301226 0.933238
vt 0.323663 0.933241
vt 0.014493 0.535362
vt 0.017911 0.543721
vt 0.797851 0.296362
vt 0.803044 0.279800
vt 0.791686 0.312554
vt 0.792794 0.330067
vt 0.797894 0.363420
vt 0.791652 0.347467
vt 0.815454 0.392518
vt 0.803382 0.379795
vt 0.840875 0.414746
vt 0.825797 0.406562
vt 0.855563 0.423787
vt 0.872956 0.425793
vt 0.906792 0.426436
vt 0.889939 0.429884
vt 0.923814 0.423945
vt 0.938393 0.414321
vt 0.981147 0.363471
vt 0.964802 0.393021
vt 0.954066 0.406519
vt 0.976198 0.380196
vt 0.981213 0.297036
vt 0.987761 0.330135
vt 0.988172 0.347401
vt 0.988206 0.313010
vt 0.939581 0.245117
vt 0.965005 0.267065
vt 0.976297 0.280191
vt 0.954528 0.253269
vt 0.884699 0.230984
vt 0.911799 0.232103
vt 0.926597 0.235058
vt 0.898084 0.228111
vt 0.861099 0.235121
vt 0.872400 0.230219
vt 0.847546 0.236970
s 1
usemtl Mat
f 591/1/1 588/2/2 589/3/3
f 363/4/4 1245/5/5 247/6/6
f 325/7/7 324/8/8 1166/9/9 425/10/10
f 435/11/11 434/12/12 436/13/13 36/14/14
f 436/13/13 434/12/12 437/15/15 35/16/16
f 1271/17/17 37/18/18 1274/19/19 1007/20/20
f 1308/21/21 453/22/22 1337/23/23 1278/24/24
f 252/25/25 262/26/26 1247/27/26 277/28/25
f 55/29/27 52/30/28 487/31/29 503/32/30
f 499/33/31 487/31/29 52/30/28 1338/34/32
f 1152/35/33 1143/36/34 145/37/35 243/38/36
f 437/15/15 446/39/37 448/40/38 35/16/16
f 448/40/38 446/39/37 449/41/39 83/42/40
f 945/43/41 470/44/42 959/45/43 331/46/44
f 746/47/45 747/48/46 494/49/47 423/50/48
f 494/49/47 487/31/29 499/33/31 423/50/48
f 494/49/47 747/48/46 1312/51/49 265/52/50
f 457/53/51 456/54/52 448/40/38 83/42/40
f 448/40/38 456/54/52 458/55/53 35/16/16
f 458/55/53 456/54/52 459/56/54 34/57/55
f 459/56/54 456/54/52 457/53/51 16/58/56
f 258/59/57 769/60/58 369/61/59 396/62/60
f 503/32/30 487/31/29 494/49/47 265/52/50
f 369/61/59 769/60/58 431/63/61 387/64/62
f 431/63/61 769/60/58 1190/65/63 200/66/64
f 467/67/65 466/68/66 458/55/53 34/57/55
f 458/55/53 466/68/66 436/13/13 35/16/16
f 436/13/13 466/68/66 468/69/67 36/14/14
f 468/69/67 466/68/66 467/67/65 17/70/68
f 499/33/31 453/22/22 460/71/69 423/50/48
f 460/71/69 453/22/22 1308/21/21 281/72/70
f 948/73/71 462/74/72 527/75/73 1123/76/74
f 528/77/75 527/75/73 462/74/72 521/78/76
f 476/79/77 475/80/78 477/81/79 41/82/80
f 477/81/79 475/80/78 478/83/81 39/84/82
f 1303/85/83 1302/86/84 1331/87/85 33/88/86
f 1190/65/63 769/60/58 258/59/57 344/89/87
f 528/77/75 470/44/42 945/43/41 330/90/88
f 1238/91/89 527/75/73 528/77/75 330/90/88
f 127/92/90 771/93/91 803/94/92 341/95/93
f 1333/96/94 1331/87/85 1302/86/84 1300/97/95
f 478/83/81 486/98/96 488/99/97 39/84/82
f 488/99/97 486/98/96 435/11/11 36/14/14
f 803/94/98 771/93/99 1240/100/100 471/101/101
f 1123/76/74 527/75/73 1238/91/89 266/102/102
f 1282/103/103 1051/104/104 360/105/105 303/106/106
f 360/105/105 1051/104/104 354/107/107 301/108/108
f 468/69/67 495/109/109 488/99/97 36/14/14
f 488/99/97 495/109/109 496/110/110 39/84/82
f 496/110/110 495/109/109 497/111/111 38/112/112
f 497/111/111 495/109/109 468/69/67 17/70/68
f 354/107/107 1051/104/104 1008/113/113 327/114/114
f 1008/113/113 1051/104/104 1282/103/103 285/115/115
f 366/116/116 365/117/117 1217/118/118 103/119/119
f 1217/118/118 365/117/117 368/120/120 237/121/121
f 505/122/122 504/123/123 496/110/110 38/112/112
f 496/110/110 504/123/123 477/81/79 39/84/82
f 477/81/79 504/123/123 506/124/124 41/82/80
f 506/124/124 504/123/123 505/122/122 2/125/125
f 368/120/120 365/117/117 360/105/105 301/108/108
f 360/105/105 365/117/117 366/116/116 303/106/106
f 1261/126/126 375/127/127 377/128/128 367/129/129
f 377/128/128 375/127/127 384/130/130 397/131/131
f 514/132/132 513/133/133 515/134/134 45/135/135
f 515/134/134 513/133/133 516/136/136 44/137/137
f 145/37/35 1143/36/34 951/138/138 160/139/139
f 951/138/138 1143/36/34 1150/140/140 316/141/141
f 384/130/130 375/127/127 386/142/142 286/143/142
f 386/142/142 375/127/127 1261/126/126 268/144/142
f 1283/145/143 393/146/144 395/147/145 285/148/115
f 395/147/145 393/146/144 377/128/128 397/131/131
f 1332/149/146 1331/87/85 1333/96/94 208/150/147
f 516/136/136 523/151/148 524/152/149 44/137/137
f 524/152/149 523/151/148 476/79/77 41/82/80
f 374/153/150 379/154/151 1306/155/151 194/156/150
f 377/128/128 393/146/144 1254/157/152 367/129/129
f 1254/157/152 393/146/144 1283/145/143 267/158/153
f 368/159/120 402/160/154 1220/161/155 237/162/121
f 1220/161/155 402/160/154 404/163/156 304/164/157
f 506/124/124 531/165/158 524/152/149 41/82/80
f 524/152/149 531/165/158 532/166/159 44/137/137
f 532/166/159 531/165/158 533/167/160 42/168/161
f 533/167/160 531/165/158 506/124/124 2/125/125
f 404/163/156 402/160/154 816/169/162 229/170/163
f 816/169/162 402/160/154 368/159/120 301/171/108
f 404/163/156 411/172/164 1222/173/165 304/164/157
f 1222/173/165 411/172/164 413/174/166 328/175/167
f 541/176/168 540/177/169 532/166/159 42/168/161
f 532/166/159 540/177/169 515/134/134 44/137/137
f 515/134/134 540/177/169 542/178/170 45/135/135
f 542/178/170 540/177/169 541/176/168 3/179/171
f 413/174/166 411/172/164 733/180/172 244/181/173
f 733/180/172 411/172/164 404/163/156 229/170/163
f 1292/182/174 420/183/174 422/184/175 376/185/175
f 422/184/175 420/183/174 428/186/174 388/187/175
f 550/188/176 549/189/177 551/190/178 50/191/179
f 551/190/178 549/189/177 552/192/180 48/193/181
f 1306/155/151 379/154/151 383/194/70 281/72/70
f 33/88/86 1331/87/85 1332/149/146 275/195/182
f 428/186/174 420/183/174 430/196/183 288/197/183
f 430/196/183 420/183/174 1292/182/174 270/198/183
f 386/142/142 433/199/184 970/200/184 286/143/142
f 970/200/184 433/199/184 422/184/175 388/187/175
f 401/201/185 399/202/186 417/203/187 164/204/188
f 552/192/180 559/205/189 560/206/190 48/193/181
f 560/206/190 559/205/189 514/132/132 45/135/135
f 417/203/187 399/202/186 364/207/191 387/64/62
f 422/184/175 433/199/184 1286/208/184 376/185/175
f 1286/208/184 433/199/184 386/142/142 268/144/142
f 1260/209/192 1256/210/193 834/211/194 184/212/195
f 834/211/194 1256/210/193 1212/213/196 178/214/197
f 542/178/170 567/215/198 560/206/190 45/135/135
f 560/206/190 567/215/198 568/216/199 48/193/181
f 568/216/199 567/215/198 569/217/200 47/218/201
f 569/217/200 567/215/198 542/178/170 3/179/171
f 1333/96/94 37/18/18 40/219/202 208/150/147
f 1212/213/196 1256/210/193 1162/220/203 180/221/204
f 1162/220/203 1256/210/193 1260/209/192 345/222/205
f 40/219/202 37/18/18 1271/17/17 273/223/206
f 1291/224/207 1288/225/208 1210/226/209 329/227/210
f 1210/226/209 1288/225/208 366/116/116 103/119/119
f 575/228/211 574/229/212 568/216/199 47/218/201
f 568/216/199 574/229/212 551/190/178 48/193/181
f 551/190/178 574/229/212 576/230/213 50/191/179
f 576/230/213 574/229/212 575/228/211 4/231/214
f 1019/232/215 1155/233/216 424/234/217 242/235/218
f 366/116/116 1288/225/208 1284/236/219 303/106/106
f 1284/236/219 1288/225/208 1291/224/207 306/237/220
f 474/238/221 43/239/222 517/240/223 452/241/224
f 1320/242/225 1316/243/225 1319/244/226 385/245/226
f 1319/244/226 1316/243/225 1326/246/225 378/247/226
f 581/248/227 580/249/228 582/250/229 84/251/230
f 582/250/229 580/249/228 583/252/231 82/253/232
f 583/252/231 580/249/228 457/53/51 83/42/40
f 457/53/51 580/249/228 581/248/227 16/58/56
f 585/254/233 584/255/234 586/256/235 85/257/236
f 586/256/235 584/255/234 582/250/229 82/253/232
f 582/250/229 584/255/234 587/258/237 84/251/230
f 587/258/237 584/255/234 585/254/233 15/259/238
f 33/88/86 517/240/223 43/239/222 1303/85/83
f 589/3/3 588/2/2 586/256/235 82/253/232
f 586/256/235 588/2/2 590/260/239 85/257/236
f 424/234/217 1155/233/216 1152/35/33 243/38/36
f 449/41/39 591/1/1 583/252/231 83/42/40
f 583/252/231 591/1/1 589/3/3 82/253/232
f 485/261/240 481/262/241 444/263/242 511/264/243
f 452/241/224 444/263/242 481/262/241 474/238/221
f 593/265/244 592/266/245 594/267/246 87/268/247
f 594/267/246 592/266/245 595/269/248 86/270/249
f 595/269/248 592/266/245 585/254/233 85/257/236
f 585/254/233 592/266/245 593/265/244 15/259/238
f 597/271/250 596/272/251 598/273/252 88/274/253
f 598/273/252 596/272/251 594/267/246 86/270/249
f 594/267/246 596/272/251 599/275/254 87/268/247
f 599/275/254 596/272/251 597/271/250 14/276/255
f 1152/35/33 1155/233/216 899/277/256 99/278/257
f 601/279/258 600/280/259 598/273/252 86/270/249
f 598/273/252 600/280/259 602/281/260 88/274/253
f 899/277/256 1155/233/216 1019/232/215 350/282/261
f 590/260/239 603/283/262 595/269/248 85/257/236
f 595/269/248 603/283/262 601/279/258 86/270/249
f 450/284/263 444/263/242 452/241/224 214/285/264
f 364/207/191 399/202/186 994/286/265 410/287/266
f 605/288/267 604/289/268 606/290/269 90/291/270
f 606/290/269 604/289/268 607/292/271 89/293/272
f 607/292/271 604/289/268 597/271/250 88/274/253
f 597/271/250 604/289/268 605/288/267 14/276/255
f 609/294/273 608/295/274 610/296/275 91/297/276
f 610/296/275 608/295/274 606/290/269 89/293/272
f 606/290/269 608/295/274 611/298/277 90/291/270
f 611/298/277 608/295/274 609/294/273 13/299/278
f 994/286/265 399/202/186 401/201/185 310/300/279
f 613/301/280 612/302/281 610/296/275 89/293/272
f 610/296/275 612/302/281 614/303/282 91/297/276
f 511/264/243 444/263/242 450/284/263 277/28/25
f 602/281/260 615/304/283 607/292/271 88/274/253
f 607/292/271 615/304/283 613/301/280 89/293/272
f 1164/305/284 426/306/285 431/63/61 200/66/64
f 431/63/61 426/306/285 417/203/187 387/64/62
f 617/307/286 616/308/287 618/309/288 93/310/289
f 618/309/288 616/308/287 619/311/290 92/312/291
f 619/311/290 616/308/287 609/294/273 91/297/276
f 609/294/273 616/308/287 617/307/286 13/299/278
f 621/313/292 620/314/293 622/315/294 94/316/295
f 622/315/294 620/314/293 618/309/288 92/312/291
f 618/309/288 620/314/293 623/317/296 93/310/289
f 623/317/296 620/314/293 621/313/292 12/318/297
f 452/241/224 517/240/223 519/319/298 214/285/264
f 625/320/299 624/321/300 622/315/294 92/312/291
f 622/315/294 624/321/300 626/322/301 94/316/295
f 519/319/298 517/240/223 33/88/86 275/195/182
f 614/303/282 627/323/302 619/311/290 91/297/276
f 619/311/290 627/323/302 625/320/299 92/312/291
f 1326/246/225 1279/324/225 120/325/226 378/247/226
f 565/326/303 520/327/304 1246/328/305 1232/329/306
f 629/330/307 628/331/308 630/332/309 96/333/310
f 630/332/309 628/331/308 631/334/311 95/335/312
f 631/334/311 628/331/308 621/313/292 94/316/295
f 621/313/292 628/331/308 629/330/307 12/318/297
f 633/336/313 632/337/314 634/338/315 97/339/316
f 634/338/315 632/337/314 630/332/309 95/335/312
f 630/332/309 632/337/314 635/340/317 96/333/310
f 635/340/317 632/337/314 633/336/313 11/341/318
f 511/264/243 1246/328/305 520/327/304 485/261/240
f 637/342/319 636/343/320 634/338/315 95/335/312
f 634/338/315 636/343/320 638/344/321 97/339/316
f 1200/345/322 260/346/323 888/347/324 348/348/325
f 626/322/301 639/349/326 631/334/311 94/316/295
f 631/334/311 639/349/326 637/342/319 95/335/312
f 573/350/327 572/351/328 1229/352/329 1244/353/330
f 1232/329/306 1229/352/329 572/351/328 565/326/303
f 641/354/331 640/355/332 642/356/333 78/357/334
f 642/356/333 640/355/332 643/358/335 80/359/336
f 643/358/335 640/355/332 633/336/313 97/339/316
f 633/336/313 640/355/332 641/354/331 11/341/318
f 645/360/337 644/361/338 646/362/339 77/363/340
f 646/362/339 644/361/338 642/356/333 80/359/336
f 642/356/333 644/361/338 647/364/341 78/357/334
f 647/364/341 644/361/338 645/360/337 10/365/342
f 1279/324/225 1326/246/225 290/366/206 291/367/206
f 649/368/343 648/369/344 646/362/339 80/359/336
f 646/362/339 648/369/344 650/370/345 77/363/340
f 1247/27/26 262/26/26 264/371/346 220/372/346
f 638/344/321 651/373/347 643/358/335 97/339/316
f 643/358/335 651/373/347 649/368/343 80/359/336
f 1231/374/348 1229/352/329 1232/329/306 220/372/346
f 417/203/187 426/306/285 742/375/349 164/204/188
f 653/376/350 652/377/351 654/378/352 74/379/353
f 654/378/352 652/377/351 655/380/354 75/381/355
f 655/380/354 652/377/351 645/360/337 77/363/340
f 645/360/337 652/377/351 653/376/350 10/365/342
f 657/382/356 656/383/357 658/384/358 72/385/359
f 658/384/358 656/383/357 654/378/352 75/381/355
f 654/378/352 656/383/357 659/386/360 74/379/353
f 659/386/360 656/383/357 657/382/356 9/387/361
f 742/375/349 426/306/285 1164/305/284 345/222/205
f 661/388/362 660/389/363 658/384/358 75/381/355
f 658/384/358 660/389/363 662/390/364 72/385/359
f 1244/353/330 1229/352/329 1231/374/348 279/391/365
f 650/370/345 663/392/366 655/380/354 77/363/340
f 655/380/354 663/392/366 661/388/362 75/381/355
f 460/71/69 744/393/367 746/47/45 423/50/48
f 746/47/45 744/393/367 961/394/368 176/395/369
f 665/396/370 664/397/371 666/398/372 69/399/373
f 666/398/372 664/397/371 667/400/374 71/401/375
f 667/400/374 664/397/371 657/382/356 72/385/359
f 657/382/356 664/397/371 665/396/370 9/387/361
f 669/402/376 668/403/377 670/404/378 68/405/379
f 670/404/378 668/403/377 666/398/372 71/401/375
f 666/398/372 668/403/377 671/406/380 69/399/373
f 671/406/380 668/403/377 669/402/376 8/407/381
f 1232/329/306 1246/328/305 1247/27/26 220/372/346
f 673/408/382 672/409/383 670/404/378 71/401/375
f 670/404/378 672/409/383 674/410/384 68/405/379
f 1247/27/26 1246/328/305 511/264/243 277/28/25
f 662/390/364 675/411/385 667/400/374 72/385/359
f 667/400/374 675/411/385 673/408/382 71/401/375
f 288/197/183 76/412/386 571/413/386 289/414/183
f 1249/415/387 1248/416/388 1334/417/389 1307/418/390
f 677/419/391 676/420/392 678/421/393 65/422/394
f 678/421/393 676/420/392 679/423/395 66/424/396
f 679/423/395 676/420/392 669/402/376 68/405/379
f 669/402/376 676/420/392 677/419/391 8/407/381
f 681/425/397 680/426/398 682/427/399 63/428/400
f 682/427/399 680/426/398 678/421/393 66/424/396
f 678/421/393 680/426/398 683/429/401 65/422/394
f 683/429/401 680/426/398 681/425/397 7/430/402
f 1244/353/330 1334/417/389 1248/416/388 573/350/327
f 685/431/403 684/432/404 682/427/399 66/424/396
f 682/427/399 684/432/404 686/433/405 63/428/400
f 571/413/386 76/412/386 378/247/226 120/325/226
f 674/410/384 687/434/406 679/423/395 68/405/379
f 679/423/395 687/434/406 685/431/403 66/424/396
f 1278/24/24 1277/435/407 1304/436/408 1308/21/21
f 1307/418/390 1304/436/408 1277/435/407 1249/415/387
f 689/437/409 688/438/410 690/439/411 60/440/412
f 690/439/411 688/438/410 691/441/413 62/442/414
f 691/441/413 688/438/410 681/425/397 63/428/400
f 681/425/397 688/438/410 689/437/409 7/430/402
f 693/443/415 692/444/416 694/445/417 59/446/418
f 694/445/417 692/444/416 690/439/411 62/442/414
f 690/439/411 692/444/416 695/447/419 60/440/412
f 695/447/419 692/444/416 693/443/415 6/448/420
f 1249/415/387 1277/435/407 1078/449/421 815/450/422
f 697/451/423 696/452/424 694/445/417 62/442/414
f 694/445/417 696/452/424 698/453/425 59/446/418
f 465/454/426 1078/449/421 1277/435/407 1278/24/24
f 686/433/405 699/455/427 691/441/413 63/428/400
f 691/441/413 699/455/427 697/451/423 62/442/414
f 1306/155/151 1304/436/408 1307/418/390 194/156/150
f 961/394/368 744/393/367 383/194/70 299/456/70
f 701/457/428 700/458/429 702/459/430 56/460/431
f 702/459/430 700/458/429 703/461/432 57/462/433
f 703/461/432 700/458/429 693/443/415 59/446/418
f 693/443/415 700/458/429 701/457/428 6/448/420
f 705/463/434 704/464/435 706/465/436 54/466/437
f 706/465/436 704/464/435 702/459/430 57/462/433
f 702/459/430 704/464/435 707/467/438 56/460/431
f 707/467/438 704/464/435 705/463/434 5/468/439
f 383/194/70 744/393/367 460/71/69 281/72/70
f 709/469/440 708/470/441 706/465/436 57/462/433
f 706/465/436 708/470/441 710/471/442 54/466/437
f 1308/21/21 1304/436/408 1306/155/151 281/72/70
f 698/453/425 711/472/443 703/461/432 59/446/418
f 703/461/432 711/472/443 709/469/440 57/462/433
f 1312/51/49 747/48/46 958/473/444 283/474/445
f 958/473/444 747/48/46 746/47/45 176/395/369
f 713/475/446 712/476/447 714/477/448 51/478/449
f 714/477/448 712/476/447 715/479/450 53/480/451
f 715/479/450 712/476/447 705/463/434 54/466/437
f 705/463/434 712/476/447 713/475/446 5/468/439
f 576/230/213 716/481/452 717/482/453 50/191/179
f 717/482/453 716/481/452 714/477/448 53/480/451
f 714/477/448 716/481/452 718/483/454 51/478/449
f 718/483/454 716/481/452 576/230/213 4/231/214
f 1307/418/390 1334/417/389 1336/484/455 194/156/150
f 720/485/456 719/486/457 717/482/453 53/480/451
f 717/482/453 719/486/457 550/188/176 50/191/179
f 1336/484/455 1334/417/389 1244/353/330 279/391/365
f 710/471/442 721/487/458 715/479/450 54/466/437
f 715/479/450 721/487/458 720/485/456 53/480/451
f 889/488/26 262/26/26 252/25/25 295/489/25
f 1338/34/32 1337/23/23 453/22/22 499/33/31
f 723/490/459 722/491/460 724/492/461 331/493/44
f 724/492/461 722/491/460 725/494/462 146/495/463
f 725/494/462 722/491/460 723/490/459 265/496/50
f 727/497/464 726/498/465 728/499/466 340/500/467
f 728/499/466 726/498/465 729/501/468 306/237/220
f 729/501/468 726/498/465 727/497/464 267/502/153
f 731/503/469 730/504/470 732/505/471 300/506/472
f 732/505/471 730/504/470 733/180/172 229/170/163
f 733/180/172 730/504/470 734/507/473 244/181/173
f 734/507/473 730/504/470 731/503/469 282/508/474
f 736/509/475 735/510/476 737/511/477 284/512/478
f 737/511/477 735/510/476 738/513/479 307/514/480
f 738/513/479 735/510/476 739/515/481 162/516/482
f 739/515/481 735/510/476 736/509/475 266/517/102
f 741/518/483 740/519/484 563/520/485 1228/521/486
f 564/522/487 563/520/485 740/519/484 743/523/488
f 743/523/488 740/519/484 43/239/222 474/238/221
f 1303/85/83 43/239/222 740/519/484 741/518/483
f 474/238/221 481/262/241 745/524/489 743/523/488
f 743/523/488 745/524/489 438/525/490 564/522/487
f 1144/526/491 438/525/490 745/524/489 748/527/492
f 748/527/492 745/524/489 481/262/241 485/261/240
f 750/528/493 749/529/494 751/530/495 113/531/496
f 751/530/497 749/529/498 752/532/499 146/533/463
f 752/532/499 749/529/498 753/534/500 162/516/482
f 753/534/501 749/529/502 750/528/503 107/535/504
f 738/513/479 754/536/505 755/537/506 307/514/480
f 755/537/506 754/536/505 756/538/507 109/539/508
f 756/538/507 754/536/505 753/534/501 107/535/504
f 753/534/500 754/536/505 738/513/479 162/516/482
f 758/540/509 757/541/510 759/542/511 305/543/512
f 759/542/511 757/541/510 760/544/513 110/545/514
f 760/544/513 757/541/510 755/537/506 109/539/508
f 755/537/506 757/541/510 758/540/509 307/514/480
f 762/546/515 761/547/516 763/548/517 205/549/518
f 763/548/517 761/547/516 764/550/519 111/551/520
f 764/550/519 761/547/516 759/552/511 110/553/514
f 759/552/511 761/547/516 762/546/515 305/554/512
f 766/555/521 765/556/522 751/557/497 146/495/463
f 751/557/495 765/556/522 767/558/523 113/559/496
f 767/558/523 765/556/522 763/548/517 111/551/520
f 763/548/517 765/556/522 766/555/521 205/549/518
f 521/78/76 462/74/72 768/560/524 770/561/525
f 770/561/525 768/560/524 1134/562/526 964/563/527
f 882/564/528 1134/562/526 768/560/524 772/565/529
f 772/565/529 768/560/524 462/74/72 948/73/71
f 774/566/530 773/567/531 775/568/532 115/569/533
f 775/568/532 773/567/531 776/570/534 121/571/535
f 776/570/534 773/567/531 750/528/493 113/531/496
f 750/528/503 773/567/531 774/566/530 107/535/504
f 756/538/507 777/572/536 778/573/537 109/539/508
f 778/573/537 777/572/536 779/574/538 117/575/539
f 779/574/538 777/572/536 774/566/530 115/569/533
f 774/566/530 777/572/536 756/538/507 107/535/504
f 760/544/513 780/576/540 781/577/541 110/545/514
f 781/577/541 780/576/540 782/578/542 118/579/543
f 782/578/542 780/576/540 778/573/537 117/575/539
f 778/573/537 780/576/540 760/544/513 109/539/508
f 764/550/519 783/580/544 784/581/545 111/551/520
f 784/581/545 783/580/544 785/582/546 119/583/547
f 785/582/546 783/580/544 781/584/541 118/585/543
f 781/584/541 783/580/544 764/550/519 110/553/514
f 767/558/523 786/586/548 776/587/534 113/559/496
f 776/587/534 786/586/548 787/588/549 121/589/535
f 787/588/549 786/586/548 784/581/545 119/583/547
f 784/581/545 786/586/548 767/558/523 111/551/520
f 789/590/550 788/591/551 790/592/552 347/593/553
f 790/592/552 788/591/551 791/594/554 414/595/555
f 791/594/554 788/591/551 792/596/556 406/597/557
f 792/596/556 788/591/551 789/590/550 348/598/325
f 794/599/558 793/600/559 795/601/560 131/602/561
f 795/601/560 793/600/559 796/603/562 137/604/563
f 796/603/562 793/600/559 775/568/532 121/571/535
f 775/568/532 793/600/559 794/599/558 115/569/533
f 779/574/538 797/605/564 798/606/565 117/575/539
f 798/606/565 797/605/564 799/607/566 133/608/567
f 799/607/566 797/605/564 794/599/558 131/602/561
f 794/599/558 797/605/564 779/574/538 115/569/533
f 801/609/568 800/610/569 802/611/570 140/612/571
f 802/611/570 800/610/569 813/613/572 815/450/422
f 814/614/573 813/613/572 800/610/569 804/615/574
f 804/615/574 800/610/569 801/609/568 315/616/575
f 782/578/542 805/617/576 806/618/577 118/579/543
f 806/618/577 805/617/576 807/619/578 134/620/579
f 807/619/578 805/617/576 798/606/565 133/608/567
f 798/606/565 805/617/576 782/578/542 117/575/539
f 785/582/546 808/621/580 809/622/581 119/583/547
f 809/622/581 808/621/580 810/623/582 135/624/583
f 810/623/582 808/621/580 806/625/577 134/626/579
f 806/625/577 808/621/580 785/582/546 118/585/543
f 787/588/549 811/627/584 796/628/562 121/589/535
f 796/628/562 811/627/584 812/629/585 137/630/563
f 812/629/585 811/627/584 809/622/581 135/624/583
f 809/622/581 811/627/584 787/588/549 119/583/547
f 521/78/76 112/631/586 470/44/42 528/77/75
f 959/45/43 470/44/42 112/631/586 125/632/587
f 815/450/422 813/613/572 1248/416/388 1249/415/387
f 573/350/327 1248/416/388 813/613/572 814/614/573
f 866/633/588 978/634/589 817/635/590 819/636/591
f 819/636/591 817/635/590 909/637/592 881/638/593
f 910/639/594 909/637/592 817/635/590 821/640/595
f 821/640/595 817/635/590 978/634/589 981/641/596
f 823/642/597 822/643/598 824/644/599 102/645/600
f 824/644/599 822/643/598 825/646/601 101/647/602
f 825/646/601 822/643/598 801/648/568 140/649/571
f 801/648/568 822/643/598 823/642/597 315/650/575
f 827/651/263 829/652/263 144/653/264 419/654/264
f 248/655/264 217/656/298 838/657/298 144/653/264
f 829/652/263 827/651/263 294/658/25 295/489/25
f 252/25/25 250/659/263 829/652/263 295/489/25
f 323/660/603 835/661/604 833/662/605 219/663/606
f 833/662/605 835/661/604 407/664/607 215/665/608
f 1326/246/225 1316/243/225 21/666/206 290/366/206
f 21/666/206 1316/243/225 1320/242/225 272/667/206
f 292/668/182 839/669/298 838/657/298 293/670/182
f 838/657/298 839/669/298 419/654/264 144/653/264
f 829/652/263 250/659/263 248/655/264 144/653/264
f 264/371/346 262/26/26 889/488/26 156/671/346
f 804/615/574 840/672/609 1239/673/610 814/614/573
f 1154/674/611 1239/673/610 840/672/609 842/675/612
f 842/675/612 840/672/609 843/676/613 124/677/614
f 843/676/613 840/672/609 804/615/574 315/616/575
f 845/678/615 844/679/616 846/680/617 339/681/618
f 846/680/617 844/679/616 847/682/619 244/683/173
f 847/682/619 844/679/616 728/499/466 306/237/220
f 728/499/466 844/679/616 845/678/615 340/500/467
f 849/684/620 848/685/621 850/686/622 223/687/623
f 850/686/622 848/685/621 851/688/624 98/689/625
f 851/688/624 848/685/621 852/690/626 106/691/627
f 852/690/626 848/685/621 849/684/620 353/692/628
f 772/565/529 853/693/629 879/694/630 882/564/528
f 881/638/593 879/694/630 853/693/629 819/636/591
f 819/636/591 853/693/629 863/695/631 866/633/588
f 948/73/71 863/695/631 853/693/629 772/565/529
f 857/696/632 856/697/633 858/698/634 147/699/635
f 858/698/634 856/697/633 859/700/636 153/701/637
f 859/700/636 856/697/633 795/601/560 137/604/563
f 795/601/560 856/697/633 857/696/632 131/602/561
f 799/607/566 860/702/638 861/703/639 133/608/567
f 861/703/639 860/702/638 862/704/640 149/705/641
f 862/704/640 860/702/638 857/696/642 147/699/643
f 857/696/642 860/702/638 799/607/566 131/602/561
f 864/706/644 865/707/645 215/665/608 407/664/607
f 430/196/183 24/708/386 76/412/386 288/197/183
f 865/707/645 864/706/644 322/709/646 211/710/647
f 76/412/386 24/708/386 1319/244/226 378/247/226
f 807/619/578 867/711/648 868/712/649 134/620/579
f 868/712/649 867/711/648 869/713/650 150/714/651
f 869/713/650 867/711/648 861/703/639 149/705/641
f 861/703/639 867/711/648 807/619/578 133/608/567
f 810/623/582 870/715/652 871/716/653 135/624/583
f 871/716/653 870/715/652 872/717/654 151/718/655
f 872/717/654 870/715/652 868/719/649 150/720/651
f 868/719/649 870/715/652 810/623/582 134/626/579
f 812/629/585 873/721/656 859/722/657 137/630/563
f 859/722/657 873/721/656 874/723/658 153/724/659
f 874/723/658 873/721/656 871/716/653 151/718/655
f 871/716/653 873/721/656 812/629/585 135/624/583
f 876/725/660 875/726/661 877/727/662 105/728/663
f 877/727/662 875/726/661 850/686/622 98/689/625
f 850/686/622 875/726/661 878/729/664 223/687/623
f 878/729/664 875/726/661 876/725/660 352/730/665
f 880/731/666 879/694/630 881/638/593 359/732/667
f 326/733/668 570/734/669 1132/735/670 241/736/671
f 1132/735/670 570/734/669 432/737/672 239/738/673
f 882/564/528 879/694/630 880/731/666 309/739/674
f 884/740/348 886/741/348 156/671/346 408/742/346
f 333/743/365 332/744/348 886/741/348 297/745/365
f 886/741/348 884/740/348 296/746/365 297/745/365
f 886/741/348 332/744/348 264/371/346 156/671/346
f 294/658/25 890/747/26 889/488/26 295/489/25
f 889/488/26 890/747/26 408/742/346 156/671/346
f 126/748/147 136/749/146 1332/149/146 208/150/147
f 1332/149/146 136/749/146 141/750/182 275/195/182
f 892/751/675 891/752/676 865/753/645 211/754/647
f 865/753/645 891/752/676 893/755/677 215/756/608
f 893/755/677 891/752/676 849/684/620 223/687/623
f 849/684/620 891/752/676 892/751/675 353/692/628
f 895/757/678 894/758/679 896/759/680 238/760/681
f 896/759/680 894/758/679 824/644/599 101/647/602
f 824/644/599 894/758/679 897/761/682 102/645/600
f 897/761/682 894/758/679 895/757/678 351/762/683
f 899/277/256 898/763/684 900/764/685 99/278/257
f 900/764/685 898/763/684 896/759/680 101/647/602
f 896/759/680 898/763/684 901/765/686 238/760/681
f 901/765/686 898/763/684 899/277/256 350/282/261
f 903/766/151 905/767/151 168/768/150 392/769/150
f 154/770/687 152/771/688 155/772/689 396/62/60
f 905/767/151 903/766/151 298/773/70 299/456/70
f 155/772/689 152/771/688 463/774/690 122/775/691
f 878/729/664 907/776/692 893/755/677 223/687/623
f 893/755/677 907/776/692 833/777/605 215/756/608
f 833/777/605 907/776/692 908/778/693 219/779/606
f 908/778/693 907/776/692 878/729/664 352/730/665
f 1319/244/226 24/708/386 1314/780/386 385/245/226
f 1314/780/386 24/708/386 430/196/183 270/198/183
f 881/638/593 909/637/592 911/781/694 359/732/667
f 911/781/694 909/637/592 910/639/594 310/782/279
f 913/783/695 912/784/696 914/785/697 163/786/698
f 914/785/697 912/784/696 915/787/699 169/788/700
f 915/787/699 912/784/696 858/698/634 153/701/637
f 858/698/634 912/784/696 913/783/695 147/699/635
f 862/704/640 916/789/701 917/790/702 149/705/641
f 917/790/702 916/789/701 918/791/703 165/792/704
f 918/791/703 916/789/701 913/783/705 163/786/706
f 913/783/705 916/789/701 862/704/640 147/699/643
f 920/793/707 919/794/708 921/795/709 415/796/710
f 921/795/709 919/794/708 922/797/711 172/798/712
f 922/797/711 919/794/708 880/799/666 359/800/667
f 880/799/666 919/794/708 920/793/707 309/801/674
f 869/713/650 923/802/713 924/803/714 150/714/651
f 924/803/714 923/802/713 925/804/715 166/805/716
f 925/804/715 923/802/713 917/790/702 165/792/704
f 917/790/702 923/802/713 869/713/650 149/705/641
f 872/717/654 926/806/717 927/807/718 151/718/655
f 927/807/718 926/806/717 928/808/719 167/809/720
f 928/808/719 926/806/717 924/810/714 166/811/716
f 924/810/714 926/806/717 872/717/654 150/720/651
f 874/723/658 929/812/721 915/813/722 153/724/659
f 915/813/722 929/812/721 930/814/723 169/815/724
f 930/814/723 929/812/721 927/807/718 167/809/720
f 927/807/718 929/812/721 874/723/658 151/718/655
f 932/816/725 931/817/726 933/818/727 184/212/195
f 933/818/727 931/817/726 921/795/709 172/798/712
f 921/795/709 931/817/726 934/819/728 415/796/710
f 934/819/728 931/817/726 932/816/725 346/820/729
f 1157/821/730 1165/822/731 935/823/732 937/824/733
f 937/824/733 935/823/732 1022/825/734 995/826/735
f 1023/827/736 1022/825/734 935/823/732 939/828/737
f 939/828/737 935/823/732 1165/822/731 1168/829/738
f 296/746/365 942/830/455 941/831/455 297/745/365
f 941/831/455 942/830/455 392/769/150 168/768/150
f 463/774/690 152/771/688 1102/832/739 390/833/740
f 1102/832/739 152/771/688 154/770/687 311/834/741
f 944/835/742 943/836/743 752/532/499 162/516/482
f 752/532/499 943/836/743 724/837/461 146/533/463
f 724/837/461 943/836/743 945/838/41 331/839/44
f 945/838/41 943/836/743 944/835/742 330/840/88
f 322/709/646 949/841/744 947/842/745 211/710/647
f 947/842/745 949/841/744 398/843/746 207/844/747
f 491/845/146 148/846/146 132/847/147 361/848/147
f 264/371/346 332/744/348 1231/374/348 220/372/346
f 951/849/138 950/850/748 952/851/749 160/852/139
f 952/851/749 950/850/748 461/853/750 1327/854/751
f 465/454/426 461/853/750 950/850/748 954/855/752
f 954/855/752 950/850/748 951/849/138 316/856/141
f 956/857/753 958/473/444 176/395/369 381/858/754
f 965/859/755 170/860/756 357/861/757 336/862/758
f 958/473/444 956/857/753 300/863/472 283/474/445
f 564/522/487 438/525/490 442/864/759 355/865/760
f 298/773/70 962/866/761 961/394/368 299/456/70
f 961/394/368 962/866/761 381/858/754 176/395/369
f 170/860/756 965/859/755 326/733/668 241/736/671
f 442/864/759 438/525/490 1144/526/491 314/867/762
f 964/563/527 963/868/763 990/869/764 770/561/525
f 992/870/765 990/869/764 963/868/763 966/871/766
f 966/871/766 963/868/763 967/872/767 335/873/768
f 967/872/767 963/868/763 964/563/527 334/874/769
f 821/640/595 968/875/770 993/876/771 910/639/594
f 995/826/735 993/876/771 968/875/770 937/824/733
f 937/824/733 968/875/770 1156/877/772 1157/821/730
f 981/641/596 1156/877/772 968/875/770 821/640/595
f 972/878/773 971/879/774 973/880/775 179/881/776
f 973/880/775 971/879/774 974/882/777 185/883/778
f 974/882/777 971/879/774 914/785/697 169/788/700
f 914/785/697 971/879/774 972/878/773 163/786/698
f 918/791/703 975/884/779 976/885/780 165/792/704
f 976/885/780 975/884/779 977/886/781 181/887/782
f 977/886/781 975/884/779 972/878/783 179/881/784
f 972/878/783 975/884/779 918/791/703 163/786/706
f 979/888/785 980/889/786 207/844/747 398/843/746
f 413/890/166 535/891/787 1206/892/788 328/893/167
f 980/889/786 979/888/785 321/894/789 203/895/790
f 1206/892/788 535/891/787 1291/224/207 329/227/210
f 925/804/715 982/896/791 983/897/792 166/805/716
f 983/897/792 982/896/791 984/898/793 182/899/794
f 984/898/793 982/896/791 976/885/780 181/887/782
f 976/885/780 982/896/791 925/804/715 165/792/704
f 928/808/719 985/900/795 986/901/796 167/809/720
f 986/901/796 985/900/795 987/902/797 183/903/798
f 987/902/797 985/900/795 983/904/792 182/905/794
f 983/904/792 985/900/795 928/808/719 166/811/716
f 930/814/723 988/906/799 974/907/800 169/815/724
f 974/907/800 988/906/799 989/908/801 185/909/802
f 989/908/801 988/906/799 986/901/796 183/903/798
f 986/901/796 988/906/799 930/814/723 167/809/720
f 125/632/587 112/869/586 990/869/764 992/870/765
f 577/910/803 1017/911/804 239/738/673 432/737/672
f 1291/224/207 535/891/787 847/682/619 306/237/220
f 770/561/525 990/869/764 112/912/586 521/78/76
f 994/913/265 993/876/771 995/826/735 410/914/266
f 1017/911/804 577/910/803 325/7/7 308/915/805
f 847/682/619 535/891/787 413/890/166 244/683/173
f 910/639/594 993/876/771 994/913/265 310/782/279
f 843/916/613 996/917/806 997/918/807 124/919/614
f 997/918/807 996/917/806 998/920/808 104/921/809
f 998/920/808 996/917/806 823/642/597 102/645/600
f 823/642/597 996/917/806 843/916/613 315/650/575
f 1000/922/810 999/923/811 1001/924/812 105/728/663
f 1001/924/812 999/923/811 997/918/807 104/921/809
f 997/918/807 999/923/811 1002/925/813 124/919/614
f 1002/925/813 999/923/811 1000/922/810 314/926/762
f 1004/927/814 1003/928/815 980/929/786 203/930/790
f 980/929/786 1003/928/815 1005/931/816 207/932/747
f 1005/931/816 1003/928/815 1006/933/817 213/934/818
f 1006/933/817 1003/928/815 1004/927/814 343/935/819
f 1008/936/113 1010/937/820 338/938/821 327/939/114
f 519/319/298 217/656/298 248/655/264 214/285/264
f 1010/937/820 1008/936/113 285/148/115 284/940/478
f 838/657/298 217/656/298 141/750/182 293/670/182
f 300/863/472 1014/941/822 1013/942/823 283/474/445
f 1013/942/823 1014/941/822 327/943/114 338/944/821
f 141/750/182 217/656/298 519/319/298 275/195/182
f 248/655/264 250/659/263 450/284/263 214/285/264
f 1016/945/824 1015/946/825 1017/947/804 308/948/805
f 1017/947/804 1015/946/825 1018/949/826 239/950/673
f 1018/949/826 1015/946/825 1019/232/215 242/235/218
f 1019/232/215 1015/946/825 1016/945/824 350/282/261
f 1021/951/827 1020/952/828 1005/931/816 213/934/818
f 1005/931/816 1020/952/828 947/953/745 207/932/747
f 947/953/745 1020/952/828 892/751/675 211/754/647
f 892/751/675 1020/952/828 1021/951/827 353/692/628
f 911/954/694 841/955/829 922/797/711 359/800/667
f 922/797/711 841/955/829 854/956/830 172/798/712
f 995/826/735 1022/825/734 1024/957/831 410/914/266
f 1024/957/831 1022/825/734 1023/827/736 311/958/741
f 1026/959/832 1025/960/833 1027/961/834 187/962/835
f 1027/961/834 1025/960/833 1028/963/836 193/964/837
f 1028/963/836 1025/960/833 973/880/775 185/883/778
f 973/880/775 1025/960/833 1026/959/832 179/881/776
f 977/886/781 1029/965/838 1030/966/839 181/887/782
f 1030/966/839 1029/965/838 1031/967/840 189/968/841
f 1031/967/840 1029/965/838 1026/959/842 187/962/843
f 1026/959/842 1029/965/838 977/886/781 179/881/784
f 321/894/789 1035/969/844 1033/970/845 203/895/790
f 1033/970/845 1035/969/844 389/971/846 202/972/847
f 25/973/146 548/974/146 483/975/147 394/976/147
f 483/975/147 548/974/146 491/845/146 361/848/147
f 984/898/793 1036/977/848 1037/978/849 182/899/794
f 1037/978/849 1036/977/848 1038/979/850 190/980/851
f 1038/979/850 1036/977/848 1030/966/839 189/968/841
f 1030/966/839 1036/977/848 984/898/793 181/887/782
f 987/902/797 1039/981/852 1040/982/853 183/903/798
f 1040/982/853 1039/981/852 1041/983/854 191/984/855
f 1041/983/854 1039/981/852 1037/985/849 190/986/851
f 1037/985/849 1039/981/852 987/902/797 182/905/794
f 989/908/801 1042/987/856 1028/988/857 185/909/802
f 1028/988/857 1042/987/856 1043/989/858 193/990/859
f 1043/989/858 1042/987/856 1040/982/853 191/984/855
f 1040/982/853 1042/987/856 989/908/801 183/903/798
f 1045/991/860 1046/992/861 202/972/847 389/971/846
f 491/845/146 548/974/146 543/993/182 292/668/182
f 1046/992/861 1045/991/860 320/994/862 196/995/863
f 543/993/182 548/974/146 25/973/146 274/996/182
f 1269/997/864 960/998/865 1048/999/866 1050/1000/867
f 1050/1000/867 1048/999/866 1127/1001/868 1103/1002/869
f 1128/1003/870 1127/1001/868 1048/999/866 1052/1004/871
f 1052/1004/871 1048/999/866 960/998/865 1007/20/20
f 1054/1005/872 1053/1006/873 1055/1007/874 174/1008/875
f 1055/1007/874 1053/1006/873 1056/1009/876 175/1010/877
f 1056/1009/876 1053/1006/873 1027/961/834 193/964/837
f 1027/961/834 1053/1006/873 1054/1005/872 187/962/835
f 1031/967/840 1057/1011/878 1058/1012/879 189/968/841
f 1058/1012/879 1057/1011/878 1059/1013/880 195/1014/881
f 1059/1013/880 1057/1011/878 1054/1005/882 174/1008/875
f 1054/1005/882 1057/1011/878 1031/967/840 187/962/843
f 1061/1015/883 1060/1016/884 1046/1017/861 196/1018/863
f 1046/1017/861 1060/1016/884 1062/1019/885 202/1020/847
f 1062/1019/885 1060/1016/884 1063/1021/886 204/1022/887
f 1063/1021/886 1060/1016/884 1061/1015/883 344/89/87
f 1038/979/850 1064/1023/888 1065/1024/889 190/980/851
f 1065/1024/889 1064/1023/888 1066/1025/890 197/1026/891
f 1066/1025/890 1064/1023/888 1058/1012/879 195/1014/881
f 1058/1012/879 1064/1023/888 1038/979/850 189/968/841
f 1041/983/854 1067/1027/892 1068/1028/893 191/984/855
f 1068/1028/893 1067/1027/892 1069/1029/894 198/1030/895
f 1069/1029/894 1067/1027/892 1065/1031/889 197/1032/891
f 1065/1031/889 1067/1027/892 1041/983/854 190/986/851
f 1043/989/858 1070/1033/896 1056/1034/897 193/990/859
f 1056/1034/897 1070/1033/896 1071/1035/898 175/1036/877
f 1071/1035/898 1070/1033/896 1068/1028/893 198/1030/895
f 1068/1028/893 1070/1033/896 1043/989/858 191/984/855
f 1073/1037/899 1072/1038/900 1074/1039/901 372/1040/902
f 1074/1039/901 1072/1038/900 1075/1041/903 114/1042/904
f 1075/1041/903 1072/1038/900 1076/1043/905 106/691/627
f 1076/1043/905 1072/1038/900 1073/1037/899 313/1044/906
f 939/828/737 1077/1045/907 1101/1046/908 1023/827/736
f 1103/1002/869 1101/1046/908 1077/1045/907 1050/1000/867
f 1050/1000/867 1077/1045/907 1267/1047/909 1269/997/864
f 1168/829/738 1267/1047/909 1077/1045/907 939/828/737
f 1081/1048/910 1080/1049/911 1082/1050/912 173/1051/913
f 1082/1050/912 1080/1049/911 1083/1052/914 201/1053/915
f 1083/1052/914 1080/1049/911 1055/1007/874 175/1010/877
f 1055/1007/874 1080/1049/911 1081/1048/910 174/1008/875
f 1085/1054/916 1084/1055/917 1086/1056/918 171/1057/919
f 1086/1056/918 1084/1055/917 1081/1048/910 173/1051/913
f 1081/1048/910 1084/1055/917 1059/1013/880 174/1008/875
f 1059/1013/880 1084/1055/917 1085/1054/916 195/1014/881
f 1088/1058/920 1087/1059/921 1062/1019/885 204/1022/887
f 1062/1019/885 1087/1059/921 1033/1060/845 202/1020/847
f 1033/1060/845 1087/1059/921 1004/927/814 203/930/790
f 1004/927/814 1087/1059/921 1088/1058/920 343/935/819
f 1090/1061/922 1089/1062/923 1091/1063/924 177/1064/925
f 1091/1063/924 1089/1062/923 1085/1054/916 171/1057/919
f 1085/1054/916 1089/1062/923 1066/1025/890 195/1014/881
f 1066/1025/890 1089/1062/923 1090/1061/922 197/1026/891
f 1093/1065/926 1092/1066/927 1094/1067/928 199/1068/929
f 1094/1067/928 1092/1066/927 1090/1069/922 177/1070/925
f 1090/1069/922 1092/1066/927 1069/1029/894 197/1032/891
f 1069/1029/894 1092/1066/927 1093/1065/926 198/1030/895
f 1083/1071/914 1095/1072/930 1096/1073/931 201/1074/915
f 1096/1073/931 1095/1072/930 1093/1065/926 199/1068/929
f 1093/1065/926 1095/1072/930 1071/1035/898 198/1030/895
f 1071/1035/898 1095/1072/930 1083/1071/914 175/1036/877
f 1098/1075/932 1097/1076/933 1099/1077/934 130/1078/935
f 1099/1077/934 1097/1076/933 1074/1039/901 114/1042/904
f 1074/1039/901 1097/1076/933 1100/1079/936 372/1040/902
f 1100/1079/936 1097/1076/933 1098/1075/932 312/1080/937
f 1102/1081/739 1101/1046/908 1103/1002/869 390/1082/740
f 854/956/830 841/955/829 401/201/185 164/204/188
f 401/201/185 841/955/829 911/954/694 310/300/279
f 1023/827/736 1101/1046/908 1102/1081/739 311/958/741
f 1105/1083/938 1104/1084/939 1106/1085/940 222/1086/941
f 1106/1085/940 1104/1084/939 1107/1087/942 228/1088/943
f 1107/1087/942 1104/1084/939 1082/1050/912 201/1053/915
f 1082/1050/912 1104/1084/939 1105/1083/938 173/1051/913
f 1086/1056/918 1108/1089/944 1109/1090/945 171/1057/919
f 1109/1090/945 1108/1089/944 1110/1091/946 224/1092/947
f 1110/1091/946 1108/1089/944 1105/1083/938 222/1086/941
f 1105/1083/938 1108/1089/944 1086/1056/918 173/1051/913
f 320/994/862 1114/1093/948 1112/1094/949 196/995/863
f 1112/1094/949 1114/1093/948 380/1095/950 192/1096/951
f 21/666/206 547/1097/202 161/1098/202 290/366/206
f 161/1098/202 547/1097/202 483/975/147 361/848/147
f 1091/1063/924 1115/1099/952 1116/1100/953 177/1064/925
f 1116/1100/953 1115/1099/952 1117/1101/954 225/1102/955
f 1117/1101/954 1115/1099/952 1109/1090/945 224/1092/947
f 1109/1090/945 1115/1099/952 1091/1063/924 171/1057/919
f 1094/1067/928 1118/1103/956 1119/1104/957 199/1068/929
f 1119/1104/957 1118/1103/956 1120/1105/958 226/1106/959
f 1120/1105/958 1118/1103/956 1116/1107/953 225/1108/955
f 1116/1107/953 1118/1103/956 1094/1067/928 177/1070/925
f 1096/1073/931 1121/1109/960 1107/1110/942 201/1074/915
f 1107/1110/942 1121/1109/960 1122/1111/961 228/1112/943
f 1122/1111/961 1121/1109/960 1119/1104/957 226/1106/959
f 1119/1104/957 1121/1109/960 1096/1073/931 199/1068/929
f 1124/1113/962 1125/1114/963 192/1096/951 380/1095/950
f 483/975/147 547/1097/202 19/1115/202 394/976/147
f 1125/1114/963 1124/1113/962 319/1116/964 180/1117/204
f 19/1115/202 547/1097/202 21/666/206 272/667/206
f 742/375/349 855/1118/965 854/956/830 164/204/188
f 854/956/830 855/1118/965 933/818/727 172/798/712
f 1103/1002/869 1127/1001/868 1129/1119/966 390/1082/740
f 1129/1119/966 1127/1001/868 1128/1003/870 312/1120/937
f 1131/1121/967 1130/1122/968 1018/949/826 242/235/218
f 1018/949/826 1130/1122/968 1132/1123/670 239/950/673
f 1132/1123/670 1130/1122/968 1133/1124/969 241/1125/671
f 1133/1124/969 1130/1122/968 1131/1121/967 349/1126/970
f 1135/1127/971 1134/562/526 882/564/528 309/739/674
f 933/818/727 855/1118/965 1260/209/192 184/212/195
f 1260/209/192 855/1118/965 742/375/349 345/222/205
f 964/563/527 1134/562/526 1135/1127/971 334/874/769
f 1135/1128/971 1136/1129/972 1137/1130/973 334/1131/769
f 1137/1130/973 1136/1129/972 1138/1132/974 414/595/555
f 1138/1132/974 1136/1129/972 920/793/707 415/796/710
f 920/793/707 1136/1129/972 1135/1128/971 309/801/674
f 1140/1133/975 1139/1134/976 1141/1135/977 235/1136/978
f 1141/1135/977 1139/1134/976 1001/924/812 104/921/809
f 1001/924/812 1139/1134/976 876/725/660 105/728/663
f 876/725/660 1139/1134/976 1140/1133/975 352/730/665
f 1002/1137/813 1142/1138/979 842/675/612 124/677/614
f 842/675/612 1142/1138/979 1153/1139/980 1154/674/611
f 748/527/492 1153/1139/980 1142/1138/979 1144/526/491
f 1144/526/491 1142/1138/979 1002/1137/813 314/867/762
f 897/761/682 1145/1140/981 998/920/808 102/645/600
f 998/920/808 1145/1140/981 1141/1135/977 104/921/809
f 1141/1135/977 1145/1140/981 1146/1141/982 235/1136/978
f 1146/1141/982 1145/1140/981 897/761/682 351/762/683
f 1148/1142/983 1147/1143/984 934/819/728 346/820/729
f 934/819/728 1147/1143/984 1138/1132/974 415/796/710
f 1138/1132/974 1147/1143/984 790/592/552 414/595/555
f 790/592/552 1147/1143/984 1148/1142/983 347/593/553
f 1300/97/95 1302/86/84 1149/1144/985 1151/1145/986
f 1151/1145/986 1149/1144/985 1227/1146/987 1203/1147/988
f 1228/521/486 1227/1146/987 1149/1144/985 741/518/483
f 741/518/483 1149/1144/985 1302/86/84 1303/85/83
f 384/130/130 221/1148/989 362/1149/990 397/131/131
f 450/284/263 250/659/263 252/25/25 277/28/25
f 1154/674/611 1153/1139/980 520/327/304 565/326/303
f 485/261/240 520/327/304 1153/1139/980 748/527/492
f 325/7/7 1160/1150/991 1158/1151/992 308/915/805
f 1158/1151/992 1160/1150/991 425/10/10 302/1152/993
f 148/846/146 491/845/146 292/668/182 293/670/182
f 1231/374/348 332/744/348 333/743/365 279/391/365
f 1162/220/203 1161/1153/994 1125/1154/963 180/221/204
f 1125/1154/963 1161/1153/994 1163/1155/995 192/1156/951
f 1163/1155/995 1161/1153/994 1164/305/284 200/66/64
f 1164/305/284 1161/1153/994 1162/220/203 345/222/205
f 1166/9/9 1167/1157/996 302/1152/993 425/10/10
f 952/851/749 826/1158/997 830/1159/998 160/852/139
f 1167/1157/996 1166/9/9 324/8/8 231/1160/999
f 830/1159/998 826/1158/997 828/1161/1000 317/1162/1001
f 852/690/626 1169/1163/1002 1075/1041/903 106/691/627
f 1075/1041/903 1169/1163/1002 1170/1164/1003 114/1042/904
f 1170/1164/1003 1169/1163/1002 1021/951/827 213/934/818
f 1021/951/827 1169/1163/1002 852/690/626 353/692/628
f 1172/1165/1004 1171/1166/1005 1167/1167/996 231/1168/999
f 1167/1167/996 1171/1166/1005 1173/1169/1006 302/1170/993
f 1173/1169/1006 1171/1166/1005 895/757/678 238/760/681
f 895/757/678 1171/1166/1005 1172/1165/1004 351/762/683
f 337/1171/1007 1178/1172/1008 1176/1173/1009 100/1174/1010
f 1176/1173/1009 1178/1172/1008 336/862/758 357/861/757
f 440/1175/263 836/1176/263 837/1177/264 403/1178/264
f 837/1177/264 836/1176/263 827/651/263 419/654/264
f 1052/1004/871 1179/1179/1011 1202/1180/1012 1128/1003/870
f 1203/1147/988 1202/1180/1012 1179/1179/1011 1151/1145/986
f 1151/1145/986 1179/1179/1011 1274/19/19 1300/97/95
f 1007/20/20 1274/19/19 1179/1179/1011 1052/1004/871
f 1183/1181/1013 1182/1182/1014 1184/1183/1015 230/1184/1016
f 1184/1183/1015 1182/1182/1014 1185/1185/1017 236/1186/1018
f 1185/1185/1017 1182/1182/1014 1106/1085/940 228/1088/943
f 1106/1085/940 1182/1182/1014 1183/1181/1013 222/1086/941
f 1110/1091/946 1186/1187/1019 1187/1188/1020 224/1092/947
f 1187/1188/1020 1186/1187/1019 1188/1189/1021 232/1190/1022
f 1188/1189/1021 1186/1187/1019 1183/1181/1013 230/1184/1016
f 1183/1181/1013 1186/1187/1019 1110/1091/946 222/1086/941
f 1190/65/63 1189/1191/1023 1163/1155/995 200/66/64
f 1163/1155/995 1189/1191/1023 1112/1192/949 192/1156/951
f 1112/1192/949 1189/1191/1023 1061/1015/883 196/1018/863
f 1061/1015/883 1189/1191/1023 1190/65/63 344/89/87
f 1117/1101/954 1191/1193/1024 1192/1194/1025 225/1102/955
f 1192/1194/1025 1191/1193/1024 1193/1195/1026 233/1196/1027
f 1193/1195/1026 1191/1193/1024 1187/1188/1020 232/1190/1022
f 1187/1188/1020 1191/1193/1024 1117/1101/954 224/1092/947
f 1120/1105/958 1194/1197/1028 1195/1198/1029 226/1106/959
f 1195/1198/1029 1194/1197/1028 1196/1199/1030 234/1200/1031
f 1196/1199/1030 1194/1197/1028 1192/1201/1025 233/1202/1027
f 1192/1201/1025 1194/1197/1028 1120/1105/958 225/1108/955
f 1122/1111/961 1197/1203/1032 1185/1204/1017 228/1112/943
f 1185/1204/1017 1197/1203/1032 1198/1205/1033 236/1206/1018
f 1198/1205/1033 1197/1203/1032 1195/1198/1029 234/1200/1031
f 1195/1198/1029 1197/1203/1032 1122/1111/961 226/1106/959
f 789/590/550 1199/1207/1034 1200/1208/322 348/598/325
f 1200/1208/322 1199/1207/1034 1176/1209/1009 357/1210/757
f 1176/1209/1009 1199/1207/1034 1201/1211/1035 100/1212/1010
f 1201/1211/1035 1199/1207/1034 789/590/550 347/593/553
f 1100/1213/936 1202/1180/1012 1203/1147/988 372/1214/902
f 221/1148/989 384/130/130 286/143/142 287/1215/142
f 1063/1021/886 254/1216/1036 256/1217/1037 204/1022/887
f 1128/1003/870 1202/1180/1012 1100/1213/936 312/1120/937
f 1205/1218/1038 1204/1219/1039 1206/892/788 329/227/210
f 1206/892/788 1204/1219/1039 1207/1220/1040 328/893/167
f 1207/1220/1040 1204/1219/1039 1184/1183/1015 236/1186/1018
f 1184/1183/1015 1204/1219/1039 1205/1218/1038 230/1184/1016
f 1188/1189/1021 1208/1221/1041 1209/1222/1042 232/1190/1022
f 1209/1222/1042 1208/1221/1041 1210/226/209 103/119/119
f 1210/226/209 1208/1221/1041 1205/1218/1038 329/227/210
f 1205/1218/1038 1208/1221/1041 1188/1189/1021 230/1184/1016
f 319/1116/964 1214/1223/1043 1212/1224/196 180/1117/204
f 1212/1224/196 1214/1223/1043 371/1225/1044 178/1226/197
f 827/651/263 836/1176/263 883/1227/25 294/658/25
f 883/1227/25 836/1176/263 440/1175/263 276/1228/25
f 1193/1195/1026 1215/1229/1045 1216/1230/1046 233/1196/1027
f 1216/1230/1046 1215/1229/1045 1217/118/118 237/121/121
f 1217/118/118 1215/1229/1045 1209/1222/1042 103/119/119
f 1209/1222/1042 1215/1229/1045 1193/1195/1026 232/1190/1022
f 1196/1199/1030 1218/1231/1047 1219/1232/1048 234/1200/1031
f 1219/1232/1048 1218/1231/1047 1220/161/155 304/164/157
f 1220/161/155 1218/1231/1047 1216/1233/1046 237/162/121
f 1216/1233/1046 1218/1231/1047 1196/1199/1030 233/1202/1027
f 1198/1205/1033 1221/1234/1049 1207/1235/1040 236/1206/1018
f 1207/1235/1040 1221/1234/1049 1222/173/165 328/175/167
f 1222/173/165 1221/1234/1049 1219/1232/1048 304/164/157
f 1219/1232/1048 1221/1234/1049 1198/1205/1033 234/1200/1031
f 1224/1236/1050 1225/1237/1051 178/1226/197 371/1225/1044
f 543/993/182 885/1238/298 839/669/298 292/668/182
f 1225/1237/1051 1224/1236/1050 318/1239/1052 188/1240/1053
f 839/669/298 885/1238/298 837/1177/264 419/654/264
f 285/148/115 395/147/145 212/1241/1054 284/940/478
f 212/1241/1054 395/147/145 397/131/131 362/1149/990
f 1203/1147/988 1227/1146/987 1073/1242/899 372/1214/902
f 1073/1242/899 1227/1146/987 1228/521/486 313/1243/906
f 739/515/481 1237/1244/1055 944/835/742 162/516/482
f 944/835/742 1237/1244/1055 1238/1245/89 330/840/88
f 1238/1245/89 1237/1244/1055 739/515/481 266/517/102
f 565/326/303 572/351/328 1239/673/610 1154/674/611
f 256/1217/1037 254/1216/1036 155/772/689 122/775/691
f 155/772/689 254/1216/1036 258/59/57 396/62/60
f 814/614/573 1239/673/610 572/351/328 573/350/327
f 901/765/686 1241/1246/1056 1173/1169/1006 238/760/681
f 1173/1169/1006 1241/1246/1056 1158/1247/992 302/1170/993
f 1158/1247/992 1241/1246/1056 1016/945/824 308/948/805
f 1016/945/824 1241/1246/1056 901/765/686 350/282/261
f 967/1248/767 1242/1249/1057 1243/1250/1058 335/1251/768
f 1243/1250/1058 1242/1249/1057 791/594/554 406/597/557
f 791/594/554 1242/1249/1057 1137/1130/973 414/595/555
f 1137/1130/973 1242/1249/1057 967/1248/767 334/1131/769
f 1012/1252/70 1181/1253/1059 962/866/761 298/773/70
f 962/866/761 1181/1253/1059 1180/1254/1060 381/858/754
f 1180/1254/1060 1181/1253/1059 537/1255/1061 429/1256/1062
f 537/1255/1061 1181/1253/1059 1012/1252/70 280/1257/70
f 734/507/473 1251/1258/1063 846/1259/617 244/181/173
f 846/1259/617 1251/1258/1063 1252/1260/1064 339/1261/618
f 1252/1260/1064 1251/1258/1063 734/507/473 282/508/474
f 1254/157/152 1253/1262/1065 1255/1263/1066 367/129/129
f 1255/1263/1066 1253/1262/1065 1265/1264/1067 1263/1265/1068
f 1266/1266/1069 1265/1264/1067 1253/1262/1065 1257/1267/1070
f 1257/1267/1070 1253/1262/1065 1254/157/152 267/158/153
f 1259/1268/1071 1258/1269/1072 1262/1270/1073 1264/1271/1074
f 1263/1265/1068 1262/1270/1073 1258/1269/1072 1255/1263/1066
f 1255/1263/1066 1258/1269/1072 1261/126/126 367/129/129
f 1261/126/126 1258/1269/1072 1259/1268/1071 268/144/142
f 1250/1272/1075 1262/1270/1076 1263/1265/1077 363/1273/4
f 1266/1266/1078 771/93/91 127/92/90 247/1274/6
f 1226/1275/184 1328/1276/184 946/1277/175 143/1278/175
f 1264/1271/1079 1262/1270/1076 1250/1272/1075 249/1279/1080
f 946/1277/175 1328/1276/184 1032/1280/184 108/1281/175
f 1032/1280/184 1328/1276/184 218/1282/142 287/1215/142
f 1263/1265/1077 1265/1264/1081 1245/1283/5 363/1273/4
f 1245/1283/5 1265/1264/1081 1266/1266/1078 247/1274/6
f 1268/1284/1082 1270/1285/1083 227/1286/1084 416/1287/1085
f 837/1177/264 885/1238/298 70/1288/298 403/1178/264
f 1270/1285/1083 1268/1284/1082 323/660/603 219/663/606
f 70/1288/298 885/1238/298 543/993/182 274/996/182
f 1006/933/817 904/1289/1086 1170/1164/1003 213/934/818
f 1170/1164/1003 904/1289/1086 1099/1077/934 114/1042/904
f 1099/1077/934 904/1289/1086 906/1290/1087 130/1078/935
f 906/1290/1087 904/1289/1086 1006/933/817 343/935/819
f 1257/1267/1070 1240/100/100 771/93/99 1266/1266/1069
f 148/846/146 136/749/146 126/748/147 132/847/147
f 471/101/101 1240/100/100 727/1291/464 340/1292/467
f 727/1291/464 1240/100/100 1257/1267/1070 267/158/153
f 1282/103/103 1281/1293/1088 1283/1294/143 285/115/115
f 1283/1294/143 1281/1293/1088 729/501/468 267/502/153
f 729/501/468 1281/1293/1088 1284/236/219 306/237/220
f 1284/236/219 1281/1293/1088 1282/103/103 303/106/106
f 1286/208/184 1285/1295/1089 1287/1296/1090 376/185/175
f 1287/1296/1090 1285/1295/1089 1296/1297/1091 1294/1298/1092
f 1264/1271/1074 1296/1297/1091 1285/1295/1089 1259/1268/1071
f 1259/1268/1071 1285/1295/1089 1286/208/184 268/144/142
f 1290/1299/1093 1289/1300/1094 1293/1301/1095 1295/1302/1096
f 1294/1298/1092 1293/1301/1095 1289/1300/1094 1287/1296/1090
f 1287/1296/1090 1289/1300/1094 1292/182/174 376/185/175
f 1292/182/174 1289/1300/1094 1290/1299/1093 270/198/183
f 1280/1303/1097 1293/1301/1098 1294/1298/1099 373/1304/1100
f 218/1282/142 1328/1276/184 1226/1275/184 269/1305/142
f 1174/1306/183 1159/1307/174 1297/1308/174 289/414/183
f 1295/1302/1101 1293/1301/1098 1280/1303/1097 251/1309/1102
f 1297/1308/174 1159/1307/174 946/1277/175 108/1281/175
f 946/1277/175 1159/1307/174 1177/1310/174 143/1278/175
f 1294/1298/1099 1296/1297/1103 1276/1311/1104 373/1304/1100
f 1276/1311/1104 1296/1297/1103 1264/1271/1079 249/1279/1080
f 324/8/8 1299/1312/1105 1298/1313/1106 231/1160/999
f 1298/1313/1106 1299/1312/1105 416/1287/1085 227/1286/1084
f 888/347/324 887/1314/1107 792/1315/556 348/348/325
f 792/1315/556 887/1314/1107 510/1316/1108 406/1317/557
f 554/1318/348 936/1319/348 938/1320/346 412/1321/346
f 938/1320/346 936/1319/348 884/740/348 408/742/346
f 884/740/348 936/1319/348 940/1322/365 296/746/365
f 940/1322/365 936/1319/348 554/1318/348 278/1323/365
f 830/1324/998 142/1325/1109 145/37/35 160/139/139
f 145/37/35 142/1325/1109 157/1326/1110 243/38/36
f 157/1326/1110 142/1325/1109 509/1327/1111 240/1328/1112
f 509/1327/1111 142/1325/1109 830/1324/998 317/1329/1001
f 725/494/462 1310/1330/1113 766/555/521 146/495/463
f 766/555/521 1310/1330/1113 1311/1331/1114 205/549/518
f 1311/1331/1114 1310/1330/1113 1312/1332/49 283/1333/445
f 1312/1332/49 1310/1330/1113 725/494/462 265/496/50
f 1314/780/386 1313/1334/1115 1315/1335/1116 385/245/226
f 1315/1335/1116 1313/1334/1115 1324/1336/1117 1322/1337/1118
f 1295/1302/1096 1324/1336/1117 1313/1334/1115 1290/1299/1093
f 1290/1299/1093 1313/1334/1115 1314/780/386 270/198/183
f 1318/1338/1119 1317/1339/1120 1321/1340/1121 1323/1341/1122
f 1322/1337/1118 1321/1340/1121 1317/1339/1120 1315/1335/1116
f 1315/1335/1116 1317/1339/1120 1320/242/225 385/245/226
f 1320/242/225 1317/1339/1120 1318/1338/1119 272/667/206
f 1309/1342/1123 1321/1340/1124 1322/1337/1125 382/1343/1126
f 1177/1310/174 1159/1307/174 1174/1306/183 271/1344/183
f 992/1345/765 1301/1346/1127 123/1347/1128 125/1348/587
f 1323/1341/1129 1321/1340/1124 1309/1342/1123 253/1349/1130
f 55/29/27 123/1347/1128 1301/1346/1127 1329/1350/1131
f 1329/1350/1131 1301/1346/1127 46/1351/1132 828/1161/1000
f 1322/1337/1125 1324/1336/1133 1305/1352/1134 382/1343/1126
f 1305/1352/1134 1324/1336/1133 1295/1302/1101 251/1309/1102
f 1338/34/32 52/30/28 1325/1353/1135 1327/854/751
f 1327/854/751 1325/1353/1135 826/1158/997 952/851/749
f 828/1161/1000 826/1158/997 1325/1353/1135 1329/1350/1131
f 1329/1350/1131 1325/1353/1135 52/30/28 55/29/27
f 883/1227/25 953/1354/26 890/747/26 294/658/25
f 890/747/26 953/1354/26 938/1320/346 408/742/346
f 938/1320/346 953/1354/26 526/1355/26 412/1321/346
f 526/1355/26 953/1354/26 883/1227/25 276/1228/25
f 1148/1142/983 159/1356/1136 1201/1211/1035 347/593/553
f 1201/1211/1035 159/1356/1136 186/1357/1137 100/1212/1010
f 186/1357/1137 159/1356/1136 832/1358/1138 188/1359/1053
f 832/1358/1138 159/1356/1136 1148/1142/983 346/820/729
f 1311/1331/1114 245/1360/1139 762/546/515 205/549/518
f 762/546/515 245/1360/1139 246/1361/1140 305/554/512
f 246/1361/1140 245/1360/1139 1013/1362/823 338/1363/821
f 1013/1362/823 245/1360/1139 1311/1331/1114 283/1333/445
f 19/1115/202 18/1364/1141 20/1365/1142 394/976/147
f 20/1365/1142 18/1364/1141 29/1366/1143 27/1367/1144
f 1323/1341/1122 29/1366/1143 18/1364/1141 1318/1338/1119
f 1318/1338/1119 18/1364/1141 19/1115/202 272/667/206
f 23/1368/1145 22/1369/1146 26/1370/1147 28/1371/1148
f 27/1367/1144 26/1370/1147 22/1369/1146 20/1365/1142
f 20/1365/1142 22/1369/1146 25/973/146 394/976/147
f 25/973/146 22/1369/1146 23/1368/1145 274/996/182
f 1/1372/1149 26/1370/1150 27/1367/1151 391/1373/1152
f 966/1374/766 46/1351/1132 1301/1346/1127 992/1345/765
f 472/1375/1153 1330/1376/1154 825/646/601 140/649/571
f 28/1371/1155 26/1370/1150 1/1372/1149 255/1377/1156
f 825/646/601 1330/1376/1154 900/764/685 101/647/602
f 1273/1378/386 479/1379/386 443/1380/226 158/1381/226
f 27/1367/1151 29/1366/1157 1335/1382/1158 391/1373/1152
f 1335/1382/1158 29/1366/1157 1323/1341/1129 253/1349/1130
f 1076/1043/905 30/1383/1159 851/688/624 106/691/627
f 851/688/624 30/1383/1159 31/1384/1160 98/689/625
f 31/1384/1160 30/1383/1159 32/1385/1161 355/1386/760
f 32/1385/1161 30/1383/1159 1076/1043/905 313/1044/906
f 503/32/30 955/1387/1162 123/1388/1128 55/29/27
f 125/1388/587 123/1387/1128 955/1387/1162 959/1389/43
f 959/1389/43 955/1387/1162 723/1390/459 331/1391/44
f 723/1390/459 955/1387/1162 503/32/30 265/52/50
f 1126/1392/1163 206/1393/1164 209/1394/1165 129/1395/1166
f 209/1394/1165 206/1393/1164 212/1241/1054 362/1149/990
f 212/1241/1054 206/1393/1164 736/1396/475 284/940/478
f 736/1396/475 206/1393/1164 1126/1392/1163 266/102/102
f 1010/1397/820 64/1398/1167 246/1399/1140 338/1400/821
f 246/1399/1140 64/1398/1167 758/540/509 305/543/512
f 758/540/509 64/1398/1167 737/511/477 307/514/480
f 737/511/477 64/1398/1167 1010/1397/820 284/512/478
f 70/1288/298 67/1401/1168 73/1402/1169 403/1178/264
f 73/1402/1169 67/1401/1168 455/1403/1170 447/1404/1171
f 28/1371/1148 455/1403/1170 67/1401/1168 23/1368/1145
f 23/1368/1145 67/1401/1168 70/1288/298 274/996/182
f 81/1405/1172 79/1406/1173 445/1407/1174 451/1408/1175
f 447/1404/1171 445/1407/1174 79/1406/1173 73/1402/1169
f 73/1402/1169 79/1406/1173 440/1175/263 403/1178/264
f 440/1175/263 79/1406/1173 81/1405/1172 276/1228/25
f 61/1409/1176 445/1407/1177 447/1404/1178 400/1410/1179
f 443/1380/226 479/1379/386 571/413/386 120/325/226
f 571/413/386 479/1379/386 1174/1306/183 289/414/183
f 451/1408/1180 445/1407/1177 61/1409/1176 257/1411/1181
f 1174/1306/183 479/1379/386 1273/1378/386 271/1344/183
f 1275/1412/206 138/1413/225 1279/324/225 291/367/206
f 447/1404/1178 455/1403/1182 49/1414/1183 400/1410/1179
f 49/1414/1183 455/1403/1182 28/1371/1155 255/1377/1156
f 471/101/101 969/1415/1184 991/1416/1185 803/94/98
f 820/1417/1186 991/1416/1185 969/1415/1184 579/1418/1187
f 1327/854/751 461/853/750 1337/23/23 1338/34/32
f 1278/24/24 1337/23/23 461/853/750 465/454/426
f 492/1419/151 1009/1420/151 1011/1421/150 421/1422/150
f 1011/1421/150 1009/1420/151 903/766/151 392/769/150
f 903/766/151 1009/1420/151 1012/1252/70 298/773/70
f 1012/1252/70 1009/1420/151 492/1419/151 280/1257/70
f 218/1282/142 216/1423/1188 221/1148/989 287/1215/142
f 221/1148/989 216/1423/1188 209/1394/1165 362/1149/990
f 209/1394/1165 216/1423/1188 1044/1424/1189 129/1395/1166
f 1044/1424/1189 216/1423/1188 218/1282/142 269/1305/142
f 1146/1141/982 512/1425/1190 518/1426/1191 235/1136/978
f 518/1426/1191 512/1425/1190 1298/1427/1106 227/1428/1084
f 1298/1427/1106 512/1425/1190 1172/1165/1004 231/1168/999
f 1172/1165/1004 512/1425/1190 1146/1141/982 351/762/683
f 526/1355/26 522/1429/1192 530/1430/1193 412/1321/346
f 530/1430/1193 522/1429/1192 439/1431/1194 562/1432/1195
f 451/1408/1175 439/1431/1194 522/1429/1192 81/1405/1172
f 81/1405/1172 522/1429/1192 526/1355/26 276/1228/25
f 544/1433/1196 539/1434/1197 558/1435/1198 566/1436/1199
f 562/1432/1195 558/1435/1198 539/1434/1197 530/1430/1193
f 530/1430/1193 539/1434/1197 554/1318/348 412/1321/346
f 554/1318/348 539/1434/1197 544/1433/1196 278/1323/365
f 508/1437/1200 558/1435/1201 562/1432/1202 409/1438/1203
f 1279/324/225 138/1413/225 443/1380/226 120/325/226
f 443/1380/226 138/1413/225 1235/1439/225 158/1381/226
f 566/1436/1204 558/1435/1201 508/1437/1200 259/1440/1205
f 1235/1439/225 138/1413/225 1275/1412/206 273/223/206
f 507/1441/1206 46/1351/1132 966/1374/766 335/1442/768
f 562/1432/1202 439/1431/1207 490/1443/1208 409/1438/1203
f 490/1443/1208 439/1431/1207 451/1408/1180 257/1411/1181
f 442/1444/759 441/1445/1209 31/1384/1160 355/1386/760
f 31/1384/1160 441/1445/1209 877/727/662 98/689/625
f 877/727/662 441/1445/1209 1000/922/810 105/728/663
f 1000/922/810 441/1445/1209 442/1444/759 314/926/762
f 940/1322/365 1049/1446/455 942/830/455 296/746/365
f 942/830/455 1049/1446/455 1011/1421/150 392/769/150
f 1011/1421/150 1049/1446/455 480/1447/455 421/1422/150
f 480/1447/455 1049/1446/455 940/1322/365 278/1323/365
f 1234/1448/1210 186/1449/1137 188/1240/1053 318/1239/1052
f 510/1316/1108 887/1314/1107 902/1450/1211 240/1328/1112
f 186/1449/1137 1234/1448/1210 337/1171/1007 100/1174/1010
f 902/1450/1211 887/1314/1107 888/347/324 349/1126/970
f 954/855/752 469/1451/1212 1078/449/421 465/454/426
f 815/450/422 1078/449/421 469/1451/1212 802/611/570
f 802/611/570 469/1451/1212 472/1452/1153 140/612/571
f 472/1452/1153 469/1451/1212 954/855/752 316/856/141
f 480/1447/455 473/1453/1213 482/1454/1214 421/1422/150
f 482/1454/1214 473/1453/1213 501/1455/1215 498/1456/1216
f 566/1436/1199 501/1455/1215 473/1453/1213 544/1433/1196
f 544/1433/1196 473/1453/1213 480/1447/455 278/1323/365
f 489/1457/1217 484/1458/1218 493/1459/1219 500/1460/1220
f 498/1456/1216 493/1459/1219 484/1458/1218 482/1454/1214
f 482/1454/1214 484/1458/1218 492/1419/151 421/1422/150
f 492/1419/151 484/1458/1218 489/1457/1217 280/1257/70
f 464/1461/1221 493/1459/1222 498/1456/1223 418/1462/1224
f 900/764/685 1330/1376/1154 1150/140/140 99/278/257
f 1150/140/140 1330/1376/1154 472/1375/1153 316/141/141
f 500/1460/1225 493/1459/1222 464/1461/1221 261/1463/1226
f 828/1161/1000 46/1351/1132 507/1441/1206 317/1162/1001
f 1129/1464/966 58/1465/1227 463/774/690 390/833/740
f 498/1456/1223 501/1455/1228 454/1466/1229 418/1462/1224
f 454/1466/1229 501/1455/1228 566/1436/1204 259/1440/1205
f 507/1467/1206 502/1468/1230 509/1327/1111 317/1329/1001
f 509/1327/1111 502/1468/1230 510/1316/1108 240/1328/1112
f 510/1316/1108 502/1468/1230 1243/1469/1058 406/1317/557
f 1243/1469/1058 502/1468/1230 507/1467/1206 335/1470/768
f 290/366/206 161/1098/202 128/1471/202 291/367/206
f 128/1471/202 161/1098/202 361/848/147 132/847/147
f 906/1290/1087 356/1472/1231 957/1473/1232 130/1078/935
f 957/1473/1232 356/1472/1231 256/1217/1037 122/775/691
f 902/1450/1211 405/1474/1233 157/1326/1110 240/1328/1112
f 157/1326/1110 405/1474/1233 424/234/217 243/38/36
f 424/234/217 405/1474/1233 1131/1121/967 242/235/218
f 1131/1121/967 405/1474/1233 902/1450/1211 349/1126/970
f 908/778/693 534/1475/1234 1270/1476/1083 219/779/606
f 1270/1476/1083 534/1475/1234 518/1426/1191 227/1428/1084
f 518/1426/1191 534/1475/1234 1140/1133/975 235/1136/978
f 1140/1133/975 534/1475/1234 908/778/693 352/730/665
f 537/1255/1061 536/1477/1235 538/1478/1236 429/1256/1062
f 538/1478/1236 536/1477/1235 561/1479/1237 556/1480/1238
f 500/1460/1220 561/1479/1237 536/1477/1235 489/1457/1217
f 489/1457/1217 536/1477/1235 537/1255/1061 280/1257/70
f 546/1481/1239 545/1482/1240 555/1483/1241 557/1484/1242
f 556/1480/1238 555/1483/1241 545/1482/1240 538/1478/1236
f 538/1478/1236 545/1482/1240 553/1485/1243 429/1256/1062
f 553/1485/1243 545/1482/1240 546/1481/1239 282/1486/474
f 529/1487/1244 555/1483/1245 556/1480/1246 427/1488/1247
f 463/774/690 58/1465/1227 957/1473/1232 122/775/691
f 957/1473/1232 58/1465/1227 1098/1075/932 130/1078/935
f 557/1484/1248 555/1483/1245 529/1487/1244 263/1489/1249
f 1098/1075/932 58/1465/1227 1129/1464/966 312/1080/937
f 40/219/202 116/1490/202 126/748/147 208/150/147
f 556/1480/1246 561/1479/1250 525/1491/1251 427/1488/1247
f 525/1491/1251 561/1479/1250 500/1460/1225 261/1463/1226
f 32/1492/1161 563/520/485 564/522/487 355/865/760
f 579/1418/1187 969/1415/1184 845/1493/615 339/1494/618
f 845/1493/615 969/1415/1184 471/101/101 340/1292/467
f 1228/521/486 563/520/485 32/1492/1161 313/1243/906
f 553/1485/1243 1079/1495/1252 1180/1254/1060 429/1256/1062
f 1180/1254/1060 1079/1495/1252 956/857/753 381/858/754
f 956/857/753 1079/1495/1252 731/1496/469 300/863/472
f 731/1496/469 1079/1495/1252 553/1485/1243 282/1486/474
f 1252/1497/1064 578/1498/1253 579/1499/1187 339/1500/618
f 579/1499/1187 578/1498/1253 818/1501/1254 820/1502/1186
f 557/1484/1242 818/1501/1254 578/1498/1253 546/1481/1239
f 546/1481/1239 578/1498/1253 1252/1497/1064 282/1486/474
f 1014/1503/822 210/1504/1255 354/1505/107 327/1506/114
f 354/1505/107 210/1504/1255 816/169/162 301/171/108
f 816/169/162 210/1504/1255 732/505/471 229/170/163
f 732/505/471 210/1504/1255 1014/1503/822 300/506/472
f 1230/1507/1256 818/1501/1257 557/1484/1248 263/1489/1249
f 126/748/147 116/1490/202 128/1471/202 132/847/147
f 128/1471/202 116/1490/202 1275/1412/206 291/367/206
f 820/1502/1258 818/1501/1257 1230/1507/1256 342/1508/1259
f 832/1358/1138 831/1509/1260 1225/1510/1051 188/1359/1053
f 1225/1510/1051 831/1509/1260 834/211/194 178/214/197
f 834/211/194 831/1509/1260 932/816/725 184/212/195
f 932/816/725 831/1509/1260 832/1358/1138 346/820/729
f 139/1511/1261 991/1416/1262 820/1417/1258 342/1512/1259
f 866/633/588 863/695/631 1113/1513/1263 1047/1514/1264
f 1123/76/74 1113/1513/1263 863/695/631 948/73/71
f 1275/1412/206 116/1490/202 40/219/202 273/223/206
f 981/641/596 978/634/589 1034/1515/1265 1111/1516/1266
f 1047/1514/1264 1034/1515/1265 978/634/589 866/633/588
f 141/750/182 136/749/146 148/846/146 293/670/182
f 803/94/92 991/1416/1262 139/1511/1261 341/95/93
f 1044/1424/1189 1034/1515/1265 1047/1514/1264 129/1395/1166
f 256/1217/1037 356/1472/1231 1088/1058/920 204/1022/887
f 1088/1058/920 356/1472/1231 906/1290/1087 343/935/819
f 1111/1516/1266 1034/1515/1265 1044/1424/1189 269/1305/142
f 1024/1517/831 358/1518/1267 364/207/191 410/287/266
f 364/207/191 358/1518/1267 369/61/59 387/64/62
f 1047/1514/1264 1113/1513/1263 1126/1392/1163 129/1395/1166
f 1126/1392/1163 1113/1513/1263 1123/76/74 266/102/102
f 428/186/174 1297/1308/174 108/1281/175 388/187/175
f 1157/821/730 1156/877/772 1223/1519/1268 1211/1520/1269
f 1111/1516/1266 1223/1519/1268 1156/877/772 981/641/596
f 258/59/57 254/1216/1036 1063/1021/886 344/89/87
f 1168/829/738 1165/822/731 1175/1521/1270 1213/1522/1271
f 1211/1520/1269 1175/1521/1270 1165/822/731 1157/821/730
f 1297/1308/174 428/186/174 288/197/183 289/414/183
f 888/347/324 260/346/323 1133/1124/969 349/1126/970
f 1177/1310/174 1175/1521/1270 1211/1520/1269 143/1278/175
f 369/61/59 358/1518/1267 154/770/687 396/62/60
f 154/770/687 358/1518/1267 1024/1517/831 311/834/741
f 1213/1522/1271 1175/1521/1270 1177/1310/174 271/1344/183
f 1336/484/455 370/1523/455 374/153/150 194/156/150
f 374/153/150 370/1523/455 941/831/455 168/768/150
f 1211/1520/1269 1223/1519/1268 1226/1275/184 143/1278/175
f 1226/1275/184 1223/1519/1268 1111/1516/1266 269/1305/142
f 286/143/142 970/200/184 1032/1280/184 287/1215/142
f 1269/997/864 1267/1047/909 1272/1524/1272 1236/1525/1273
f 1213/1522/1271 1272/1524/1272 1267/1047/909 1168/829/738
f 1032/1280/184 970/200/184 388/187/175 108/1281/175
f 1007/20/20 960/998/865 1233/1526/1274 1271/17/17
f 1236/1525/1273 1233/1526/1274 960/998/865 1269/997/864
f 1133/1124/969 260/346/323 170/1527/756 241/1125/671
f 170/1527/756 260/346/323 1200/345/322 357/1528/757
f 1235/1439/225 1233/1526/1274 1236/1525/1273 158/1381/226
f 941/831/455 370/1523/455 333/743/365 297/745/365
f 333/743/365 370/1523/455 1336/484/455 279/391/365
f 1271/17/17 1233/1526/1274 1235/1439/225 273/223/206
f 383/194/70 379/154/151 905/767/151 299/456/70
f 905/767/151 379/154/151 374/153/150 168/768/150
f 1236/1525/1273 1272/1524/1272 1273/1378/386 158/1381/226
f 1273/1378/386 1272/1524/1272 1213/1522/1271 271/1344/183
f 1150/140/140 1143/36/34 1152/35/33 99/278/257
f 1300/97/95 1274/19/19 37/18/18 1333/96/94
f 449/41/39 590/260/239 588/2/2 591/1/1
f 449/41/39 602/281/260 603/283/262 590/260/239
f 602/281/260 600/280/259 601/279/258 603/283/262
f 614/303/282 612/302/281 615/304/283 602/281/260
f 612/302/281 613/301/280 615/304/283
f 624/321/300 627/323/302 614/303/282 626/322/301
f 624/321/300 625/320/299 627/323/302
f 636/343/320 639/349/326 626/322/301 638/344/321
f 636/343/320 637/342/319 639/349/326
f 651/373/347 638/344/321 626/322/301 650/370/345
f 650/370/345 648/369/344 649/368/343 651/373/347
f 662/390/364 660/389/363 663/392/366 650/370/345
f 660/389/363 661/388/362 663/392/366
f 672/409/383 675/411/385 662/390/364 674/410/384
f 672/409/383 673/408/382 675/411/385
f 684/432/404 687/434/406 674/410/384 686/433/405
f 684/432/404 685/431/403 687/434/406
f 699/455/427 686/433/405 674/410/384 698/453/425
f 698/453/425 696/452/424 697/451/423 699/455/427
f 710/471/442 708/470/441 711/472/443 698/453/425
f 708/470/441 709/469/440 711/472/443
f 719/486/457 721/487/458 710/471/442 550/188/176
f 719/486/457 720/485/456 721/487/458
f 559/205/189 549/189/177 550/188/176 514/132/132
f 559/205/189 552/192/180 549/189/177
f 513/133/133 514/132/132 550/188/176 476/79/77
f 476/79/77 523/151/148 516/136/136 513/133/133
f 435/11/11 486/98/96 475/80/78 476/79/77
f 486/98/96 478/83/81 475/80/78
f 446/39/37 434/12/12 435/11/11 449/41/39
f 446/39/37 437/15/15 434/12/12
f 650/370/345 626/322/301 614/303/282 602/281/260
f 476/79/77 698/453/425 650/370/345 602/281/260
f 435/11/11 476/79/77 602/281/260 449/41/39
f 698/453/425 674/410/384 662/390/364 650/370/345
f 476/79/77 550/188/176 710/471/442 698/453/425
f 249/1529/1080 1250/1530/1075 363/4/4
f 1276/1531/1104 249/1529/1080 363/4/4 373/1532/1100
f 251/1533/1102 1280/1534/1097 373/1532/1100
f 382/1535/1126 1305/1536/1134 251/1533/1102
f 253/1537/1130 1309/1538/1123 382/1535/1126
f 1335/1539/1158 253/1537/1130 382/1535/1126 391/1540/1152
f 255/1541/1156 1/1542/1149 391/1540/1152
f 49/1543/1183 255/1541/1156 391/1540/1152 400/1544/1179
f 409/1545/1203 257/1546/1181 61/1547/1176 400/1544/1179
f 409/1545/1203 490/1548/1208 257/1546/1181
f 418/1549/1224 259/1550/1205 508/1551/1200 409/1545/1203
f 418/1549/1224 454/1552/1229 259/1550/1205
f 427/1553/1247 261/1554/1226 464/1555/1221 418/1549/1224
f 427/1553/1247 525/1556/1251 261/1554/1226
f 342/1557/1259 263/1558/1249 529/1559/1244 427/1553/1247
f 342/1557/1259 1230/1560/1256 263/1558/1249
f 341/1561/93 139/1562/1261 342/1557/1259
f 127/1563/90 341/1561/93 247/6/6
f 342/1557/1259 363/4/4 247/6/6 341/1561/93
f 418/1549/1224 363/4/4 342/1557/1259 427/1553/1247
f 391/1540/1152 373/1532/1100 363/4/4 418/1549/1224
f 391/1540/1152 382/1535/1126 251/1533/1102 373/1532/1100
f 418/1549/1224 409/1545/1203 400/1544/1179 391/1540/1152
f 416/1287/1085 1299/1312/1105 324/8/8
f 1268/1284/1082 416/1287/1085 324/8/8 323/660/603
f 407/664/607 835/661/604 323/660/603
f 864/706/644 407/664/607 323/660/603 322/709/646
f 398/843/746 949/841/744 322/709/646
f 321/894/789 979/888/785 398/843/746
f 320/994/862 389/971/846 1035/969/844 321/894/789
f 320/994/862 1045/991/860 389/971/846
f 319/1116/964 380/1095/950 1114/1093/948 320/994/862
f 319/1116/964 1124/1113/962 380/1095/950
f 371/1225/1044 1214/1223/1043 319/1116/964
f 318/1239/1052 1224/1236/1050 371/1225/1044
f 337/1171/1007 1234/1448/1210 318/1239/1052
f 336/862/758 1178/1172/1008 337/1171/1007
f 326/733/668 965/859/755 336/862/758
f 432/737/672 570/734/669 326/733/668
f 325/7/7 577/910/803 432/737/672
f 1160/1150/991 325/7/7 425/10/10
f 325/7/7 319/1116/964 320/994/862 324/8/8
f 320/994/862 322/709/646 323/660/603 324/8/8
f 320/994/862 321/894/789 398/843/746 322/709/646
f 318/1239/1052 371/1225/1044 319/1116/964 337/1171/1007
f 336/862/758 337/1171/1007 319/1116/964 325/7/7
f 325/7/7 432/737/672 326/733/668 336/862/758
